UDI,Product_ID,Type,Air_temperature_K,Process_temperature_K,Rotational_speed_rpm,Torque_Nm,Tool_wear_min,TWF,HDF,PWF,OSF,RNF,Machine_failure,Failure_mode
1,M47000,M,296.23,307.43,1388,46.02,48.0,0,0,0,0,0,0,No_Failure
2,L47001,L,302.26,312.61,1413,24.57,187.9,0,0,0,0,0,0,No_Failure
3,H47002,H,302.37,312.27,1254,45.43,170.7,0,0,0,0,0,0,No_Failure
4,M47003,M,299.05,310.79,1493,38.98,61.8,0,0,0,0,0,0,No_Failure
5,L47004,L,301.04,311.06,1452,40.97,77.8,0,0,0,0,0,0,No_Failure
6,H47005,H,299.57,310.51,1828,49.59,106.1,0,0,1,0,0,1,PWF
7,M47006,M,300.48,312.44,1655,31.79,170.5,0,0,0,0,0,0,No_Failure
8,M47007,M,297.71,308.54,1407,39.75,240.7,0,0,0,0,0,0,No_Failure
9,L47008,L,301.24,310.25,1200,43.03,251.7,0,0,0,0,0,0,No_Failure
10,L47009,L,296.72,305.48,1089,37.01,174.4,0,0,0,0,0,0,No_Failure
11,L47010,L,296.34,306.04,1315,47.17,104.3,0,0,0,0,0,0,No_Failure
12,H47011,H,299.76,310.47,1260,43.3,17.3,0,0,0,0,0,0,No_Failure
13,M47012,M,299.58,310.02,1563,34.2,150.0,0,0,0,0,0,0,No_Failure
14,H47013,H,300.54,312.75,1474,52.61,121.9,0,0,0,0,0,0,No_Failure
15,L47014,L,298.7,309.14,1503,45.62,169.7,0,0,0,0,0,0,No_Failure
16,L47015,L,303.77,313.44,1329,31.57,244.0,0,0,1,0,0,1,PWF
17,M47016,M,300.32,309.19,1527,31.47,42.2,0,0,0,0,0,0,No_Failure
18,L47017,L,300.47,311.65,1244,37.8,93.8,0,0,0,0,0,0,No_Failure
19,H47018,H,300.39,310.39,1484,44.47,145.8,0,0,0,0,0,0,No_Failure
20,M47019,M,302.01,310.5,1649,17.87,88.7,0,0,0,0,0,0,No_Failure
21,M47020,M,301.15,311.17,1434,31.99,44.5,0,0,0,0,0,0,No_Failure
22,L47021,L,300.88,309.89,1580,34.23,151.4,0,0,0,0,0,0,No_Failure
23,H47022,H,301.47,311.05,1144,25.62,10.0,0,0,1,0,0,1,PWF
24,H47023,H,296.35,306.36,1130,29.78,95.4,0,0,0,0,0,0,No_Failure
25,M47024,M,296.43,305.52,1559,41.37,246.1,0,0,0,0,0,0,No_Failure
26,L47025,L,299.85,309.36,1688,35.11,121.0,0,0,0,0,0,0,No_Failure
27,L47026,L,299.6,308.86,1457,35.9,25.7,0,0,0,0,0,0,No_Failure
28,L47027,L,301.16,310.44,1886,26.21,211.1,0,0,0,0,0,0,No_Failure
29,L47028,L,300.04,309.03,1240,37.86,45.3,0,0,0,0,0,0,No_Failure
30,M47029,M,301.16,310.68,1378,24.96,63.5,0,0,0,0,0,0,No_Failure
31,M47030,M,297.51,306.61,1525,54.59,243.5,0,0,0,0,0,0,No_Failure
32,H47031,H,299.98,310.57,1584,57.43,196.1,0,0,1,0,0,1,PWF
33,L47032,L,297.32,307.52,1395,35.27,81.4,0,0,0,0,0,0,No_Failure
34,L47033,L,300.77,311.97,1309,28.78,163.8,0,0,0,0,0,0,No_Failure
35,L47034,L,296.24,308.13,1612,48.55,123.4,0,0,0,0,0,0,No_Failure
36,L47035,L,300.7,311.37,1524,45.92,225.8,1,0,0,0,0,1,TWF
37,L47036,L,297.06,307.51,1438,58.75,141.8,0,0,0,0,0,0,No_Failure
38,L47037,L,299.23,309.97,1590,61.41,167.2,0,0,1,0,0,1,PWF
39,L47038,L,301.79,312.26,1475,19.73,37.7,0,0,0,0,0,0,No_Failure
40,M47039,M,300.45,310.5,1475,51.59,63.2,0,0,0,0,0,0,No_Failure
41,L47040,L,296.71,306.68,1468,37.77,6.7,0,0,0,0,0,0,No_Failure
42,H47041,H,298.66,307.63,1352,45.49,148.8,0,0,0,0,0,0,No_Failure
43,M47042,M,297.0,307.84,1334,47.78,142.3,0,0,0,0,0,0,No_Failure
44,L47043,L,296.61,306.58,1405,47.36,77.9,0,0,0,0,0,0,No_Failure
45,H47044,H,300.24,311.68,1506,50.0,58.7,0,0,0,0,0,0,No_Failure
46,H47045,H,301.12,312.04,1163,34.4,114.6,0,0,0,0,0,0,No_Failure
47,L47046,L,300.88,310.26,1670,30.47,26.3,0,0,0,0,0,0,No_Failure
48,L47047,L,301.21,312.45,1503,51.87,215.8,0,0,0,0,0,0,No_Failure
49,M47048,M,299.98,307.42,1308,31.28,210.5,0,0,0,0,0,0,No_Failure
50,L47049,L,299.45,311.38,1791,58.61,150.8,0,0,1,0,0,1,PWF
51,L47050,L,297.85,306.52,1508,32.36,228.1,0,0,0,0,0,0,No_Failure
52,L47051,L,299.12,309.61,1260,36.19,155.2,0,0,0,0,0,0,No_Failure
53,M47052,M,297.36,307.78,1783,38.1,124.2,0,0,0,0,0,0,No_Failure
54,M47053,M,298.31,309.43,1744,24.59,151.8,0,0,0,0,0,0,No_Failure
55,M47054,M,300.18,309.85,1336,24.62,21.6,0,0,1,0,0,1,PWF
56,M47055,M,299.76,307.62,1442,49.12,55.0,0,0,0,0,0,0,No_Failure
57,L47056,L,306.13,315.8,1418,22.8,141.3,0,0,0,0,0,0,No_Failure
58,M47057,M,297.31,307.09,1160,65.2,28.4,0,0,0,0,0,0,No_Failure
59,L47058,L,299.75,307.7,1558,39.06,204.8,0,0,0,0,0,0,No_Failure
60,L47059,L,297.15,307.2,1652,29.71,43.1,0,0,0,0,0,0,No_Failure
61,M47060,M,299.22,308.15,1618,44.2,105.9,0,0,0,0,0,0,No_Failure
62,L47061,L,299.31,309.95,1506,15.38,122.6,0,0,0,0,0,0,No_Failure
63,M47062,M,301.69,311.44,1670,36.66,40.0,0,0,0,0,0,0,No_Failure
64,M47063,M,299.1,311.06,1296,37.95,61.3,0,0,0,0,0,0,No_Failure
65,M47064,M,299.62,309.36,1827,27.34,122.6,0,0,0,0,0,0,No_Failure
66,M47065,M,299.14,309.57,1361,33.68,27.0,0,0,0,0,0,0,No_Failure
67,M47066,M,297.2,306.98,1381,55.26,47.4,0,0,0,0,0,0,No_Failure
68,L47067,L,298.7,307.07,1396,41.83,5.9,0,0,0,0,0,0,No_Failure
69,L47068,L,299.24,309.03,1383,43.99,128.1,0,0,0,0,0,0,No_Failure
70,L47069,L,300.15,310.9,1465,32.13,208.0,0,0,0,0,0,0,No_Failure
71,L47070,L,301.12,311.72,1458,26.77,205.1,0,0,0,0,0,0,No_Failure
72,L47071,L,299.53,309.24,1523,37.59,89.8,0,0,0,0,0,0,No_Failure
73,H47072,H,299.5,308.04,1353,15.42,173.9,0,0,1,0,0,1,PWF
74,L47073,L,296.56,307.2,1530,29.03,250.4,0,0,0,0,0,0,No_Failure
75,L47074,L,301.08,311.5,1304,27.48,107.1,0,0,0,0,0,0,No_Failure
76,L47075,L,298.61,309.45,1632,19.61,231.2,1,0,0,0,0,1,TWF
77,L47076,L,301.49,311.22,1630,46.49,197.0,0,0,0,0,0,0,No_Failure
78,M47077,M,302.63,310.95,1499,38.69,44.7,0,0,0,0,0,0,No_Failure
79,M47078,M,299.62,310.16,1383,33.8,112.4,0,0,0,0,0,0,No_Failure
80,M47079,M,297.95,307.94,1556,46.71,235.5,1,0,0,0,0,1,TWF
81,M47080,M,299.97,311.36,1340,23.56,42.4,0,0,0,0,0,0,No_Failure
82,L47081,L,300.7,310.73,1506,26.56,14.6,0,0,0,0,0,0,No_Failure
83,H47082,H,299.37,309.32,1473,51.17,67.6,0,0,0,0,0,0,No_Failure
84,L47083,L,298.87,309.29,1973,62.81,1.2,0,0,0,0,0,0,No_Failure
85,L47084,L,301.13,310.53,1279,46.84,32.2,0,0,0,0,0,0,No_Failure
86,L47085,L,301.0,310.35,1020,44.72,107.8,0,0,0,0,0,0,No_Failure
87,M47086,M,299.31,309.21,1385,34.18,193.4,0,0,0,0,0,0,No_Failure
88,L47087,L,296.69,305.77,1191,34.41,54.1,0,0,0,0,0,0,No_Failure
89,L47088,L,300.91,310.68,1369,42.27,215.0,0,0,0,0,0,0,No_Failure
90,M47089,M,298.47,310.4,1266,53.73,249.9,0,0,0,0,0,0,No_Failure
91,L47090,L,300.43,311.47,1337,44.27,117.4,0,0,0,0,0,0,No_Failure
92,M47091,M,300.3,310.61,1308,49.58,251.0,0,0,0,0,0,0,No_Failure
93,L47092,L,296.22,307.77,1673,30.84,146.2,0,0,0,0,0,0,No_Failure
94,L47093,L,300.16,309.34,1491,46.17,15.2,0,0,0,0,0,0,No_Failure
95,L47094,L,301.03,313.52,1694,33.29,28.0,0,0,0,0,0,0,No_Failure
96,M47095,M,301.27,310.81,1507,41.4,129.8,0,0,0,0,0,0,No_Failure
97,L47096,L,300.23,312.24,1667,46.16,233.2,0,0,0,0,0,0,No_Failure
98,L47097,L,296.05,308.05,1446,34.69,24.9,0,0,0,0,0,0,No_Failure
99,L47098,L,302.55,310.8,1787,29.83,144.6,0,0,0,0,0,0,No_Failure
100,H47099,H,300.82,312.29,1585,43.63,205.2,0,0,0,0,0,0,No_Failure
101,H47100,H,297.59,307.31,1360,38.65,248.7,0,0,0,0,0,0,No_Failure
102,M47101,M,298.42,307.86,1611,41.36,229.7,0,0,0,0,0,0,No_Failure
103,L47102,L,300.46,310.99,1505,46.57,26.8,0,0,0,0,0,0,No_Failure
104,H47103,H,301.36,310.35,1464,53.07,19.4,0,0,0,0,0,0,No_Failure
105,M47104,M,299.02,309.53,1517,46.63,51.9,0,0,0,0,0,0,No_Failure
106,M47105,M,301.65,310.71,1635,45.32,70.8,0,0,0,0,0,0,No_Failure
107,L47106,L,296.41,306.59,1119,35.0,219.0,0,0,0,0,0,0,No_Failure
108,L47107,L,297.92,309.25,1437,36.53,163.2,0,0,0,0,0,0,No_Failure
109,L47108,L,295.87,306.26,1623,44.55,238.4,0,0,0,0,0,0,No_Failure
110,H47109,H,298.21,307.85,1545,36.37,106.0,0,0,0,0,0,0,No_Failure
111,L47110,L,303.02,313.56,1297,44.5,103.8,0,0,0,0,0,0,No_Failure
112,L47111,L,304.12,312.71,1074,31.84,70.7,0,0,0,0,0,0,No_Failure
113,L47112,L,300.47,309.63,1806,59.29,110.7,0,0,0,0,0,0,No_Failure
114,M47113,M,298.72,308.29,1466,41.94,200.1,0,0,0,0,0,0,No_Failure
115,L47114,L,299.56,310.34,1773,41.28,176.3,0,0,0,0,0,0,No_Failure
116,H47115,H,300.95,311.35,1643,35.17,199.8,0,0,0,0,0,0,No_Failure
117,M47116,M,296.87,307.41,1357,59.13,210.2,0,0,0,0,0,0,No_Failure
118,M47117,M,298.86,308.83,1050,27.47,1.1,0,0,0,0,0,0,No_Failure
119,L47118,L,302.87,312.08,1417,32.97,60.0,0,0,0,0,0,0,No_Failure
120,M47119,M,297.91,309.4,1493,48.54,165.5,0,0,0,0,0,0,No_Failure
121,M47120,M,298.5,307.8,1581,42.4,112.9,0,0,0,0,0,0,No_Failure
122,M47121,M,300.03,310.45,1300,34.23,29.7,0,0,0,0,0,0,No_Failure
123,L47122,L,300.57,310.45,1532,34.52,16.4,0,0,0,0,0,0,No_Failure
124,L47123,L,298.75,309.31,1532,37.09,238.7,1,0,0,0,0,1,TWF
125,L47124,L,300.15,309.55,1677,41.02,214.7,0,0,0,0,0,0,No_Failure
126,L47125,L,301.22,312.27,1445,55.54,80.7,0,0,0,0,0,0,No_Failure
127,L47126,L,303.92,315.3,1580,46.05,161.7,0,0,0,0,0,0,No_Failure
128,L47127,L,299.75,310.74,1552,50.23,37.1,0,0,0,0,0,0,No_Failure
129,L47128,L,299.92,310.08,1658,35.66,34.1,0,0,0,0,0,0,No_Failure
130,M47129,M,303.05,312.62,1352,45.16,84.4,0,0,0,0,0,0,No_Failure
131,L47130,L,298.9,311.72,947,24.45,71.2,0,0,0,0,0,0,No_Failure
132,H47131,H,297.35,306.36,1457,41.82,247.8,0,0,0,0,0,0,No_Failure
133,M47132,M,300.5,311.38,1458,41.18,6.2,0,0,0,0,0,0,No_Failure
134,L47133,L,302.15,312.49,1292,58.21,138.5,0,0,0,0,0,0,No_Failure
135,M47134,M,300.72,310.66,1229,55.58,216.1,0,0,0,0,0,0,No_Failure
136,L47135,L,299.81,309.99,1397,37.42,6.6,0,0,0,0,0,0,No_Failure
137,H47136,H,297.1,306.59,1479,31.83,140.1,0,0,0,0,0,0,No_Failure
138,L47137,L,299.88,310.31,1517,32.1,96.1,0,1,0,0,0,1,HDF
139,M47138,M,302.47,312.78,1089,37.05,54.6,0,0,0,0,0,0,No_Failure
140,L47139,L,297.53,310.21,1184,53.02,59.5,0,0,0,0,0,0,No_Failure
141,L47140,L,299.51,310.58,1703,44.15,206.1,0,0,0,0,0,0,No_Failure
142,L47141,L,299.23,309.74,1466,45.18,117.5,0,0,0,0,0,0,No_Failure
143,H47142,H,298.6,309.18,1500,48.11,11.6,0,0,0,0,0,0,No_Failure
144,M47143,M,300.5,312.34,1260,30.06,103.4,0,0,0,0,0,0,No_Failure
145,L47144,L,300.89,309.92,1499,32.91,206.6,0,0,0,0,0,0,No_Failure
146,L47145,L,300.87,310.68,1432,45.2,174.4,0,0,0,0,0,0,No_Failure
147,L47146,L,298.05,306.14,1389,32.21,241.6,1,0,0,0,0,1,TWF
148,M47147,M,296.71,307.27,1237,24.74,195.6,0,0,1,0,0,1,PWF
149,L47148,L,300.52,311.37,1344,29.17,43.2,0,0,0,0,0,0,No_Failure
150,L47149,L,298.99,307.99,1855,50.54,16.9,0,0,1,0,0,1,PWF
151,H47150,H,303.68,315.11,1437,36.26,117.0,0,0,0,0,0,0,No_Failure
152,H47151,H,303.77,313.05,1642,42.26,112.5,0,0,0,0,0,0,No_Failure
153,L47152,L,303.98,313.64,1465,29.67,138.6,0,0,0,0,0,0,No_Failure
154,M47153,M,298.12,308.24,1444,43.79,169.9,0,0,0,0,0,0,No_Failure
155,L47154,L,301.14,312.73,1386,37.3,64.3,0,0,0,0,0,0,No_Failure
156,M47155,M,301.74,310.88,1742,44.46,250.0,0,0,0,0,0,0,No_Failure
157,L47156,L,301.52,311.81,1567,35.22,125.2,0,0,0,0,0,0,No_Failure
158,M47157,M,299.29,310.07,1358,45.04,180.9,0,0,0,0,0,0,No_Failure
159,M47158,M,302.56,313.13,1429,34.73,103.3,0,0,0,0,0,0,No_Failure
160,M47159,M,300.0,310.61,1694,39.2,173.2,0,0,0,0,0,0,No_Failure
161,L47160,L,300.26,311.02,989,37.28,248.8,1,0,0,0,0,1,TWF
162,H47161,H,296.92,306.37,1556,40.26,38.9,0,0,0,0,0,0,No_Failure
163,L47162,L,301.29,312.98,1597,42.79,110.3,0,0,0,0,0,0,No_Failure
164,L47163,L,299.48,309.37,1365,35.05,176.3,0,0,0,0,0,0,No_Failure
165,M47164,M,300.93,310.69,1528,38.8,216.8,0,0,0,0,0,0,No_Failure
166,L47165,L,300.47,311.82,1590,41.86,161.2,0,0,0,0,0,0,No_Failure
167,H47166,H,300.36,309.73,1278,45.08,58.5,0,0,0,0,0,0,No_Failure
168,H47167,H,299.91,310.23,1652,39.24,163.2,0,0,0,0,0,0,No_Failure
169,L47168,L,301.57,310.85,1554,31.13,157.6,0,0,0,0,0,0,No_Failure
170,H47169,H,299.6,312.12,1472,40.86,11.0,0,0,0,0,0,0,No_Failure
171,L47170,L,297.09,309.4,1519,46.7,153.5,0,0,0,0,0,0,No_Failure
172,M47171,M,301.14,311.03,1627,26.67,134.7,0,0,0,0,0,0,No_Failure
173,L47172,L,298.38,308.9,1917,26.79,73.2,0,0,0,0,0,0,No_Failure
174,H47173,H,297.35,307.36,1610,33.38,60.4,0,0,0,0,0,0,No_Failure
175,L47174,L,297.96,307.61,1646,38.08,194.3,0,0,0,0,0,0,No_Failure
176,L47175,L,300.57,310.69,1535,18.03,16.4,0,0,1,0,0,1,PWF
177,L47176,L,299.81,309.77,1842,45.74,72.0,0,0,0,0,0,0,No_Failure
178,H47177,H,295.73,304.21,1236,38.17,177.4,0,0,0,0,0,0,No_Failure
179,H47178,H,299.23,309.5,1187,16.49,52.9,0,0,0,0,0,0,No_Failure
180,M47179,M,302.34,312.3,1528,28.87,29.8,0,0,0,0,0,0,No_Failure
181,H47180,H,299.1,309.41,1619,36.99,248.7,1,0,0,0,0,1,TWF
182,H47181,H,299.67,309.59,1037,22.27,143.1,0,0,0,0,0,0,No_Failure
183,M47182,M,302.09,311.73,1499,49.7,68.0,0,0,0,0,0,0,No_Failure
184,L47183,L,301.59,312.47,1468,41.87,39.0,0,0,0,0,0,0,No_Failure
185,M47184,M,302.04,312.58,1634,46.78,1.8,0,0,0,0,0,0,No_Failure
186,M47185,M,294.45,305.85,1577,29.71,189.7,0,0,0,0,0,0,No_Failure
187,L47186,L,303.47,313.96,1175,44.11,90.4,0,0,0,0,0,0,No_Failure
188,L47187,L,301.27,311.08,1306,33.39,49.2,0,0,0,0,0,0,No_Failure
189,M47188,M,304.92,315.54,1355,38.08,228.6,0,0,0,0,0,0,No_Failure
190,L47189,L,298.44,306.45,1633,43.53,176.2,0,0,0,0,0,0,No_Failure
191,H47190,H,296.47,308.58,1567,39.3,205.0,0,0,0,0,0,0,No_Failure
192,L47191,L,300.01,310.29,1388,48.08,165.9,0,0,0,0,0,0,No_Failure
193,L47192,L,299.45,311.63,1526,41.39,231.9,0,0,0,0,0,0,No_Failure
194,H47193,H,301.31,310.44,1310,35.37,87.1,0,0,0,0,0,0,No_Failure
195,L47194,L,302.15,311.03,1869,48.43,39.6,0,0,0,0,0,0,No_Failure
196,L47195,L,299.83,310.19,1603,50.54,1.7,0,0,0,0,0,0,No_Failure
197,M47196,M,299.52,309.88,1642,40.88,8.6,0,0,0,0,0,0,No_Failure
198,H47197,H,301.05,311.38,1748,53.36,216.0,0,0,0,0,0,0,No_Failure
199,L47198,L,299.49,309.67,1683,37.65,155.6,0,0,0,0,0,0,No_Failure
200,L47199,L,299.32,308.69,1506,38.72,11.5,0,0,0,0,0,0,No_Failure
201,M47200,M,302.07,310.59,1467,40.04,27.0,0,0,0,0,0,0,No_Failure
202,H47201,H,302.52,312.8,1732,38.7,176.2,0,0,0,0,0,0,No_Failure
203,M47202,M,302.17,310.89,1505,36.89,97.4,0,0,0,0,0,0,No_Failure
204,L47203,L,299.66,308.29,1365,32.85,195.9,0,0,0,0,0,0,No_Failure
205,L47204,L,295.72,305.34,1854,30.06,236.9,0,0,0,0,0,0,No_Failure
206,L47205,L,299.7,310.13,1332,41.11,191.3,0,1,0,0,0,1,HDF
207,L47206,L,298.48,310.47,1188,51.98,45.9,0,0,0,0,0,0,No_Failure
208,M47207,M,299.74,310.72,1679,48.14,164.4,0,0,0,0,0,0,No_Failure
209,L47208,L,298.66,310.09,1368,43.88,150.6,0,0,0,0,0,0,No_Failure
210,M47209,M,299.96,310.61,1578,52.49,214.5,0,0,0,0,0,0,No_Failure
211,M47210,M,297.92,308.29,1827,40.19,50.7,0,0,0,0,0,0,No_Failure
212,M47211,M,297.44,309.94,1253,30.11,181.9,0,0,0,0,0,0,No_Failure
213,L47212,L,302.45,311.12,1493,36.51,151.7,0,0,0,0,0,0,No_Failure
214,H47213,H,298.06,307.65,1767,39.39,120.8,0,0,0,0,0,0,No_Failure
215,M47214,M,300.0,309.67,1623,34.88,73.6,0,0,0,0,0,0,No_Failure
216,M47215,M,301.91,312.8,1468,46.1,6.6,0,0,0,0,0,0,No_Failure
217,L47216,L,301.83,310.85,1930,49.36,203.8,0,0,0,0,0,0,No_Failure
218,L47217,L,301.59,312.35,1483,22.68,27.2,0,0,0,0,0,0,No_Failure
219,H47218,H,300.61,311.19,1571,38.55,95.5,0,0,0,0,0,0,No_Failure
220,L47219,L,301.45,312.26,1797,10.97,125.5,0,0,0,0,0,0,No_Failure
221,L47220,L,302.75,313.54,1677,39.08,83.4,0,0,0,0,0,0,No_Failure
222,L47221,L,300.85,312.39,1738,38.97,167.6,0,0,0,0,0,0,No_Failure
223,M47222,M,296.33,306.28,1338,57.76,83.1,0,0,0,0,0,0,No_Failure
224,H47223,H,298.94,309.47,1721,54.76,130.6,0,0,0,0,0,0,No_Failure
225,L47224,L,301.39,310.66,1531,49.32,24.1,0,0,0,0,0,0,No_Failure
226,H47225,H,298.75,307.78,1366,30.4,109.9,0,0,0,0,0,0,No_Failure
227,L47226,L,303.24,315.01,1540,29.82,147.5,0,0,0,0,0,0,No_Failure
228,M47227,M,299.87,309.06,1534,29.04,218.0,0,0,0,0,0,0,No_Failure
229,M47228,M,300.17,310.81,1836,55.27,45.9,0,0,1,0,0,1,PWF
230,L47229,L,302.25,312.78,1569,30.9,85.7,0,0,0,0,0,0,No_Failure
231,L47230,L,299.63,310.81,1359,36.14,65.6,0,0,0,0,0,0,No_Failure
232,L47231,L,300.35,308.69,1318,31.0,38.6,0,1,0,0,0,1,HDF
233,H47232,H,301.8,312.69,1491,27.42,97.6,0,0,0,0,0,0,No_Failure
234,M47233,M,297.06,307.0,1258,43.33,229.8,1,0,0,0,0,1,TWF
235,H47234,H,299.43,308.83,1371,41.53,94.4,0,0,0,0,0,0,No_Failure
236,H47235,H,301.66,311.41,1456,17.75,68.9,0,0,1,0,0,1,PWF
237,L47236,L,300.13,311.17,1424,26.98,242.4,0,0,0,0,0,0,No_Failure
238,M47237,M,302.93,313.67,1631,42.55,181.0,0,0,0,0,0,0,No_Failure
239,L47238,L,296.85,306.72,1367,39.28,93.5,0,0,0,0,0,0,No_Failure
240,L47239,L,296.62,305.48,1055,35.99,189.6,0,0,0,0,0,0,No_Failure
241,H47240,H,301.54,310.47,1197,46.06,161.6,0,0,0,0,0,0,No_Failure
242,M47241,M,301.73,312.48,1497,25.57,216.3,0,0,0,0,0,0,No_Failure
243,L47242,L,299.61,308.34,1394,34.05,28.1,0,0,0,0,0,0,No_Failure
244,M47243,M,300.8,310.68,1277,45.18,136.6,0,0,0,0,0,0,No_Failure
245,M47244,M,301.49,314.17,1853,33.51,177.6,0,0,0,0,0,0,No_Failure
246,H47245,H,298.37,308.83,1649,43.13,252.4,1,0,0,0,0,1,TWF
247,M47246,M,298.59,309.33,1489,28.54,152.2,0,0,0,0,0,0,No_Failure
248,L47247,L,300.38,309.32,1542,31.76,35.6,0,0,0,0,0,0,No_Failure
249,L47248,L,301.81,310.58,1452,22.18,245.8,1,0,0,0,0,1,TWF
250,L47249,L,297.67,308.46,1274,19.43,116.1,0,0,0,0,0,0,No_Failure
251,M47250,M,299.6,309.32,1686,35.24,123.5,0,0,0,0,0,0,No_Failure
252,H47251,H,299.51,310.69,1653,44.5,64.0,0,0,0,0,0,0,No_Failure
253,L47252,L,300.84,310.98,1144,38.85,205.8,0,0,0,0,0,0,No_Failure
254,L47253,L,299.98,313.54,1541,51.6,133.9,0,1,0,0,0,1,HDF
255,L47254,L,298.91,308.44,1561,36.07,246.4,0,0,0,0,0,0,No_Failure
256,M47255,M,302.5,312.89,1442,18.8,131.3,0,0,1,0,0,1,PWF
257,H47256,H,298.92,308.13,1878,43.44,45.7,0,0,0,0,0,0,No_Failure
258,L47257,L,299.42,310.55,1858,29.21,194.9,0,0,0,0,0,0,No_Failure
259,L47258,L,296.82,307.36,1432,41.26,37.4,0,0,0,0,0,0,No_Failure
260,M47259,M,298.57,307.71,1460,17.15,71.7,0,0,1,0,0,1,PWF
261,L47260,L,301.03,310.81,1439,37.25,237.7,0,0,0,0,0,0,No_Failure
262,H47261,H,300.64,312.11,1390,47.03,247.0,0,0,0,0,0,0,No_Failure
263,L47262,L,301.2,312.55,1334,45.8,196.5,0,0,0,0,0,0,No_Failure
264,L47263,L,301.1,309.79,1591,37.49,52.3,0,0,0,0,0,0,No_Failure
265,H47264,H,304.18,313.81,1853,39.49,187.7,0,0,0,0,0,0,No_Failure
266,L47265,L,298.5,310.43,1779,35.03,150.3,0,0,0,0,0,0,No_Failure
267,L47266,L,296.76,306.69,1642,37.02,113.0,0,0,0,0,0,0,No_Failure
268,L47267,L,297.9,308.18,1067,46.27,112.9,0,0,0,0,0,0,No_Failure
269,L47268,L,298.59,309.72,1164,32.5,114.6,0,0,0,0,0,0,No_Failure
270,L47269,L,298.05,306.82,1692,33.48,81.6,0,0,0,0,0,0,No_Failure
271,L47270,L,300.19,309.35,1791,24.2,136.1,0,0,0,0,0,0,No_Failure
272,L47271,L,302.51,312.28,1600,46.47,9.2,0,0,0,0,0,0,No_Failure
273,L47272,L,303.08,314.38,1445,36.8,214.7,0,0,0,0,0,0,No_Failure
274,M47273,M,301.01,312.13,1743,27.37,227.0,0,0,0,0,0,0,No_Failure
275,M47274,M,304.28,315.1,1636,48.22,98.9,0,0,0,0,0,0,No_Failure
276,L47275,L,299.29,309.25,1705,38.99,240.0,0,0,0,0,0,0,No_Failure
277,L47276,L,296.73,307.96,1166,32.03,196.4,0,0,0,0,0,0,No_Failure
278,M47277,M,302.11,312.05,1562,48.38,214.5,0,0,0,0,0,0,No_Failure
279,H47278,H,296.32,307.0,1819,36.04,225.5,0,0,0,0,0,0,No_Failure
280,H47279,H,298.49,309.5,1595,23.76,86.1,0,0,0,0,0,0,No_Failure
281,L47280,L,301.04,312.84,1671,49.04,205.6,0,0,0,0,0,0,No_Failure
282,L47281,L,299.8,309.84,1507,31.05,36.7,0,0,0,0,0,0,No_Failure
283,L47282,L,299.62,309.36,1519,69.66,247.2,0,0,1,1,0,1,PWF
284,L47283,L,297.64,309.03,1752,35.0,150.6,0,0,0,0,0,0,No_Failure
285,M47284,M,299.98,311.45,1379,19.3,175.6,0,0,0,0,0,0,No_Failure
286,L47285,L,302.01,311.56,1362,57.0,77.5,0,0,0,0,0,0,No_Failure
287,L47286,L,300.04,309.03,1414,38.89,8.1,0,0,0,0,0,0,No_Failure
288,L47287,L,298.34,309.66,1504,42.01,41.3,0,0,0,0,0,0,No_Failure
289,M47288,M,297.5,305.96,1210,43.27,35.9,0,1,0,0,0,1,HDF
290,L47289,L,298.38,306.79,1632,25.85,111.9,0,0,0,0,0,0,No_Failure
291,H47290,H,300.78,310.62,1470,17.79,74.0,0,0,0,0,0,0,No_Failure
292,L47291,L,300.69,310.79,1654,58.99,238.9,0,0,1,0,0,1,PWF
293,H47292,H,298.4,307.34,1119,23.82,212.9,0,0,1,0,0,1,PWF
294,L47293,L,295.58,305.8,1654,55.84,136.6,0,0,1,0,0,1,PWF
295,H47294,H,300.84,311.11,1741,44.72,215.7,0,0,0,0,0,0,No_Failure
296,H47295,H,298.2,307.72,1579,41.21,148.0,0,0,0,0,0,0,No_Failure
297,H47296,H,301.38,313.41,1505,34.78,232.8,0,0,0,0,0,0,No_Failure
298,H47297,H,298.49,308.92,1656,62.55,188.5,0,0,0,0,0,0,No_Failure
299,M47298,M,298.02,309.15,1729,32.53,186.0,0,0,0,0,0,0,No_Failure
300,M47299,M,300.31,308.85,1594,32.81,69.5,0,0,0,0,0,0,No_Failure
301,M47300,M,304.72,313.25,1608,46.19,201.0,0,0,0,0,0,0,No_Failure
302,L47301,L,301.5,311.96,1798,32.73,195.4,0,0,0,0,0,0,No_Failure
303,M47302,M,300.27,312.13,1637,29.34,20.5,0,0,0,0,0,0,No_Failure
304,M47303,M,300.72,309.71,1356,38.89,14.6,0,0,0,0,0,0,No_Failure
305,H47304,H,296.5,306.64,1728,46.34,223.0,0,0,0,0,0,0,No_Failure
306,L47305,L,297.76,306.52,1478,58.26,247.7,0,0,0,0,0,0,No_Failure
307,L47306,L,294.98,304.26,1506,60.3,153.0,0,0,0,0,0,0,No_Failure
308,M47307,M,303.46,313.65,1519,21.56,43.2,0,0,0,0,0,0,No_Failure
309,L47308,L,303.05,312.56,1674,49.9,106.6,0,0,0,0,0,0,No_Failure
310,L47309,L,300.79,309.48,1815,29.63,5.3,0,0,0,0,0,0,No_Failure
311,L47310,L,300.27,308.94,1504,30.13,207.9,1,0,0,0,0,1,TWF
312,L47311,L,296.9,305.01,1812,34.08,26.1,0,0,0,0,0,0,No_Failure
313,L47312,L,299.56,310.04,1530,33.44,84.8,0,0,0,0,0,0,No_Failure
314,L47313,L,303.58,314.18,1752,28.78,142.4,0,0,0,0,0,0,No_Failure
315,L47314,L,300.26,310.86,1536,16.22,176.6,0,0,1,0,0,1,PWF
316,L47315,L,298.87,307.96,1411,53.95,229.5,0,0,0,0,0,0,No_Failure
317,L47316,L,296.48,307.49,1846,48.47,106.7,0,0,1,0,0,1,PWF
318,M47317,M,302.76,313.47,1394,39.32,48.3,0,0,0,0,0,0,No_Failure
319,L47318,L,299.86,309.87,1382,29.81,27.6,0,0,0,0,0,0,No_Failure
320,H47319,H,296.49,306.33,1274,51.84,166.6,0,0,0,0,0,0,No_Failure
321,H47320,H,298.15,307.5,1728,38.85,32.6,0,0,0,0,0,0,No_Failure
322,L47321,L,297.44,307.64,1771,33.74,166.5,0,0,1,0,0,1,PWF
323,L47322,L,299.74,311.35,1567,23.05,115.4,0,0,0,0,0,0,No_Failure
324,M47323,M,300.41,311.55,1323,44.87,105.4,0,0,0,0,0,0,No_Failure
325,H47324,H,298.99,308.74,1499,36.15,66.0,0,0,0,0,0,0,No_Failure
326,M47325,M,301.55,312.09,1446,42.1,228.1,1,0,0,0,0,1,TWF
327,H47326,H,300.16,309.06,1315,41.18,181.2,0,0,0,0,0,0,No_Failure
328,M47327,M,302.12,312.85,1412,45.85,132.7,0,0,0,0,0,0,No_Failure
329,M47328,M,299.29,308.45,1591,41.67,107.2,0,0,0,0,0,0,No_Failure
330,L47329,L,306.09,316.78,1391,36.44,91.2,0,0,0,0,0,0,No_Failure
331,M47330,M,298.87,311.84,1553,45.04,101.0,0,0,0,0,0,0,No_Failure
332,L47331,L,298.19,307.62,1180,49.0,216.0,0,0,0,0,0,0,No_Failure
333,M47332,M,297.95,310.87,1802,54.96,106.6,0,0,1,0,0,1,PWF
334,H47333,H,299.58,310.07,1430,28.29,1.1,0,0,0,0,0,0,No_Failure
335,L47334,L,296.56,305.81,1657,50.62,233.6,0,0,0,0,0,0,No_Failure
336,M47335,M,300.59,309.79,1534,23.62,150.0,0,0,0,0,0,0,No_Failure
337,L47336,L,296.19,308.55,1572,49.64,41.9,0,0,0,0,0,0,No_Failure
338,M47337,M,300.32,310.82,1296,33.59,32.0,0,0,0,0,0,0,No_Failure
339,L47338,L,297.3,306.73,1363,47.92,95.3,0,0,0,0,0,0,No_Failure
340,H47339,H,299.24,309.03,1367,54.43,154.9,0,0,0,0,0,0,No_Failure
341,L47340,L,301.21,311.64,1505,41.79,237.6,0,0,0,0,0,0,No_Failure
342,H47341,H,304.61,314.6,1739,39.53,13.8,0,0,0,0,0,0,No_Failure
343,H47342,H,297.84,308.19,1578,39.02,89.3,0,0,0,0,0,0,No_Failure
344,M47343,M,299.7,311.47,1338,35.29,65.1,0,0,0,0,0,0,No_Failure
345,M47344,M,298.55,307.42,1516,51.24,106.6,0,0,0,0,0,0,No_Failure
346,M47345,M,298.26,308.9,1485,38.92,200.4,0,0,0,0,0,0,No_Failure
347,H47346,H,298.57,308.5,1437,18.25,40.1,0,0,0,0,0,0,No_Failure
348,L47347,L,301.65,311.15,1497,48.84,236.5,0,0,0,0,0,0,No_Failure
349,M47348,M,299.02,310.1,1637,48.32,64.9,0,0,0,0,0,0,No_Failure
350,L47349,L,304.5,313.04,1370,40.43,190.4,0,1,0,0,0,1,HDF
351,M47350,M,300.83,308.47,1438,32.12,161.8,0,0,0,0,0,0,No_Failure
352,L47351,L,297.98,308.2,1677,28.4,138.6,0,0,0,0,0,0,No_Failure
353,M47352,M,299.27,309.13,1584,32.15,213.5,0,0,0,0,0,0,No_Failure
354,M47353,M,298.4,307.04,1730,41.99,153.6,0,0,0,0,0,0,No_Failure
355,L47354,L,301.6,309.89,1758,21.56,198.0,0,0,0,0,0,0,No_Failure
356,M47355,M,296.72,308.65,1255,44.24,149.1,0,0,0,0,0,0,No_Failure
357,M47356,M,297.32,307.78,1552,40.73,182.3,0,0,0,0,0,0,No_Failure
358,M47357,M,298.82,308.84,1409,52.87,12.0,0,0,0,0,0,0,No_Failure
359,L47358,L,301.37,313.56,1284,47.01,163.2,0,0,0,0,0,0,No_Failure
360,M47359,M,302.47,313.49,1358,32.77,224.9,0,0,0,0,0,0,No_Failure
361,H47360,H,302.76,314.53,1446,23.09,164.5,0,0,1,0,0,1,PWF
362,L47361,L,301.06,309.88,1447,31.79,207.0,0,0,0,0,0,0,No_Failure
363,L47362,L,299.83,308.62,1391,53.81,250.7,0,0,0,0,0,0,No_Failure
364,L47363,L,301.59,312.21,1498,42.94,39.5,0,0,0,0,0,0,No_Failure
365,M47364,M,297.71,308.13,1940,45.97,174.3,0,0,1,0,0,1,PWF
366,L47365,L,296.31,307.56,1189,33.71,227.0,0,0,0,0,0,0,No_Failure
367,M47366,M,300.87,309.24,1705,44.85,7.3,0,0,0,0,0,0,No_Failure
368,M47367,M,297.99,308.69,1497,24.8,43.9,0,0,0,0,0,0,No_Failure
369,L47368,L,299.87,310.86,1421,49.35,63.2,0,0,0,0,0,0,No_Failure
370,H47369,H,300.24,311.18,1137,28.45,222.7,0,0,1,0,0,1,PWF
371,M47370,M,300.5,310.09,1637,20.26,247.2,0,0,1,0,0,1,PWF
372,L47371,L,301.88,312.39,1241,62.62,231.1,0,0,0,0,0,0,No_Failure
373,L47372,L,301.66,310.89,1649,41.35,119.9,0,0,0,0,0,0,No_Failure
374,L47373,L,300.39,310.1,1813,41.07,168.9,0,0,0,0,0,0,No_Failure
375,L47374,L,299.12,308.07,1269,21.3,26.3,0,0,1,0,0,1,PWF
376,L47375,L,300.22,309.46,1710,46.23,247.7,0,0,0,0,0,0,No_Failure
377,H47376,H,298.81,308.57,1505,48.86,238.8,0,0,0,0,0,0,No_Failure
378,L47377,L,299.61,309.12,1123,38.01,150.9,0,0,0,0,0,0,No_Failure
379,L47378,L,305.24,314.48,1283,48.9,36.2,0,0,0,0,0,0,No_Failure
380,M47379,M,300.36,309.06,1532,51.71,239.7,0,0,0,0,0,0,No_Failure
381,M47380,M,300.9,312.86,1572,45.26,226.6,0,0,0,0,0,0,No_Failure
382,H47381,H,298.59,308.09,1215,18.34,250.6,1,0,0,0,0,1,TWF
383,M47382,M,302.04,312.37,1506,28.48,128.5,0,0,0,0,0,0,No_Failure
384,L47383,L,301.52,309.76,1648,56.87,88.1,0,0,1,0,0,1,PWF
385,L47384,L,301.53,312.89,1680,40.82,95.4,0,0,0,0,0,0,No_Failure
386,H47385,H,300.43,310.6,1426,40.87,125.8,0,0,0,0,0,0,No_Failure
387,M47386,M,302.07,311.62,1579,31.68,230.8,1,0,0,0,0,1,TWF
388,H47387,H,302.54,312.11,1693,33.63,32.6,0,0,0,0,0,0,No_Failure
389,L47388,L,300.57,311.44,1653,51.93,164.1,0,0,0,0,0,0,No_Failure
390,H47389,H,299.77,306.82,1660,54.98,231.5,0,0,1,0,0,1,PWF
391,M47390,M,301.79,310.96,1520,47.97,69.3,0,0,0,0,0,0,No_Failure
392,L47391,L,298.19,308.07,1483,45.52,132.9,0,0,0,0,0,0,No_Failure
393,M47392,M,298.56,308.43,1549,46.27,201.0,0,0,0,0,0,0,No_Failure
394,M47393,M,299.89,312.4,1363,39.3,130.2,0,0,0,0,0,0,No_Failure
395,L47394,L,296.52,306.18,1700,27.96,133.5,0,0,0,0,0,0,No_Failure
396,L47395,L,301.66,312.65,1225,25.8,194.0,0,0,0,0,0,0,No_Failure
397,H47396,H,298.07,309.89,1409,53.15,41.7,0,0,0,0,0,0,No_Failure
398,L47397,L,299.06,309.73,1493,39.67,180.9,0,0,0,0,0,0,No_Failure
399,L47398,L,299.57,308.9,1585,44.77,231.2,0,0,0,0,0,0,No_Failure
400,L47399,L,300.08,308.79,1618,42.11,25.8,0,0,0,0,0,0,No_Failure
401,L47400,L,299.31,310.06,1768,42.61,15.2,0,0,0,0,0,0,No_Failure
402,H47401,H,299.87,311.51,1514,43.45,22.1,0,0,0,0,0,0,No_Failure
403,M47402,M,299.88,310.43,1371,46.97,186.1,0,0,1,0,0,1,PWF
404,L47403,L,299.11,310.34,1474,32.32,99.0,0,0,0,0,0,0,No_Failure
405,H47404,H,298.45,311.05,1443,51.82,117.5,0,0,0,0,0,0,No_Failure
406,H47405,H,302.16,313.0,1594,32.62,184.3,0,0,0,0,0,0,No_Failure
407,L47406,L,295.79,304.69,1308,42.39,132.3,0,0,0,0,0,0,No_Failure
408,H47407,H,299.59,309.64,1468,28.17,151.8,0,1,0,0,0,1,HDF
409,L47408,L,299.06,310.43,1792,38.33,215.2,0,0,0,0,0,0,No_Failure
410,H47409,H,300.84,310.59,1532,33.4,114.2,0,0,0,0,0,0,No_Failure
411,M47410,M,297.09,308.6,1310,40.24,221.3,0,0,0,0,0,0,No_Failure
412,M47411,M,299.0,308.93,1439,47.35,132.4,0,0,0,0,0,0,No_Failure
413,L47412,L,299.8,310.13,1098,40.76,101.7,0,0,0,0,0,0,No_Failure
414,H47413,H,302.14,311.79,1489,59.61,66.0,0,0,1,0,0,1,PWF
415,L47414,L,300.66,310.82,1797,47.96,184.8,0,0,0,0,0,0,No_Failure
416,L47415,L,297.63,307.85,1286,37.72,157.4,0,0,0,0,0,0,No_Failure
417,L47416,L,299.03,307.42,1238,39.14,204.5,0,1,0,0,0,1,HDF
418,M47417,M,301.77,311.33,1382,43.78,138.3,0,0,0,0,0,0,No_Failure
419,L47418,L,297.6,306.37,1666,47.04,219.3,0,0,0,0,0,0,No_Failure
420,H47419,H,299.84,309.44,1807,27.66,72.7,0,0,0,0,0,0,No_Failure
421,M47420,M,299.98,309.19,1581,46.37,184.8,0,0,0,0,0,0,No_Failure
422,L47421,L,299.23,310.24,1269,27.92,99.5,0,0,0,0,0,0,No_Failure
423,L47422,L,305.39,316.41,1496,45.4,28.8,0,0,0,0,0,0,No_Failure
424,L47423,L,299.17,309.73,1822,51.0,133.7,0,0,0,0,0,0,No_Failure
425,M47424,M,300.9,309.63,1444,43.0,58.5,0,0,0,0,0,0,No_Failure
426,H47425,H,298.47,308.37,1525,16.74,15.6,0,0,1,0,0,1,PWF
427,L47426,L,301.06,309.71,1543,22.18,91.9,0,0,0,0,0,0,No_Failure
428,H47427,H,301.74,311.59,1222,45.63,247.3,0,0,0,0,0,0,No_Failure
429,L47428,L,298.82,309.47,1680,15.46,226.2,0,0,0,0,0,0,No_Failure
430,H47429,H,299.89,310.88,1654,46.1,247.9,0,0,0,0,0,0,No_Failure
431,H47430,H,298.21,308.68,1141,49.85,7.2,0,0,0,0,0,0,No_Failure
432,M47431,M,297.71,308.97,1260,51.35,38.7,0,0,0,0,0,0,No_Failure
433,M47432,M,302.07,312.33,1325,37.59,59.5,0,0,0,0,0,0,No_Failure
434,H47433,H,298.89,308.66,1635,44.39,186.4,0,0,0,0,0,0,No_Failure
435,L47434,L,295.17,306.05,1365,42.09,247.5,0,0,0,0,0,0,No_Failure
436,L47435,L,303.53,314.44,1572,25.27,102.8,0,0,0,0,0,0,No_Failure
437,L47436,L,298.4,307.87,1467,47.45,147.6,0,0,0,0,0,0,No_Failure
438,M47437,M,299.51,309.89,1513,53.9,22.4,0,0,0,0,0,0,No_Failure
439,M47438,M,303.28,312.99,1589,46.89,159.2,0,0,0,0,0,0,No_Failure
440,M47439,M,299.72,307.71,1549,34.97,227.7,1,0,0,0,0,1,TWF
441,H47440,H,299.67,310.11,1497,47.4,166.8,0,0,0,0,0,0,No_Failure
442,L47441,L,297.54,306.25,1559,52.98,165.3,0,0,0,0,0,0,No_Failure
443,M47442,M,296.73,307.06,1539,51.66,123.3,0,0,0,0,0,0,No_Failure
444,L47443,L,299.67,308.13,1462,50.27,113.8,0,0,0,0,0,0,No_Failure
445,L47444,L,300.73,310.01,1422,24.08,93.6,0,0,0,0,0,0,No_Failure
446,M47445,M,300.61,310.18,1838,43.98,207.5,0,0,0,0,0,0,No_Failure
447,H47446,H,299.04,310.24,1420,46.46,163.1,0,0,0,0,0,0,No_Failure
448,M47447,M,300.04,309.51,1746,50.39,75.8,0,0,0,0,0,0,No_Failure
449,L47448,L,296.33,305.25,1377,45.16,131.0,0,0,0,0,0,0,No_Failure
450,M47449,M,300.92,311.28,1646,55.52,29.3,0,0,1,0,0,1,PWF
451,L47450,L,300.32,310.11,1821,21.72,11.6,0,0,0,0,0,0,No_Failure
452,H47451,H,303.95,314.74,1439,45.58,34.5,0,0,0,0,0,0,No_Failure
453,M47452,M,300.01,309.0,1380,44.79,219.5,0,0,0,0,0,0,No_Failure
454,L47453,L,298.11,308.33,1423,49.03,65.1,0,0,0,0,0,0,No_Failure
455,L47454,L,299.9,312.37,1497,55.42,243.7,0,0,0,0,0,0,No_Failure
456,L47455,L,299.34,309.11,1558,31.12,85.6,0,0,0,0,0,0,No_Failure
457,H47456,H,300.87,311.06,1493,55.09,103.7,0,0,0,0,0,0,No_Failure
458,L47457,L,300.05,308.39,1424,48.15,205.4,0,0,0,0,0,0,No_Failure
459,M47458,M,297.48,306.63,1852,38.13,56.7,0,0,0,0,0,0,No_Failure
460,M47459,M,296.73,307.19,1464,30.91,230.1,0,0,0,0,0,0,No_Failure
461,M47460,M,300.53,310.2,1388,41.96,165.3,0,0,0,0,0,0,No_Failure
462,L47461,L,302.77,313.38,1649,42.86,15.7,0,0,0,0,0,0,No_Failure
463,H47462,H,300.16,310.58,1652,43.41,242.0,1,0,0,0,0,1,TWF
464,L47463,L,301.63,310.31,1754,33.73,72.7,0,0,0,0,0,0,No_Failure
465,M47464,M,302.03,313.04,1847,46.09,58.7,0,0,0,0,0,0,No_Failure
466,M47465,M,300.53,309.29,1562,35.94,227.3,0,0,0,0,0,0,No_Failure
467,M47466,M,298.37,307.61,1448,52.17,82.3,0,0,0,0,0,0,No_Failure
468,H47467,H,300.39,310.62,1158,57.1,182.8,0,0,0,0,0,0,No_Failure
469,L47468,L,302.41,313.98,1331,31.87,8.6,0,0,0,0,0,0,No_Failure
470,M47469,M,301.06,310.06,1538,40.6,233.0,0,0,0,0,0,0,No_Failure
471,L47470,L,301.5,311.64,1287,49.72,103.5,0,0,0,0,0,0,No_Failure
472,L47471,L,299.07,309.23,1215,42.76,45.2,0,0,0,0,0,0,No_Failure
473,L47472,L,299.6,310.25,1512,26.47,248.3,0,0,0,0,0,0,No_Failure
474,L47473,L,299.76,310.95,1640,48.65,187.7,0,0,0,0,0,0,No_Failure
475,L47474,L,299.9,309.49,1456,33.94,200.7,0,0,0,0,0,0,No_Failure
476,L47475,L,302.34,313.35,1661,42.0,126.7,0,0,0,0,0,0,No_Failure
477,L47476,L,295.31,306.64,1611,30.06,174.2,0,0,0,0,0,0,No_Failure
478,M47477,M,300.06,311.85,1707,47.95,73.6,0,0,0,0,0,0,No_Failure
479,M47478,M,299.84,310.34,1891,35.79,131.1,0,0,0,0,0,0,No_Failure
480,L47479,L,297.26,307.41,1971,49.0,96.3,0,0,1,0,0,1,PWF
481,L47480,L,301.34,310.87,1632,37.85,107.6,0,0,0,0,0,0,No_Failure
482,L47481,L,298.55,307.09,1417,35.19,1.1,0,0,0,0,0,0,No_Failure
483,M47482,M,299.29,309.01,1511,44.12,205.1,0,0,0,0,0,0,No_Failure
484,L47483,L,303.7,313.81,1783,29.26,55.1,0,0,1,0,0,1,PWF
485,L47484,L,302.02,311.91,1339,57.98,119.8,0,0,0,0,0,0,No_Failure
486,L47485,L,301.15,311.75,1761,41.86,166.7,0,0,0,0,0,0,No_Failure
487,L47486,L,300.76,309.31,1469,34.34,8.7,0,0,0,0,0,0,No_Failure
488,L47487,L,299.67,309.49,1541,36.01,86.6,0,0,0,0,0,0,No_Failure
489,M47488,M,304.0,315.99,1355,40.18,66.7,0,0,0,0,0,0,No_Failure
490,M47489,M,301.6,312.6,1262,49.96,33.6,0,0,0,0,0,0,No_Failure
491,M47490,M,298.5,309.12,1450,31.05,205.8,0,0,0,0,0,0,No_Failure
492,M47491,M,297.2,307.59,1735,36.31,137.0,0,0,0,0,0,0,No_Failure
493,M47492,M,301.13,310.77,1374,39.5,115.4,0,0,0,0,0,0,No_Failure
494,L47493,L,299.89,308.13,1790,55.42,33.5,0,0,0,0,0,0,No_Failure
495,M47494,M,297.14,307.6,1397,49.99,130.1,0,0,0,0,0,0,No_Failure
496,M47495,M,300.86,308.41,1308,55.9,67.7,0,0,0,0,0,0,No_Failure
497,L47496,L,299.46,309.14,1546,40.31,32.0,0,0,0,0,0,0,No_Failure
498,M47497,M,301.06,311.06,1622,54.33,133.3,0,0,0,0,0,0,No_Failure
499,L47498,L,300.88,310.44,1534,52.67,172.5,0,0,0,0,0,0,No_Failure
500,M47499,M,298.78,310.95,1527,46.97,14.4,0,0,0,0,0,0,No_Failure
501,M47500,M,301.27,313.09,1789,47.77,14.2,0,0,0,0,0,0,No_Failure
502,H47501,H,299.0,310.04,1517,34.05,186.9,0,0,0,0,0,0,No_Failure
503,H47502,H,299.13,308.21,1415,58.28,52.3,0,0,0,0,0,0,No_Failure
504,M47503,M,298.94,310.86,1296,37.55,38.9,0,0,0,0,0,0,No_Failure
505,M47504,M,302.26,312.88,1729,45.6,243.4,0,0,0,0,0,0,No_Failure
506,M47505,M,299.44,308.5,1423,46.77,45.5,0,0,0,0,0,0,No_Failure
507,L47506,L,302.74,312.78,1441,26.29,173.2,0,0,0,0,0,0,No_Failure
508,H47507,H,303.57,314.53,1689,39.49,206.2,1,0,0,0,0,1,TWF
509,L47508,L,298.52,307.92,1870,42.03,83.2,0,0,0,0,0,0,No_Failure
510,L47509,L,294.16,304.3,1545,38.87,117.2,0,0,0,0,0,0,No_Failure
511,L47510,L,302.09,312.41,1475,39.61,140.2,0,0,0,0,0,0,No_Failure
512,H47511,H,299.32,308.22,1499,54.93,50.7,0,0,0,0,0,0,No_Failure
513,L47512,L,298.27,308.0,1418,31.73,74.9,0,0,0,0,0,0,No_Failure
514,L47513,L,298.82,307.8,1436,27.31,243.7,0,0,0,0,0,0,No_Failure
515,L47514,L,299.17,310.04,1437,34.14,69.2,0,0,0,0,0,0,No_Failure
516,L47515,L,302.59,311.69,1664,47.44,205.5,0,0,0,0,0,0,No_Failure
517,L47516,L,300.32,310.61,1484,48.42,135.4,0,0,1,0,0,1,PWF
518,M47517,M,302.57,311.18,1745,46.06,163.4,0,0,0,0,0,0,No_Failure
519,L47518,L,300.99,309.86,1479,49.12,115.7,0,0,0,0,0,0,No_Failure
520,H47519,H,299.38,308.2,1434,42.56,148.8,0,0,0,0,0,0,No_Failure
521,H47520,H,299.22,308.93,1730,34.82,136.6,0,0,0,0,0,0,No_Failure
522,L47521,L,301.12,311.3,1504,30.55,121.9,0,0,0,0,0,0,No_Failure
523,L47522,L,301.64,312.01,1477,27.38,203.1,0,0,0,0,0,0,No_Failure
524,M47523,M,301.99,310.22,1506,37.73,222.7,1,0,0,0,0,1,TWF
525,L47524,L,299.48,309.31,1764,47.88,64.7,0,0,0,0,0,0,No_Failure
526,L47525,L,300.35,309.6,1555,42.37,34.4,0,0,0,0,0,0,No_Failure
527,H47526,H,301.17,311.7,1725,40.23,205.2,0,0,0,0,0,0,No_Failure
528,H47527,H,299.23,308.96,1458,29.45,53.6,0,0,0,0,0,0,No_Failure
529,M47528,M,297.73,307.65,1696,65.79,219.2,0,1,0,1,0,1,HDF
530,L47529,L,298.39,307.64,1543,31.75,26.0,0,0,0,0,0,0,No_Failure
531,M47530,M,299.52,311.24,1659,41.21,23.0,0,0,0,0,0,0,No_Failure
532,M47531,M,301.32,310.04,1674,50.03,46.0,0,0,0,0,0,0,No_Failure
533,L47532,L,302.52,312.12,1331,40.42,3.0,0,0,0,0,0,0,No_Failure
534,M47533,M,297.29,307.4,1513,31.93,189.2,0,0,0,0,0,0,No_Failure
535,L47534,L,298.81,308.55,1672,48.09,100.5,0,0,0,0,0,0,No_Failure
536,L47535,L,299.28,308.52,1701,26.6,239.2,0,0,0,0,0,0,No_Failure
537,M47536,M,301.59,309.78,1726,57.42,92.4,0,0,0,0,0,0,No_Failure
538,L47537,L,298.94,308.25,1519,42.82,177.9,0,0,0,0,0,0,No_Failure
539,L47538,L,299.14,308.18,1777,37.47,172.8,0,0,0,0,0,0,No_Failure
540,H47539,H,297.18,308.86,1382,25.84,82.2,0,0,0,0,0,0,No_Failure
541,H47540,H,300.97,313.23,1231,28.48,225.8,0,0,0,0,0,0,No_Failure
542,M47541,M,299.68,309.63,1450,39.48,100.7,0,0,0,0,0,0,No_Failure
543,H47542,H,298.69,307.29,1715,58.93,139.5,0,0,0,0,0,0,No_Failure
544,H47543,H,299.48,310.22,1304,42.33,100.7,0,0,0,0,0,0,No_Failure
545,L47544,L,302.25,311.27,1235,43.47,110.1,0,0,0,0,0,0,No_Failure
546,L47545,L,297.99,307.44,1190,43.86,13.8,0,0,0,0,0,0,No_Failure
547,L47546,L,298.32,307.69,1632,63.64,78.5,0,0,0,0,0,0,No_Failure
548,L47547,L,302.5,312.0,1239,35.59,239.9,1,0,0,0,0,1,TWF
549,M47548,M,300.15,309.8,1599,55.65,210.4,0,0,0,0,0,0,No_Failure
550,L47549,L,301.34,310.03,1441,36.01,222.7,0,0,0,0,0,0,No_Failure
551,L47550,L,300.8,310.1,1361,32.96,180.3,0,0,0,0,0,0,No_Failure
552,L47551,L,299.93,310.95,1320,39.2,165.3,0,0,0,0,0,0,No_Failure
553,L47552,L,299.3,309.27,1537,39.15,227.3,0,0,0,0,0,0,No_Failure
554,H47553,H,301.66,311.79,1364,45.62,136.1,0,0,0,0,0,0,No_Failure
555,L47554,L,302.32,310.09,1499,16.76,231.7,0,0,0,0,0,0,No_Failure
556,L47555,L,302.17,313.12,1572,41.48,105.0,0,0,0,0,0,0,No_Failure
557,L47556,L,297.63,306.94,1610,34.01,151.2,0,0,0,0,0,0,No_Failure
558,L47557,L,302.61,313.73,1668,32.76,119.3,0,0,0,0,0,0,No_Failure
559,M47558,M,299.28,309.44,1530,27.04,4.8,0,0,0,0,0,0,No_Failure
560,L47559,L,298.49,307.93,1311,36.35,50.3,0,0,0,0,0,0,No_Failure
561,L47560,L,299.66,307.98,1584,34.83,234.7,0,0,0,0,0,0,No_Failure
562,L47561,L,301.66,313.84,1618,35.73,151.3,0,0,0,0,0,0,No_Failure
563,H47562,H,301.08,311.88,1467,23.61,11.8,0,0,0,0,0,0,No_Failure
564,M47563,M,299.49,310.35,1448,40.98,244.7,0,0,0,0,0,0,No_Failure
565,M47564,M,301.68,313.49,1946,32.08,234.8,0,0,0,0,0,0,No_Failure
566,M47565,M,300.28,310.5,1267,23.65,180.1,0,0,0,0,0,0,No_Failure
567,M47566,M,298.85,310.21,1589,34.52,71.6,0,0,0,0,0,0,No_Failure
568,L47567,L,298.58,308.11,1688,32.26,74.6,0,0,0,0,0,0,No_Failure
569,L47568,L,300.82,311.56,1439,40.41,218.9,0,0,0,0,0,0,No_Failure
570,M47569,M,299.83,309.2,1470,34.38,15.3,0,0,0,0,0,0,No_Failure
571,L47570,L,297.25,306.75,1428,25.5,60.1,0,0,0,0,0,0,No_Failure
572,H47571,H,301.69,311.79,1500,31.12,42.1,0,0,0,0,0,0,No_Failure
573,L47572,L,299.04,307.77,1662,22.73,181.2,0,0,0,0,0,0,No_Failure
574,M47573,M,303.18,313.51,1464,51.37,96.6,0,0,0,0,0,0,No_Failure
575,H47574,H,297.19,306.88,2060,52.98,231.7,0,0,1,0,0,1,PWF
576,M47575,M,299.64,307.65,1419,54.19,203.1,0,0,0,0,0,0,No_Failure
577,H47576,H,298.6,308.14,1748,34.1,249.1,0,0,0,0,0,0,No_Failure
578,M47577,M,298.05,307.7,1598,52.97,75.6,0,0,0,0,0,0,No_Failure
579,H47578,H,299.03,309.88,1520,44.07,120.2,0,0,0,0,0,0,No_Failure
580,L47579,L,303.54,313.83,1765,31.78,166.9,0,0,0,0,0,0,No_Failure
581,L47580,L,300.29,311.73,1212,33.71,246.6,0,0,0,0,0,0,No_Failure
582,M47581,M,298.42,308.94,1577,38.28,87.2,0,0,0,0,0,0,No_Failure
583,L47582,L,296.34,305.79,1371,41.02,82.7,0,0,0,0,0,0,No_Failure
584,L47583,L,296.56,306.5,1422,43.63,158.6,0,0,0,0,0,0,No_Failure
585,H47584,H,298.93,308.58,1413,39.98,168.3,0,0,0,0,0,0,No_Failure
586,M47585,M,298.73,309.22,1327,36.51,47.8,0,0,0,0,0,0,No_Failure
587,L47586,L,299.55,309.61,1203,53.52,115.0,0,0,0,0,0,0,No_Failure
588,L47587,L,295.46,304.83,1570,38.86,95.5,0,0,0,0,0,0,No_Failure
589,L47588,L,299.82,309.83,1488,38.29,106.5,0,0,0,0,0,0,No_Failure
590,L47589,L,302.06,312.52,1446,37.83,35.5,0,0,0,0,0,0,No_Failure
591,H47590,H,303.25,312.24,1637,38.87,164.0,0,0,0,0,0,0,No_Failure
592,L47591,L,296.21,306.53,1581,26.38,47.4,0,0,0,0,0,0,No_Failure
593,L47592,L,298.4,306.82,1452,29.97,6.4,0,0,0,0,0,0,No_Failure
594,M47593,M,298.29,309.4,2049,64.46,125.5,0,0,0,0,0,0,No_Failure
595,L47594,L,300.29,310.82,1683,23.5,9.8,0,0,0,0,0,0,No_Failure
596,L47595,L,297.56,309.19,1940,42.72,168.5,0,0,0,0,0,0,No_Failure
597,M47596,M,303.36,312.25,1425,43.43,150.4,0,0,0,0,0,0,No_Failure
598,M47597,M,300.09,311.22,1545,50.13,143.4,0,0,0,0,0,0,No_Failure
599,H47598,H,299.75,310.69,1277,43.67,24.1,0,0,0,0,0,0,No_Failure
600,M47599,M,303.19,313.0,1441,58.91,31.3,0,0,0,0,0,0,No_Failure
601,L47600,L,299.97,309.59,1395,42.4,168.3,0,0,0,0,0,0,No_Failure
602,M47601,M,300.8,309.72,2039,53.48,8.1,0,0,0,0,0,0,No_Failure
603,H47602,H,298.5,307.15,1375,50.4,29.3,0,0,0,0,0,0,No_Failure
604,M47603,M,297.26,306.51,1458,55.42,193.2,0,0,0,0,0,0,No_Failure
605,H47604,H,298.78,307.52,1238,40.25,42.2,0,0,0,0,0,0,No_Failure
606,M47605,M,304.37,315.97,1596,43.98,125.4,0,0,0,0,0,0,No_Failure
607,H47606,H,301.27,309.76,1338,36.31,24.9,0,0,0,0,0,0,No_Failure
608,L47607,L,300.55,310.7,1665,41.6,59.5,0,0,0,0,0,0,No_Failure
609,M47608,M,298.05,308.48,1178,42.15,222.5,1,0,0,0,0,1,TWF
610,L47609,L,301.82,312.18,1478,19.23,190.6,0,0,1,0,0,1,PWF
611,M47610,M,297.28,307.73,1168,38.57,47.7,0,0,0,0,0,0,No_Failure
612,M47611,M,296.87,307.81,1412,48.9,54.3,0,0,0,0,0,0,No_Failure
613,H47612,H,298.88,308.44,1448,26.5,119.9,0,0,0,0,0,0,No_Failure
614,H47613,H,303.91,314.0,1392,30.14,160.0,0,0,0,0,0,0,No_Failure
615,L47614,L,303.8,313.5,1410,51.56,147.3,0,0,0,0,0,0,No_Failure
616,M47615,M,299.1,310.4,1675,53.43,72.0,0,0,1,0,0,1,PWF
617,M47616,M,298.65,310.75,1891,33.79,239.5,0,0,0,0,0,0,No_Failure
618,L47617,L,296.72,305.53,1561,41.74,211.3,0,0,0,0,0,0,No_Failure
619,L47618,L,300.16,308.12,1345,39.22,164.9,0,1,0,0,0,1,HDF
620,L47619,L,300.32,310.89,1512,51.77,229.7,0,0,0,0,0,0,No_Failure
621,M47620,M,301.58,312.65,1436,34.67,74.4,0,0,0,0,0,0,No_Failure
622,L47621,L,301.82,313.78,1660,36.21,75.8,0,0,0,0,0,0,No_Failure
623,H47622,H,299.61,310.34,1552,53.41,78.2,0,0,0,0,0,0,No_Failure
624,L47623,L,301.11,312.51,1216,29.97,40.6,0,0,0,0,0,0,No_Failure
625,H47624,H,298.6,310.26,1698,35.02,35.4,0,0,0,0,0,0,No_Failure
626,L47625,L,301.07,312.54,1674,41.33,230.0,0,0,0,0,0,0,No_Failure
627,M47626,M,298.99,309.87,1769,55.24,217.0,0,0,1,0,0,1,PWF
628,L47627,L,300.92,309.64,1407,28.07,138.9,0,0,0,0,0,0,No_Failure
629,M47628,M,300.76,310.75,1554,32.89,167.1,0,0,0,0,0,0,No_Failure
630,H47629,H,300.14,310.44,1287,45.93,60.3,0,0,0,0,0,0,No_Failure
631,H47630,H,301.59,311.49,1491,47.47,5.8,0,0,0,0,0,0,No_Failure
632,H47631,H,296.86,306.82,1571,42.12,111.7,0,0,0,0,0,0,No_Failure
633,L47632,L,297.87,309.44,1386,38.83,169.4,0,0,0,0,0,0,No_Failure
634,L47633,L,299.46,308.7,1562,41.3,172.0,0,0,0,0,0,0,No_Failure
635,L47634,L,297.11,307.91,1530,24.93,152.9,0,0,0,0,0,0,No_Failure
636,L47635,L,299.19,309.5,1419,41.01,234.1,0,0,0,0,0,0,No_Failure
637,M47636,M,299.25,308.39,1752,54.82,53.0,0,0,1,0,0,1,PWF
638,M47637,M,302.62,311.54,1458,26.8,66.7,0,0,0,0,0,0,No_Failure
639,M47638,M,300.29,308.58,1524,32.16,20.1,0,0,0,0,0,0,No_Failure
640,H47639,H,302.06,312.54,1236,36.03,236.9,0,0,0,0,0,0,No_Failure
641,M47640,M,300.6,310.54,1593,36.66,115.0,0,0,0,0,0,0,No_Failure
642,H47641,H,298.93,308.1,1414,58.41,101.6,0,0,0,0,0,0,No_Failure
643,L47642,L,300.27,308.39,1672,30.68,249.4,0,0,0,0,0,0,No_Failure
644,L47643,L,301.46,311.89,1264,28.68,108.2,0,0,0,0,0,0,No_Failure
645,M47644,M,302.39,312.21,1578,47.71,84.7,0,0,0,0,0,0,No_Failure
646,H47645,H,299.74,309.02,1107,33.53,52.8,0,0,0,0,0,0,No_Failure
647,L47646,L,296.7,305.74,1611,47.88,111.3,0,0,0,0,0,0,No_Failure
648,M47647,M,296.56,306.33,1469,38.03,173.5,0,0,0,0,0,0,No_Failure
649,M47648,M,299.35,309.82,1572,44.59,231.3,0,0,0,0,0,0,No_Failure
650,L47649,L,295.32,304.99,1392,24.32,48.4,0,0,0,0,0,0,No_Failure
651,L47650,L,303.59,312.4,1329,44.56,175.2,0,0,0,0,0,0,No_Failure
652,H47651,H,301.19,311.14,1422,42.18,1.7,0,0,0,0,0,0,No_Failure
653,M47652,M,298.73,309.77,1535,37.45,202.6,0,0,0,0,0,0,No_Failure
654,L47653,L,297.78,307.82,1604,27.67,70.9,0,0,0,0,0,0,No_Failure
655,H47654,H,302.06,312.12,1555,42.17,9.9,0,0,0,0,0,0,No_Failure
656,L47655,L,297.77,307.45,1331,47.24,99.7,0,0,0,0,0,0,No_Failure
657,H47656,H,297.96,307.07,1831,34.69,225.8,0,0,0,0,0,0,No_Failure
658,L47657,L,298.47,307.55,1560,34.89,58.9,0,0,0,0,0,0,No_Failure
659,M47658,M,300.23,308.57,1388,47.94,72.7,0,0,0,0,0,0,No_Failure
660,L47659,L,301.24,312.42,1576,57.1,42.4,0,0,0,0,0,0,No_Failure
661,L47660,L,302.39,312.85,1546,49.4,248.3,0,0,0,1,0,1,OSF
662,H47661,H,302.09,312.17,1468,42.29,109.5,0,0,0,0,0,0,No_Failure
663,L47662,L,300.0,310.3,1447,37.57,239.8,1,0,0,0,0,1,TWF
664,L47663,L,302.04,312.38,1677,39.72,23.2,0,0,0,0,0,0,No_Failure
665,L47664,L,298.66,307.92,1811,26.75,113.5,0,0,0,0,0,0,No_Failure
666,M47665,M,296.36,306.03,1134,38.46,120.0,0,0,0,0,0,0,No_Failure
667,H47666,H,298.66,308.18,1721,51.2,64.7,0,0,1,0,0,1,PWF
668,H47667,H,298.39,310.9,1504,40.4,125.8,0,0,0,0,0,0,No_Failure
669,L47668,L,298.74,309.76,1543,33.75,88.7,0,0,0,0,0,0,No_Failure
670,L47669,L,298.08,308.25,1743,32.82,62.4,0,0,0,0,0,0,No_Failure
671,L47670,L,299.08,310.44,1022,39.68,92.4,0,0,0,0,0,0,No_Failure
672,M47671,M,301.24,312.48,1647,27.65,160.7,0,0,0,0,0,0,No_Failure
673,H47672,H,303.43,312.05,1731,30.91,118.4,0,0,0,0,0,0,No_Failure
674,M47673,M,296.55,306.33,1376,55.33,103.5,0,0,0,0,0,0,No_Failure
675,M47674,M,297.42,307.41,1249,29.64,216.0,0,0,0,0,0,0,No_Failure
676,L47675,L,298.42,309.03,1795,31.98,163.2,0,0,0,0,0,0,No_Failure
677,H47676,H,301.53,311.31,1184,42.91,161.2,0,0,0,0,0,0,No_Failure
678,L47677,L,299.59,309.49,1575,35.58,56.2,0,0,0,0,0,0,No_Failure
679,L47678,L,298.55,308.09,1684,40.89,189.8,0,0,0,0,0,0,No_Failure
680,L47679,L,301.43,312.48,1571,48.63,9.3,0,0,0,0,0,0,No_Failure
681,L47680,L,301.91,310.47,1602,24.53,54.0,0,0,0,0,0,0,No_Failure
682,L47681,L,299.96,309.54,1452,47.54,104.4,0,0,0,0,0,0,No_Failure
683,L47682,L,298.37,306.52,1583,34.18,225.0,0,0,0,0,0,0,No_Failure
684,L47683,L,300.54,309.51,1372,37.14,7.1,0,0,0,0,0,0,No_Failure
685,M47684,M,299.53,309.85,1396,59.22,112.6,0,0,0,0,0,0,No_Failure
686,L47685,L,299.52,309.85,1506,25.97,30.3,0,0,0,0,0,0,No_Failure
687,L47686,L,298.98,308.66,1223,45.91,58.2,0,0,0,0,0,0,No_Failure
688,H47687,H,301.85,312.97,1604,51.28,102.6,0,0,0,0,0,0,No_Failure
689,M47688,M,300.5,311.85,1053,33.16,24.9,0,0,0,0,0,0,No_Failure
690,M47689,M,302.07,312.0,1565,33.32,209.9,0,0,0,0,0,0,No_Failure
691,L47690,L,302.67,312.92,1582,36.31,21.0,0,0,0,0,0,0,No_Failure
692,H47691,H,300.92,310.47,1357,33.11,148.1,0,0,0,0,0,0,No_Failure
693,L47692,L,298.99,309.61,1278,40.66,41.3,0,0,0,0,0,0,No_Failure
694,L47693,L,302.08,310.89,1427,48.93,27.0,0,0,0,0,0,0,No_Failure
695,H47694,H,300.93,312.73,1615,36.37,117.1,0,0,0,0,0,0,No_Failure
696,M47695,M,305.21,316.35,1562,49.29,87.4,0,0,0,0,0,0,No_Failure
697,M47696,M,300.62,309.42,1300,54.01,11.4,0,0,0,0,0,0,No_Failure
698,M47697,M,301.4,310.61,1519,44.31,16.4,0,0,0,0,0,0,No_Failure
699,M47698,M,300.58,311.0,1547,45.25,75.7,0,0,0,0,0,0,No_Failure
700,L47699,L,299.8,309.46,1540,34.06,198.1,0,0,0,0,0,0,No_Failure
701,L47700,L,299.48,310.03,1322,13.77,215.4,0,0,1,0,0,1,PWF
702,L47701,L,300.59,310.23,1528,45.86,16.8,0,0,0,0,0,0,No_Failure
703,L47702,L,301.04,312.57,1665,47.96,43.4,0,0,0,0,0,0,No_Failure
704,H47703,H,302.31,312.32,1597,42.42,85.8,0,0,0,0,0,0,No_Failure
705,L47704,L,300.62,313.04,1574,49.1,164.5,0,0,0,0,0,0,No_Failure
706,M47705,M,299.07,309.68,1796,34.52,72.1,0,0,0,0,0,0,No_Failure
707,M47706,M,299.35,308.0,1530,45.19,56.1,0,0,0,0,0,0,No_Failure
708,M47707,M,297.35,309.44,1348,54.72,148.8,0,0,1,0,0,1,PWF
709,L47708,L,303.32,314.42,1349,46.66,172.4,0,0,0,0,0,0,No_Failure
710,L47709,L,298.92,309.3,1532,53.43,123.3,0,0,0,0,0,0,No_Failure
711,H47710,H,301.93,312.58,1241,53.49,169.1,0,0,0,0,0,0,No_Failure
712,M47711,M,300.55,309.36,1444,27.79,1.0,0,0,0,0,0,0,No_Failure
713,H47712,H,300.61,308.8,1584,47.19,82.9,0,0,0,0,0,0,No_Failure
714,H47713,H,299.77,309.72,1711,33.68,154.2,0,0,0,0,0,0,No_Failure
715,M47714,M,298.42,309.8,1222,28.93,164.7,0,0,0,0,0,0,No_Failure
716,L47715,L,298.06,308.46,1518,37.14,49.2,0,0,0,0,0,0,No_Failure
717,M47716,M,303.46,315.17,1488,57.54,84.0,0,0,0,0,0,0,No_Failure
718,L47717,L,300.23,311.55,1507,34.56,57.3,0,0,0,0,0,0,No_Failure
719,M47718,M,302.25,312.27,1525,22.42,227.3,0,0,0,0,0,0,No_Failure
720,H47719,H,302.77,313.95,1494,25.55,74.9,0,0,0,0,0,0,No_Failure
721,M47720,M,299.18,310.7,1751,44.78,223.1,1,0,0,0,0,1,TWF
722,L47721,L,300.85,310.77,1724,32.41,223.6,1,0,0,0,0,1,TWF
723,L47722,L,300.09,309.88,1886,19.57,133.0,0,0,0,0,0,0,No_Failure
724,H47723,H,297.69,307.83,1498,25.95,220.3,0,0,0,0,0,0,No_Failure
725,L47724,L,299.63,307.22,1426,41.67,19.4,0,0,0,0,0,0,No_Failure
726,L47725,L,301.18,311.46,1326,47.79,31.9,0,0,0,0,0,0,No_Failure
727,L47726,L,299.0,309.72,1407,35.54,102.9,0,0,0,0,0,0,No_Failure
728,L47727,L,299.35,309.49,1629,46.49,175.0,0,0,0,0,0,0,No_Failure
729,L47728,L,299.65,310.0,1656,49.15,245.5,0,0,0,0,0,0,No_Failure
730,M47729,M,304.22,314.18,1622,32.16,118.1,0,0,0,0,0,0,No_Failure
731,L47730,L,296.33,304.33,1380,38.79,1.9,0,0,0,0,0,0,No_Failure
732,L47731,L,301.0,312.67,1381,34.0,45.9,0,0,0,0,0,0,No_Failure
733,L47732,L,299.49,309.13,1852,45.39,110.8,0,0,0,0,0,0,No_Failure
734,L47733,L,298.72,308.1,1350,33.88,174.6,0,0,0,0,0,0,No_Failure
735,L47734,L,299.44,310.8,1755,27.87,148.4,0,0,0,0,0,0,No_Failure
736,M47735,M,301.33,312.31,1573,40.53,221.7,0,0,0,0,0,0,No_Failure
737,L47736,L,301.45,311.72,1368,51.1,67.2,0,0,0,0,0,0,No_Failure
738,L47737,L,300.37,311.14,1287,45.11,136.6,0,0,0,0,0,0,No_Failure
739,L47738,L,302.19,311.03,1376,50.07,36.5,0,0,0,0,0,0,No_Failure
740,L47739,L,302.54,312.46,1575,49.19,163.2,0,0,0,0,0,0,No_Failure
741,L47740,L,301.63,312.93,1336,40.42,192.9,0,0,0,0,0,0,No_Failure
742,L47741,L,298.91,308.23,1780,34.03,129.9,0,0,0,0,0,0,No_Failure
743,H47742,H,300.99,309.99,1463,31.3,113.4,0,0,0,0,0,0,No_Failure
744,L47743,L,301.0,311.08,1626,24.13,47.0,0,0,0,0,0,0,No_Failure
745,M47744,M,298.37,308.47,1612,51.9,236.3,0,0,0,0,0,0,No_Failure
746,L47745,L,296.86,307.51,1792,36.69,153.4,0,0,0,0,0,0,No_Failure
747,L47746,L,295.95,304.58,1421,22.95,206.2,0,0,1,0,0,1,PWF
748,L47747,L,300.14,307.59,1519,52.34,6.1,0,0,0,0,0,0,No_Failure
749,M47748,M,300.6,311.52,1248,40.94,63.6,0,0,0,0,0,0,No_Failure
750,H47749,H,297.64,306.55,1519,49.68,122.0,0,0,0,0,0,0,No_Failure
751,L47750,L,302.09,311.48,1705,37.38,135.7,0,0,0,0,0,0,No_Failure
752,L47751,L,300.3,308.12,1540,32.07,102.5,0,0,0,0,0,0,No_Failure
753,L47752,L,302.7,313.72,1916,44.46,85.3,0,0,0,0,0,0,No_Failure
754,L47753,L,300.74,311.09,1594,45.29,113.9,0,0,0,0,0,0,No_Failure
755,M47754,M,297.87,308.18,1403,37.2,92.6,0,0,0,0,0,0,No_Failure
756,L47755,L,300.92,311.22,1582,53.14,10.1,0,0,0,0,0,0,No_Failure
757,L47756,L,301.34,309.28,1237,49.45,175.3,0,1,0,0,0,1,HDF
758,H47757,H,298.9,307.92,1356,45.65,195.1,0,0,0,0,0,0,No_Failure
759,L47758,L,297.12,306.66,1281,28.9,78.7,0,0,0,0,0,0,No_Failure
760,L47759,L,300.2,309.45,1503,27.49,244.4,0,0,0,0,0,0,No_Failure
761,M47760,M,298.0,307.73,1489,51.99,249.7,1,0,0,0,0,1,TWF
762,L47761,L,302.24,312.49,1717,18.12,143.8,0,0,0,0,0,0,No_Failure
763,L47762,L,299.19,310.19,1482,39.09,200.9,0,0,0,0,0,0,No_Failure
764,L47763,L,303.45,311.97,1320,41.47,138.0,0,0,0,0,0,0,No_Failure
765,H47764,H,295.75,305.74,1781,35.1,66.1,0,0,0,0,0,0,No_Failure
766,L47765,L,300.27,310.98,970,39.65,17.7,0,0,0,0,0,0,No_Failure
767,L47766,L,302.86,311.93,1507,44.2,87.1,0,0,0,0,0,0,No_Failure
768,L47767,L,298.22,308.03,1539,34.13,46.9,0,0,0,0,0,0,No_Failure
769,L47768,L,299.68,310.15,1498,48.81,233.3,0,0,0,0,0,0,No_Failure
770,M47769,M,299.19,309.21,1590,45.82,245.7,1,0,0,0,0,1,TWF
771,L47770,L,298.63,309.31,1520,38.2,134.5,0,0,0,0,0,0,No_Failure
772,M47771,M,300.49,310.58,1590,31.74,142.5,0,0,0,0,0,0,No_Failure
773,M47772,M,297.41,307.1,1392,39.09,235.4,0,0,0,0,0,0,No_Failure
774,H47773,H,299.78,308.61,1237,61.11,189.1,0,0,0,0,0,0,No_Failure
775,L47774,L,301.03,311.28,1492,32.43,41.0,0,0,0,0,0,0,No_Failure
776,H47775,H,299.57,309.67,1315,55.31,240.8,1,0,0,0,0,1,TWF
777,M47776,M,298.0,307.01,1369,22.45,144.6,0,0,1,0,0,1,PWF
778,L47777,L,302.06,312.64,1709,31.39,5.2,0,0,1,0,0,1,PWF
779,M47778,M,301.46,312.73,1780,34.57,49.6,0,0,0,0,0,0,No_Failure
780,H47779,H,297.92,307.26,1706,49.49,201.6,0,0,0,0,0,0,No_Failure
781,L47780,L,297.41,306.68,1672,40.55,32.3,0,0,0,0,0,0,No_Failure
782,H47781,H,298.1,307.33,1511,53.1,215.4,0,0,0,0,0,0,No_Failure
783,L47782,L,301.09,309.41,1683,36.67,198.9,0,0,0,0,0,0,No_Failure
784,M47783,M,300.55,312.56,1564,39.46,8.9,0,0,0,0,0,0,No_Failure
785,H47784,H,301.58,311.13,1851,36.71,83.8,0,0,0,0,0,0,No_Failure
786,L47785,L,299.35,308.49,1335,60.26,128.2,0,0,0,0,0,0,No_Failure
787,H47786,H,298.15,307.02,1621,28.8,19.2,0,0,0,0,0,0,No_Failure
788,L47787,L,301.84,311.45,1272,34.92,146.6,0,0,0,0,0,0,No_Failure
789,M47788,M,298.89,308.2,1622,30.22,248.0,0,0,0,0,0,0,No_Failure
790,M47789,M,300.37,311.81,1191,45.73,151.8,0,0,0,0,0,0,No_Failure
791,L47790,L,296.9,305.65,1282,28.59,124.9,0,0,0,0,0,0,No_Failure
792,L47791,L,298.86,307.32,1269,58.22,219.3,0,0,0,0,0,0,No_Failure
793,L47792,L,302.02,312.57,1545,40.81,243.9,1,0,0,0,0,1,TWF
794,L47793,L,298.57,308.46,1564,44.12,228.0,0,0,0,0,0,0,No_Failure
795,L47794,L,301.63,311.41,1941,44.63,9.3,0,0,0,0,0,0,No_Failure
796,L47795,L,295.34,305.9,1484,39.8,25.2,0,0,0,0,0,0,No_Failure
797,L47796,L,298.88,309.02,1639,41.22,155.7,0,0,0,0,0,0,No_Failure
798,L47797,L,299.66,309.61,1529,40.85,57.4,0,0,0,0,0,0,No_Failure
799,M47798,M,303.49,312.08,1624,45.19,131.8,0,0,0,0,0,0,No_Failure
800,M47799,M,297.66,305.99,1526,31.78,212.1,0,0,0,0,0,0,No_Failure
801,M47800,M,301.34,310.64,1698,30.08,237.4,0,0,0,0,0,0,No_Failure
802,L47801,L,302.11,311.03,1311,48.21,84.4,0,0,0,0,0,0,No_Failure
803,H47802,H,298.56,308.83,1059,39.98,214.7,0,0,0,0,0,0,No_Failure
804,M47803,M,299.25,307.45,1575,19.94,127.5,0,0,0,0,0,0,No_Failure
805,L47804,L,300.28,309.84,1175,35.25,166.6,0,0,0,0,0,0,No_Failure
806,L47805,L,297.04,306.86,1736,55.3,31.7,0,0,0,0,0,0,No_Failure
807,M47806,M,299.09,309.05,1401,38.4,16.0,0,0,0,0,0,0,No_Failure
808,L47807,L,302.55,312.95,1313,34.69,197.4,0,0,0,0,0,0,No_Failure
809,M47808,M,301.05,310.72,1986,25.05,151.4,0,0,0,0,0,0,No_Failure
810,H47809,H,299.69,309.02,1497,34.32,208.4,0,0,0,0,0,0,No_Failure
811,L47810,L,300.23,311.47,1462,28.36,29.3,0,0,0,0,0,0,No_Failure
812,L47811,L,301.16,310.84,1635,44.29,43.5,0,0,0,0,0,0,No_Failure
813,H47812,H,301.54,312.96,1647,40.49,15.9,0,0,0,0,0,0,No_Failure
814,M47813,M,298.89,308.56,1705,36.37,164.5,0,0,0,0,0,0,No_Failure
815,L47814,L,303.07,313.05,1260,32.38,155.7,0,0,0,0,0,0,No_Failure
816,H47815,H,302.63,312.49,1596,55.26,107.7,0,0,0,0,0,0,No_Failure
817,H47816,H,301.35,311.59,1447,32.95,34.2,0,0,0,0,0,0,No_Failure
818,M47817,M,298.31,307.89,1334,32.98,6.0,0,0,0,0,0,0,No_Failure
819,M47818,M,297.96,308.06,1509,37.57,65.5,0,0,0,0,0,0,No_Failure
820,L47819,L,299.35,310.88,1174,38.97,0.7,0,0,0,0,0,0,No_Failure
821,L47820,L,300.12,311.17,1666,44.82,240.0,1,0,0,0,0,1,TWF
822,M47821,M,296.46,307.52,1448,49.3,43.1,0,0,0,0,0,0,No_Failure
823,L47822,L,300.99,309.65,1414,48.56,67.2,0,0,0,0,0,0,No_Failure
824,M47823,M,302.57,311.39,1475,64.3,202.0,0,0,0,0,0,0,No_Failure
825,H47824,H,301.15,311.37,1470,23.07,251.7,0,0,0,0,0,0,No_Failure
826,L47825,L,298.65,309.42,1705,42.31,157.0,0,0,0,0,0,0,No_Failure
827,M47826,M,298.41,307.89,1303,34.79,64.1,0,0,0,0,0,0,No_Failure
828,L47827,L,300.6,309.9,1431,60.1,114.6,0,0,0,0,0,0,No_Failure
829,H47828,H,299.69,311.09,1461,41.76,15.1,0,0,0,0,0,0,No_Failure
830,L47829,L,300.89,311.57,1308,19.7,27.6,0,0,1,0,0,1,PWF
831,M47830,M,301.2,312.26,1529,44.34,179.5,0,0,0,0,0,0,No_Failure
832,M47831,M,302.18,311.74,1370,42.67,209.9,0,0,0,0,0,0,No_Failure
833,L47832,L,297.74,307.22,1247,47.58,68.3,0,0,0,0,0,0,No_Failure
834,M47833,M,300.44,311.39,1595,32.76,186.8,0,0,0,0,0,0,No_Failure
835,M47834,M,299.27,309.01,1779,43.28,162.0,0,0,0,0,0,0,No_Failure
836,M47835,M,299.8,309.19,1509,37.3,128.9,0,1,0,0,0,1,HDF
837,M47836,M,301.73,310.82,1481,33.29,73.2,0,0,0,0,0,0,No_Failure
838,H47837,H,301.95,311.43,1478,43.43,249.3,1,0,0,0,0,1,TWF
839,L47838,L,302.8,313.67,1407,41.53,62.7,0,0,0,0,0,0,No_Failure
840,M47839,M,300.85,309.34,1711,50.5,52.8,0,0,1,0,0,1,PWF
841,L47840,L,299.78,310.41,1517,40.27,27.8,0,0,0,0,0,0,No_Failure
842,M47841,M,299.49,308.79,1108,46.04,166.7,0,0,0,0,0,0,No_Failure
843,M47842,M,296.53,306.32,1716,27.93,228.0,1,0,0,0,0,1,TWF
844,L47843,L,302.68,312.53,1672,53.95,33.9,0,0,1,0,0,1,PWF
845,L47844,L,299.36,309.14,1608,32.23,26.4,0,0,0,0,1,1,RNF
846,H47845,H,301.01,310.72,1004,49.03,228.8,0,0,0,0,0,0,No_Failure
847,L47846,L,301.36,310.91,1499,42.63,167.1,0,0,1,0,0,1,PWF
848,M47847,M,297.51,306.94,1661,41.36,245.2,0,0,0,0,0,0,No_Failure
849,L47848,L,298.15,309.47,1568,47.6,179.7,0,0,0,0,0,0,No_Failure
850,H47849,H,303.09,313.12,1537,18.6,195.2,0,0,0,0,0,0,No_Failure
851,L47850,L,300.58,310.45,1661,34.26,116.8,0,0,0,0,0,0,No_Failure
852,L47851,L,298.84,308.19,1525,47.46,60.3,0,0,0,0,0,0,No_Failure
853,H47852,H,299.75,309.34,1717,59.22,144.0,0,0,0,0,0,0,No_Failure
854,H47853,H,302.17,311.53,1529,39.76,90.6,0,0,0,0,0,0,No_Failure
855,L47854,L,301.87,312.63,1515,15.62,118.8,0,0,1,0,0,1,PWF
856,L47855,L,297.07,306.31,1661,36.83,130.5,0,0,0,0,0,0,No_Failure
857,M47856,M,303.27,311.02,1428,39.4,6.7,0,0,0,0,0,0,No_Failure
858,H47857,H,301.93,311.99,1302,51.09,154.0,0,0,0,0,0,0,No_Failure
859,L47858,L,299.7,309.42,1501,40.48,90.7,0,0,0,0,0,0,No_Failure
860,M47859,M,297.62,307.03,1606,27.23,205.5,0,0,0,0,0,0,No_Failure
861,M47860,M,302.11,313.02,1667,49.63,14.2,0,0,0,0,0,0,No_Failure
862,M47861,M,300.95,308.22,1668,45.68,140.7,0,0,0,0,0,0,No_Failure
863,M47862,M,297.08,308.66,1488,33.01,91.1,0,0,0,0,0,0,No_Failure
864,M47863,M,299.54,310.59,1469,47.2,23.6,0,0,0,0,0,0,No_Failure
865,L47864,L,306.25,315.62,1393,34.53,104.7,0,0,0,0,0,0,No_Failure
866,H47865,H,300.03,309.58,1545,37.02,103.5,0,0,0,0,0,0,No_Failure
867,H47866,H,298.52,309.02,1205,34.7,190.6,0,0,0,0,0,0,No_Failure
868,M47867,M,297.98,308.51,1504,36.9,38.5,0,0,0,0,0,0,No_Failure
869,L47868,L,303.54,312.91,2013,49.07,210.1,0,0,0,0,0,0,No_Failure
870,L47869,L,301.7,310.08,1229,22.14,12.1,0,0,0,0,0,0,No_Failure
871,M47870,M,302.81,314.93,1528,51.04,130.5,0,0,0,0,0,0,No_Failure
872,L47871,L,300.5,311.45,1568,41.76,164.2,0,0,0,0,0,0,No_Failure
873,H47872,H,302.51,312.66,1591,36.1,3.6,0,0,0,0,0,0,No_Failure
874,L47873,L,298.3,308.48,1326,40.21,17.5,0,0,0,0,0,0,No_Failure
875,M47874,M,300.33,310.95,1593,30.91,69.2,0,0,0,0,0,0,No_Failure
876,H47875,H,300.57,311.32,1404,23.68,96.5,0,0,1,0,0,1,PWF
877,L47876,L,302.76,310.68,1243,31.19,87.7,0,0,0,0,0,0,No_Failure
878,L47877,L,300.64,310.29,1671,21.05,245.7,0,0,0,0,0,0,No_Failure
879,M47878,M,298.75,308.29,1620,26.47,42.2,0,0,0,0,0,0,No_Failure
880,M47879,M,300.13,309.97,1326,23.77,225.4,0,0,0,0,0,0,No_Failure
881,L47880,L,296.65,307.42,1402,52.24,239.0,0,0,0,0,0,0,No_Failure
882,M47881,M,295.36,303.57,1396,27.16,44.4,0,0,0,0,0,0,No_Failure
883,H47882,H,301.66,310.31,1204,39.59,191.9,0,0,0,0,0,0,No_Failure
884,L47883,L,299.25,308.57,1637,51.17,252.5,0,0,0,0,0,0,No_Failure
885,L47884,L,299.48,309.63,1644,48.5,62.7,0,0,0,0,0,0,No_Failure
886,L47885,L,301.66,312.49,1440,37.05,127.2,0,0,0,0,0,0,No_Failure
887,L47886,L,302.79,314.43,1495,37.09,192.0,0,0,0,0,0,0,No_Failure
888,L47887,L,301.07,310.78,1521,41.8,185.9,0,0,0,0,0,0,No_Failure
889,L47888,L,303.86,314.69,1544,61.12,210.8,0,0,1,0,0,1,PWF
890,M47889,M,301.01,311.72,1257,44.13,88.1,0,0,0,0,0,0,No_Failure
891,L47890,L,300.6,311.15,1588,46.68,30.5,0,0,0,0,0,0,No_Failure
892,H47891,H,300.48,310.46,1288,62.66,171.1,0,0,0,0,0,0,No_Failure
893,L47892,L,297.43,307.03,1623,42.78,85.9,0,0,0,0,0,0,No_Failure
894,L47893,L,301.91,310.85,1308,51.48,163.5,0,0,0,0,0,0,No_Failure
895,M47894,M,295.11,303.98,1266,44.78,119.8,0,1,0,0,0,1,HDF
896,H47895,H,298.83,309.17,1495,44.63,116.0,0,0,0,0,0,0,No_Failure
897,L47896,L,300.05,309.99,1491,30.37,223.0,0,0,0,0,0,0,No_Failure
898,L47897,L,298.42,308.0,1519,28.71,162.0,0,0,0,0,0,0,No_Failure
899,L47898,L,299.1,309.76,1339,34.88,158.0,0,0,0,0,0,0,No_Failure
900,M47899,M,303.68,313.48,1537,48.82,245.6,0,0,0,0,0,0,No_Failure
901,L47900,L,302.21,311.29,1553,48.34,68.2,0,0,0,0,0,0,No_Failure
902,L47901,L,298.63,308.36,1710,53.33,174.2,0,1,0,0,0,1,HDF
903,L47902,L,299.06,309.88,1533,39.89,89.9,0,0,0,0,0,0,No_Failure
904,L47903,L,297.45,306.42,1392,45.38,151.5,0,0,0,0,0,0,No_Failure
905,H47904,H,301.41,311.62,1258,45.42,206.7,0,0,0,0,0,0,No_Failure
906,M47905,M,299.5,309.45,1225,38.93,233.5,0,0,0,0,0,0,No_Failure
907,L47906,L,296.07,305.31,1558,36.78,108.1,0,0,0,0,0,0,No_Failure
908,L47907,L,300.2,309.91,1643,25.15,210.5,0,0,0,0,0,0,No_Failure
909,L47908,L,300.88,309.31,1340,38.47,84.8,0,0,0,0,0,0,No_Failure
910,L47909,L,301.93,312.04,1546,38.96,167.2,0,0,0,0,0,0,No_Failure
911,M47910,M,299.85,308.49,1469,51.34,222.0,0,0,0,0,0,0,No_Failure
912,H47911,H,299.25,310.33,1629,52.33,173.4,0,0,0,0,0,0,No_Failure
913,H47912,H,303.97,313.88,1656,41.46,178.6,0,0,0,0,0,0,No_Failure
914,H47913,H,300.01,309.44,1092,60.63,211.9,0,0,0,0,0,0,No_Failure
915,H47914,H,301.44,312.6,1686,41.9,63.9,0,0,0,0,0,0,No_Failure
916,H47915,H,298.92,307.89,1545,50.33,189.0,0,0,1,0,0,1,PWF
917,L47916,L,301.38,310.63,1404,39.0,161.3,0,0,0,0,0,0,No_Failure
918,L47917,L,297.09,305.26,1409,28.6,138.1,0,0,0,0,0,0,No_Failure
919,L47918,L,299.08,310.39,1506,35.75,246.7,0,0,0,0,0,0,No_Failure
920,M47919,M,297.58,309.46,1409,54.74,104.4,0,0,1,0,0,1,PWF
921,L47920,L,298.79,307.12,1331,37.36,59.4,0,1,0,0,0,1,HDF
922,H47921,H,302.5,311.69,1373,35.34,212.3,0,0,0,0,0,0,No_Failure
923,M47922,M,298.78,308.85,1313,39.96,46.8,0,0,0,0,0,0,No_Failure
924,M47923,M,301.44,310.92,1742,36.11,188.6,0,0,0,0,0,0,No_Failure
925,L47924,L,303.03,313.0,1510,51.94,234.8,0,0,0,0,0,0,No_Failure
926,L47925,L,299.94,309.83,1906,58.85,207.9,0,0,1,0,0,1,PWF
927,L47926,L,301.99,312.4,1567,40.06,160.2,0,0,0,0,0,0,No_Failure
928,H47927,H,301.06,310.1,1606,45.4,233.6,1,0,0,0,0,1,TWF
929,M47928,M,300.23,310.43,1309,49.72,123.7,0,0,0,0,0,0,No_Failure
930,M47929,M,301.5,310.38,1461,41.09,19.1,0,0,0,0,0,0,No_Failure
931,L47930,L,303.68,313.27,1513,31.22,185.9,0,0,0,0,0,0,No_Failure
932,L47931,L,298.73,306.99,1385,35.91,181.4,0,0,0,0,0,0,No_Failure
933,L47932,L,298.08,307.68,1416,44.12,218.9,0,0,0,0,0,0,No_Failure
934,M47933,M,297.96,307.39,1576,43.94,102.7,0,0,0,0,0,0,No_Failure
935,M47934,M,301.99,312.93,1579,22.08,36.7,0,0,0,0,0,0,No_Failure
936,L47935,L,302.26,312.2,1259,35.63,26.0,0,0,0,0,0,0,No_Failure
937,H47936,H,298.93,309.05,1551,32.63,87.4,0,0,0,0,0,0,No_Failure
938,L47937,L,295.73,305.71,1600,48.82,200.6,0,0,0,0,0,0,No_Failure
939,H47938,H,298.65,306.52,1394,33.02,131.9,0,0,0,0,0,0,No_Failure
940,L47939,L,301.1,309.1,1375,35.39,43.1,0,1,0,0,0,1,HDF
941,L47940,L,299.87,309.55,1579,35.04,61.2,0,0,0,0,0,0,No_Failure
942,H47941,H,300.36,310.64,1037,47.91,88.1,0,0,0,0,0,0,No_Failure
943,L47942,L,298.95,308.72,1500,49.69,121.5,0,0,0,0,0,0,No_Failure
944,L47943,L,302.03,311.16,1794,44.94,212.4,0,0,0,0,0,0,No_Failure
945,L47944,L,300.69,310.45,1033,51.06,251.1,1,0,0,1,0,1,TWF
946,L47945,L,301.17,310.85,1648,52.35,151.6,0,0,1,0,0,1,PWF
947,M47946,M,300.32,311.1,1598,21.9,98.5,0,0,0,0,0,0,No_Failure
948,H47947,H,301.05,311.77,1241,45.92,46.4,0,0,0,0,0,0,No_Failure
949,H47948,H,300.92,310.36,1594,36.3,129.3,0,0,0,0,0,0,No_Failure
950,L47949,L,298.14,308.09,1680,27.43,155.1,0,0,0,0,0,0,No_Failure
951,M47950,M,300.75,311.02,1288,36.8,82.7,0,0,0,0,0,0,No_Failure
952,L47951,L,301.58,312.01,1373,47.31,82.0,0,0,0,0,0,0,No_Failure
953,L47952,L,302.31,313.96,1505,54.55,209.6,0,0,0,0,0,0,No_Failure
954,L47953,L,300.83,310.8,1676,26.55,167.0,0,0,0,0,0,0,No_Failure
955,H47954,H,298.07,309.24,1403,46.18,113.9,0,0,0,0,0,0,No_Failure
956,H47955,H,298.38,307.22,1492,59.66,141.1,0,0,0,0,0,0,No_Failure
957,M47956,M,299.13,308.49,1380,58.31,127.7,0,0,0,0,0,0,No_Failure
958,M47957,M,300.38,308.24,1504,5.47,44.1,0,0,0,0,0,0,No_Failure
959,L47958,L,299.76,309.91,1688,61.79,220.2,0,0,1,1,0,1,PWF
960,M47959,M,297.75,308.4,1519,49.61,23.0,0,0,0,0,0,0,No_Failure
961,M47960,M,297.74,305.19,1436,16.93,53.9,0,0,1,0,0,1,PWF
962,L47961,L,295.8,305.99,1494,32.34,142.1,0,0,0,0,0,0,No_Failure
963,L47962,L,293.76,304.37,1356,52.58,116.7,0,0,0,0,0,0,No_Failure
964,L47963,L,299.74,310.28,1321,43.6,150.6,0,0,0,0,0,0,No_Failure
965,H47964,H,304.64,313.44,1717,34.26,232.7,1,0,0,0,0,1,TWF
966,L47965,L,303.59,314.37,1795,40.66,72.4,0,0,0,0,0,0,No_Failure
967,H47966,H,298.04,308.05,1178,45.46,38.1,0,0,0,0,0,0,No_Failure
968,L47967,L,300.3,310.89,1605,34.21,30.7,0,0,0,0,0,0,No_Failure
969,M47968,M,297.07,306.94,1655,38.73,14.9,0,0,0,0,0,0,No_Failure
970,L47969,L,297.38,307.76,1282,48.97,200.1,0,0,0,0,0,0,No_Failure
971,L47970,L,297.61,308.71,1415,32.99,115.7,0,0,0,0,0,0,No_Failure
972,L47971,L,299.55,309.34,1396,26.43,64.7,0,0,0,0,0,0,No_Failure
973,L47972,L,299.64,309.92,1842,33.63,170.5,0,0,0,0,0,0,No_Failure
974,H47973,H,300.51,311.76,1797,31.11,196.7,0,0,0,0,0,0,No_Failure
975,L47974,L,301.33,311.19,1334,33.95,237.1,0,0,0,0,0,0,No_Failure
976,M47975,M,299.33,308.2,1237,22.73,101.1,0,0,0,0,0,0,No_Failure
977,L47976,L,300.07,310.75,1639,42.36,174.4,0,0,0,0,0,0,No_Failure
978,L47977,L,297.81,309.25,1598,48.68,68.5,0,0,0,0,0,0,No_Failure
979,M47978,M,297.31,308.6,1724,31.88,219.0,0,0,0,0,0,0,No_Failure
980,L47979,L,297.0,307.72,1309,33.48,229.9,0,0,0,0,0,0,No_Failure
981,H47980,H,301.3,308.95,1630,38.13,159.5,0,0,0,0,0,0,No_Failure
982,H47981,H,299.32,308.69,1368,30.89,166.7,0,0,0,0,0,0,No_Failure
983,M47982,M,296.26,305.67,1612,49.84,166.9,0,0,0,0,0,0,No_Failure
984,L47983,L,299.87,309.92,1493,31.11,149.7,0,0,0,0,0,0,No_Failure
985,L47984,L,297.5,309.19,1842,34.74,111.0,0,0,0,0,0,0,No_Failure
986,H47985,H,303.32,312.24,1581,32.37,187.3,0,0,0,0,0,0,No_Failure
987,L47986,L,298.84,311.08,1443,50.07,247.1,0,0,0,0,0,0,No_Failure
988,L47987,L,301.36,310.98,1525,37.69,188.7,0,0,0,0,0,0,No_Failure
989,L47988,L,302.18,311.41,1482,59.93,78.3,0,0,0,0,0,0,No_Failure
990,M47989,M,298.09,308.94,1292,43.54,126.6,0,0,0,0,0,0,No_Failure
991,M47990,M,300.15,311.08,1846,51.58,151.1,0,0,0,0,0,0,No_Failure
992,M47991,M,301.11,311.76,1788,36.76,20.8,0,0,0,0,0,0,No_Failure
993,M47992,M,300.23,309.46,1468,30.57,124.5,0,0,0,0,0,0,No_Failure
994,L47993,L,300.72,311.22,1626,39.67,25.9,0,0,0,0,0,0,No_Failure
995,H47994,H,297.34,306.31,1869,33.21,129.2,0,0,0,0,0,0,No_Failure
996,L47995,L,301.11,310.31,1723,20.01,22.0,0,1,0,0,0,1,HDF
997,M47996,M,299.03,308.93,1445,50.14,91.4,0,0,0,0,0,0,No_Failure
998,L47997,L,300.7,309.88,1484,40.33,241.5,0,0,0,0,0,0,No_Failure
999,H47998,H,301.84,312.89,1191,33.0,1.9,0,0,0,0,0,0,No_Failure
1000,L47999,L,301.34,310.76,1639,43.76,69.4,0,0,0,0,0,0,No_Failure
1001,L48000,L,300.7,310.48,1724,40.47,94.0,0,0,0,0,0,0,No_Failure
1002,L48001,L,301.28,310.4,1725,54.1,149.3,0,0,0,0,0,0,No_Failure
1003,L48002,L,301.38,312.41,1626,44.33,244.3,0,0,0,0,0,0,No_Failure
1004,L48003,L,302.99,312.32,1563,38.43,161.9,0,0,0,0,0,0,No_Failure
1005,M48004,M,299.93,311.07,1320,46.93,226.1,1,0,0,0,0,1,TWF
1006,L48005,L,300.33,311.4,1558,39.64,41.1,0,0,0,0,0,0,No_Failure
1007,H48006,H,301.86,311.42,1386,41.84,73.0,0,0,0,0,0,0,No_Failure
1008,L48007,L,299.02,309.05,1595,52.26,224.4,1,0,0,0,0,1,TWF
1009,M48008,M,297.33,306.86,1363,28.31,1.3,0,0,0,0,0,0,No_Failure
1010,L48009,L,300.99,311.53,1593,31.37,114.8,0,0,0,0,0,0,No_Failure
1011,M48010,M,299.59,309.39,1738,35.81,114.6,0,0,0,0,0,0,No_Failure
1012,M48011,M,297.58,307.17,1568,37.27,239.4,0,0,0,0,0,0,No_Failure
1013,L48012,L,301.0,311.05,1559,51.57,113.7,0,0,0,0,0,0,No_Failure
1014,H48013,H,302.86,311.28,1664,25.85,229.3,0,0,0,0,0,0,No_Failure
1015,L48014,L,296.74,306.66,1819,39.71,148.1,0,0,0,0,0,0,No_Failure
1016,L48015,L,302.04,312.69,1481,34.49,75.9,0,0,0,0,0,0,No_Failure
1017,M48016,M,294.93,305.06,1594,57.0,37.5,0,0,0,0,0,0,No_Failure
1018,H48017,H,299.2,310.15,1772,48.84,124.0,0,0,0,0,0,0,No_Failure
1019,L48018,L,303.68,313.3,1620,42.39,4.5,0,0,0,0,0,0,No_Failure
1020,L48019,L,299.34,308.88,1140,49.69,84.8,0,0,0,0,0,0,No_Failure
1021,H48020,H,300.18,309.06,1371,26.81,132.3,0,0,0,0,0,0,No_Failure
1022,M48021,M,301.53,311.12,1635,60.28,141.2,0,0,0,0,0,0,No_Failure
1023,H48022,H,296.57,308.53,1428,31.58,112.3,0,0,0,0,0,0,No_Failure
1024,M48023,M,300.14,310.42,1759,52.57,243.9,1,0,0,0,0,1,TWF
1025,M48024,M,300.13,309.54,1834,45.52,37.5,0,0,0,0,0,0,No_Failure
1026,L48025,L,303.72,312.72,1394,42.64,252.4,1,0,0,0,0,1,TWF
1027,H48026,H,297.53,305.93,1314,52.15,174.9,0,1,0,0,0,1,HDF
1028,L48027,L,299.24,308.41,1435,49.97,208.7,0,0,0,0,0,0,No_Failure
1029,M48028,M,298.14,308.9,1425,41.07,160.5,0,0,0,0,0,0,No_Failure
1030,L48029,L,297.93,307.5,1776,35.78,54.4,0,0,0,0,0,0,No_Failure
1031,M48030,M,302.25,311.3,1314,41.23,189.9,0,0,0,0,0,0,No_Failure
1032,M48031,M,300.05,309.21,1634,38.97,214.6,0,0,0,0,0,0,No_Failure
1033,M48032,M,298.89,309.54,1750,43.54,190.2,0,0,0,0,0,0,No_Failure
1034,H48033,H,298.96,308.88,1647,50.21,221.1,1,0,0,0,0,1,TWF
1035,L48034,L,298.87,308.25,1579,44.69,16.1,0,0,0,0,0,0,No_Failure
1036,M48035,M,299.05,308.74,1471,41.85,243.4,1,0,0,0,0,1,TWF
1037,L48036,L,297.47,309.68,1833,33.46,237.6,0,0,0,0,0,0,No_Failure
1038,L48037,L,299.48,310.7,1456,43.25,226.9,0,0,0,0,0,0,No_Failure
1039,L48038,L,299.28,310.75,1671,23.04,161.3,0,0,0,0,0,0,No_Failure
1040,L48039,L,298.48,306.73,1471,32.02,214.2,0,0,0,0,0,0,No_Failure
1041,L48040,L,300.31,310.16,1168,46.06,153.0,0,0,0,0,0,0,No_Failure
1042,M48041,M,300.48,309.83,1451,48.85,124.5,0,0,0,0,0,0,No_Failure
1043,M48042,M,298.89,309.43,1472,39.79,235.5,0,0,0,0,0,0,No_Failure
1044,M48043,M,299.71,310.77,1474,42.01,52.5,0,0,0,0,0,0,No_Failure
1045,L48044,L,304.32,314.64,1381,43.7,215.4,1,0,0,0,0,1,TWF
1046,L48045,L,304.24,313.37,1613,46.81,111.5,0,0,0,0,0,0,No_Failure
1047,L48046,L,297.89,307.23,1633,37.99,73.9,0,0,0,0,0,0,No_Failure
1048,M48047,M,298.17,308.79,1445,30.17,128.1,0,0,0,0,0,0,No_Failure
1049,H48048,H,297.88,308.6,1443,43.87,161.2,0,0,0,0,0,0,No_Failure
1050,L48049,L,302.11,312.26,1311,59.58,46.2,0,0,0,0,0,0,No_Failure
1051,M48050,M,299.2,309.33,1546,30.78,190.0,0,0,0,0,0,0,No_Failure
1052,L48051,L,300.48,310.53,1748,38.73,99.8,0,0,0,0,0,0,No_Failure
1053,L48052,L,303.99,314.26,1748,36.14,178.0,0,0,0,0,0,0,No_Failure
1054,L48053,L,299.98,310.7,1392,64.13,39.8,0,0,0,0,0,0,No_Failure
1055,L48054,L,301.41,312.04,1858,30.39,14.2,0,0,0,0,0,0,No_Failure
1056,M48055,M,301.04,311.06,1435,38.4,40.9,0,0,0,0,0,0,No_Failure
1057,H48056,H,298.82,308.77,1317,36.35,45.7,0,0,0,0,0,0,No_Failure
1058,L48057,L,302.12,312.03,1255,27.46,192.7,0,0,0,0,0,0,No_Failure
1059,M48058,M,298.3,307.52,1306,26.91,124.6,0,0,0,0,0,0,No_Failure
1060,M48059,M,302.68,311.89,1560,45.68,193.3,0,0,0,0,0,0,No_Failure
1061,H48060,H,298.83,309.37,1454,47.09,189.0,0,0,0,0,0,0,No_Failure
1062,M48061,M,299.04,308.33,1386,34.4,62.1,0,0,0,0,0,0,No_Failure
1063,L48062,L,297.82,308.64,1347,54.09,230.5,0,0,0,0,0,0,No_Failure
1064,M48063,M,298.15,308.1,1304,17.49,194.6,0,0,1,0,0,1,PWF
1065,L48064,L,299.15,309.97,1340,27.42,21.6,0,0,0,0,0,0,No_Failure
1066,H48065,H,295.14,305.77,1683,31.75,144.8,0,0,0,0,0,0,No_Failure
1067,L48066,L,299.53,310.38,1825,39.91,104.4,0,0,0,0,0,0,No_Failure
1068,M48067,M,298.98,308.51,1836,35.49,116.2,0,0,0,0,0,0,No_Failure
1069,L48068,L,301.58,311.99,1624,37.99,92.9,0,0,0,0,0,0,No_Failure
1070,L48069,L,300.85,311.58,1411,44.85,125.6,0,0,0,0,0,0,No_Failure
1071,H48070,H,298.58,307.03,1380,54.57,90.0,0,1,0,0,1,1,HDF
1072,M48071,M,299.08,310.78,1636,48.02,117.1,0,0,0,0,0,0,No_Failure
1073,L48072,L,299.53,311.8,1456,40.56,137.8,0,0,0,0,0,0,No_Failure
1074,H48073,H,302.97,313.92,1574,39.2,184.8,0,0,0,0,0,0,No_Failure
1075,H48074,H,298.36,309.16,1847,51.01,38.3,0,0,1,0,0,1,PWF
1076,L48075,L,298.56,309.15,1539,58.84,33.8,0,0,0,0,0,0,No_Failure
1077,M48076,M,297.74,307.42,1910,46.38,126.0,0,0,0,0,0,0,No_Failure
1078,L48077,L,297.04,306.93,1297,35.1,120.2,0,0,0,0,0,0,No_Failure
1079,M48078,M,300.61,311.58,1581,42.59,142.7,0,0,0,0,0,0,No_Failure
1080,L48079,L,300.41,309.43,1556,45.8,155.2,0,0,0,0,0,0,No_Failure
1081,L48080,L,302.57,311.5,1323,34.45,69.4,0,0,0,0,0,0,No_Failure
1082,H48081,H,302.08,311.69,1644,48.66,163.9,0,0,0,0,0,0,No_Failure
1083,H48082,H,304.79,315.45,1776,42.64,125.4,0,0,0,0,0,0,No_Failure
1084,H48083,H,299.85,308.99,1896,51.65,125.5,0,0,0,0,0,0,No_Failure
1085,H48084,H,299.48,309.25,1574,30.23,150.3,0,0,0,0,0,0,No_Failure
1086,M48085,M,297.4,307.29,1158,22.59,154.9,0,0,1,0,0,1,PWF
1087,M48086,M,301.39,310.38,1586,36.07,156.1,0,0,0,0,0,0,No_Failure
1088,M48087,M,300.24,307.8,1634,40.24,210.1,0,0,0,0,0,0,No_Failure
1089,L48088,L,301.3,310.28,1458,21.99,126.4,0,0,0,0,0,0,No_Failure
1090,L48089,L,297.72,307.98,1539,33.92,238.1,0,0,0,0,0,0,No_Failure
1091,L48090,L,300.7,311.19,1413,52.84,239.4,0,0,0,0,0,0,No_Failure
1092,M48091,M,300.41,310.9,1476,45.33,84.8,0,0,0,0,0,0,No_Failure
1093,L48092,L,300.28,310.89,1683,41.38,223.0,0,0,0,0,0,0,No_Failure
1094,L48093,L,298.63,308.01,1750,29.44,106.5,0,0,0,0,0,0,No_Failure
1095,M48094,M,302.38,311.54,1271,52.5,246.5,0,0,0,0,0,0,No_Failure
1096,L48095,L,304.1,314.48,1408,35.83,234.6,0,0,0,0,0,0,No_Failure
1097,L48096,L,297.78,307.57,1214,40.95,111.2,0,0,0,0,0,0,No_Failure
1098,H48097,H,301.44,312.35,1831,44.07,88.4,0,0,0,0,0,0,No_Failure
1099,H48098,H,294.24,304.63,1657,41.71,173.6,0,0,0,0,0,0,No_Failure
1100,L48099,L,301.34,312.62,1140,54.92,93.0,0,0,0,0,0,0,No_Failure
1101,L48100,L,296.26,305.79,1488,45.75,167.1,0,0,0,0,0,0,No_Failure
1102,L48101,L,298.95,310.02,1449,43.38,106.6,0,0,0,0,0,0,No_Failure
1103,M48102,M,297.37,309.41,1364,39.14,127.0,0,0,0,0,0,0,No_Failure
1104,H48103,H,299.57,309.62,1687,44.32,95.8,0,0,0,0,0,0,No_Failure
1105,L48104,L,301.68,312.18,1682,37.9,201.6,0,0,0,0,0,0,No_Failure
1106,M48105,M,296.29,305.35,1549,41.89,152.1,0,0,0,0,0,0,No_Failure
1107,L48106,L,299.28,310.18,1385,36.58,172.9,0,0,0,0,0,0,No_Failure
1108,L48107,L,298.97,310.1,1386,35.01,207.7,0,0,0,0,0,0,No_Failure
1109,H48108,H,303.16,312.67,1508,30.84,201.4,0,0,0,0,0,0,No_Failure
1110,L48109,L,300.86,311.45,1418,37.29,128.9,0,0,0,0,0,0,No_Failure
1111,L48110,L,297.65,307.93,1499,36.63,64.3,0,0,0,0,0,0,No_Failure
1112,L48111,L,299.06,309.45,1600,58.29,91.9,0,0,0,0,0,0,No_Failure
1113,M48112,M,303.11,313.92,1224,49.92,139.7,0,0,0,0,0,0,No_Failure
1114,H48113,H,301.43,311.95,1364,38.66,60.4,0,0,0,0,0,0,No_Failure
1115,H48114,H,298.16,308.02,1494,35.77,197.5,0,0,0,0,0,0,No_Failure
1116,L48115,L,299.47,310.3,1782,46.15,58.0,0,0,0,0,0,0,No_Failure
1117,L48116,L,299.53,310.64,1652,59.42,84.8,0,0,1,0,0,1,PWF
1118,M48117,M,298.92,308.37,1499,47.97,160.1,0,0,0,0,0,0,No_Failure
1119,L48118,L,296.58,306.58,1572,22.8,176.5,0,0,0,0,0,0,No_Failure
1120,H48119,H,298.64,306.88,1482,48.63,99.8,0,0,0,0,0,0,No_Failure
1121,M48120,M,302.78,313.36,1694,50.4,191.2,0,0,0,0,0,0,No_Failure
1122,L48121,L,299.24,310.46,1578,61.99,228.2,0,0,0,0,0,0,No_Failure
1123,H48122,H,299.79,309.54,1730,37.52,41.6,0,0,0,0,0,0,No_Failure
1124,L48123,L,300.28,310.41,1256,41.39,231.7,0,0,1,0,0,1,PWF
1125,L48124,L,304.44,314.22,1355,44.5,136.1,0,0,0,0,0,0,No_Failure
1126,M48125,M,300.02,309.63,1549,32.36,113.6,0,0,0,0,0,0,No_Failure
1127,M48126,M,302.19,312.42,1589,31.45,201.3,0,0,0,0,0,0,No_Failure
1128,M48127,M,298.8,308.02,1932,43.99,198.4,0,0,0,0,0,0,No_Failure
1129,M48128,M,299.48,309.25,1175,24.57,172.7,0,0,0,0,0,0,No_Failure
1130,H48129,H,300.03,309.12,1494,26.83,103.4,0,0,0,0,0,0,No_Failure
1131,H48130,H,298.45,309.04,1486,48.16,67.6,0,0,0,0,0,0,No_Failure
1132,M48131,M,299.59,309.83,1543,44.98,91.2,0,0,0,0,1,1,RNF
1133,L48132,L,301.78,311.34,1812,52.5,145.0,0,0,0,0,0,0,No_Failure
1134,M48133,M,298.4,308.44,1658,44.63,142.7,0,0,0,0,0,0,No_Failure
1135,H48134,H,300.0,309.78,1211,40.1,233.8,0,0,0,0,0,0,No_Failure
1136,L48135,L,301.42,312.56,1776,52.89,115.5,0,0,1,0,0,1,PWF
1137,L48136,L,298.35,307.91,1771,35.77,168.7,0,0,0,0,0,0,No_Failure
1138,L48137,L,302.19,312.83,1547,36.67,167.0,0,0,0,0,0,0,No_Failure
1139,L48138,L,300.15,309.44,1209,39.35,185.1,0,0,0,0,0,0,No_Failure
1140,M48139,M,299.67,310.48,1473,44.5,250.8,0,0,0,0,0,0,No_Failure
1141,L48140,L,295.98,307.02,1584,39.33,202.9,0,0,0,0,0,0,No_Failure
1142,M48141,M,299.25,310.34,1679,25.15,10.0,0,0,0,0,0,0,No_Failure
1143,H48142,H,300.74,312.21,1181,37.33,205.3,0,0,0,0,0,0,No_Failure
1144,H48143,H,303.49,313.78,1362,39.68,253.0,0,0,0,0,0,0,No_Failure
1145,L48144,L,301.14,312.37,1698,41.15,9.6,0,0,0,0,0,0,No_Failure
1146,L48145,L,302.25,313.88,1770,35.51,151.1,0,0,0,0,0,0,No_Failure
1147,M48146,M,297.58,306.46,1577,45.06,151.7,0,0,0,0,0,0,No_Failure
1148,H48147,H,299.75,309.14,1707,23.89,132.8,0,0,1,0,0,1,PWF
1149,L48148,L,302.44,310.95,1582,44.16,221.5,0,0,0,0,0,0,No_Failure
1150,H48149,H,298.22,309.29,1673,57.93,206.0,0,0,0,0,0,0,No_Failure
1151,L48150,L,301.93,310.42,1526,33.93,43.5,0,0,0,0,0,0,No_Failure
1152,H48151,H,301.47,309.69,1586,40.58,26.1,0,0,0,0,0,0,No_Failure
1153,L48152,L,300.55,309.45,1280,37.53,42.1,0,0,0,0,0,0,No_Failure
1154,L48153,L,299.34,307.6,1630,37.7,224.3,1,0,0,0,0,1,TWF
1155,M48154,M,298.03,308.3,1275,29.72,24.9,0,0,0,0,0,0,No_Failure
1156,L48155,L,303.55,312.47,1630,59.92,163.5,0,0,0,0,0,0,No_Failure
1157,L48156,L,301.26,309.57,1421,43.86,172.9,0,0,0,0,0,0,No_Failure
1158,L48157,L,300.68,310.64,1567,33.29,55.2,0,0,0,0,0,0,No_Failure
1159,L48158,L,299.17,309.19,1328,32.15,58.1,0,0,0,0,0,0,No_Failure
1160,M48159,M,300.08,308.21,1409,40.62,211.4,0,0,0,0,0,0,No_Failure
1161,L48160,L,300.33,309.62,1566,18.32,106.3,0,0,1,0,0,1,PWF
1162,M48161,M,300.8,310.73,1636,50.53,126.4,0,0,0,0,0,0,No_Failure
1163,H48162,H,301.47,311.11,1697,34.86,100.5,0,0,0,0,0,0,No_Failure
1164,L48163,L,298.44,308.11,1293,43.89,46.3,0,0,0,0,0,0,No_Failure
1165,L48164,L,297.07,308.25,1230,44.36,111.1,0,0,0,0,0,0,No_Failure
1166,H48165,H,300.17,312.32,1324,49.65,68.1,0,0,0,0,0,0,No_Failure
1167,H48166,H,296.51,306.19,1308,44.93,75.9,0,0,0,0,0,0,No_Failure
1168,M48167,M,299.35,308.03,1782,47.43,51.0,0,0,0,0,0,0,No_Failure
1169,H48168,H,298.98,308.75,1741,50.19,158.5,0,0,1,0,0,1,PWF
1170,L48169,L,300.98,311.18,1321,36.7,72.6,0,0,0,0,0,0,No_Failure
1171,L48170,L,303.97,313.91,1808,61.51,41.9,0,0,0,0,0,0,No_Failure
1172,M48171,M,296.11,306.72,1730,43.53,204.5,0,0,0,0,0,0,No_Failure
1173,L48172,L,304.55,316.76,1207,39.72,145.7,0,0,0,0,0,0,No_Failure
1174,M48173,M,299.53,307.82,1315,31.59,217.3,0,1,1,0,0,1,HDF
1175,M48174,M,300.7,310.19,1201,37.93,197.7,0,0,0,0,0,0,No_Failure
1176,M48175,M,297.17,308.71,1484,44.02,94.1,0,0,0,0,0,0,No_Failure
1177,L48176,L,301.99,311.47,1503,40.95,142.1,0,0,0,0,0,0,No_Failure
1178,L48177,L,300.08,310.87,1503,58.27,249.7,0,0,1,0,0,1,PWF
1179,L48178,L,299.88,310.51,1135,36.1,90.6,0,0,0,0,0,0,No_Failure
1180,L48179,L,296.13,307.36,1243,46.79,60.6,0,0,0,0,0,0,No_Failure
1181,M48180,M,300.15,312.06,1547,28.74,41.3,0,0,0,0,0,0,No_Failure
1182,L48181,L,301.69,312.02,1612,61.83,237.8,0,0,1,1,0,1,PWF
1183,L48182,L,299.53,307.78,1136,28.06,63.1,0,0,0,0,0,0,No_Failure
1184,L48183,L,302.35,311.65,1269,60.74,234.7,0,0,0,1,0,1,OSF
1185,L48184,L,302.27,314.45,1684,38.64,149.7,0,0,0,0,0,0,No_Failure
1186,H48185,H,298.72,307.3,1280,17.65,149.3,0,1,1,0,0,1,HDF
1187,L48186,L,303.19,313.69,1497,53.52,101.3,0,0,0,0,0,0,No_Failure
1188,H48187,H,300.09,307.58,1262,40.82,100.2,0,0,0,0,0,0,No_Failure
1189,L48188,L,300.1,308.75,1650,35.47,81.2,0,0,0,0,0,0,No_Failure
1190,M48189,M,300.2,311.08,1137,46.42,184.5,0,0,0,0,0,0,No_Failure
1191,L48190,L,300.14,310.17,1445,46.64,186.9,0,0,0,0,0,0,No_Failure
1192,L48191,L,294.74,304.36,1669,44.15,134.4,0,1,0,0,0,1,HDF
1193,H48192,H,299.63,308.81,1610,51.35,113.6,0,0,0,0,0,0,No_Failure
1194,H48193,H,297.27,305.28,1416,42.53,160.8,0,0,0,0,0,0,No_Failure
1195,H48194,H,303.25,313.95,1374,46.5,124.3,0,0,0,0,0,0,No_Failure
1196,L48195,L,303.17,312.89,1458,34.78,208.5,0,0,0,0,0,0,No_Failure
1197,L48196,L,301.7,310.18,1268,47.66,16.5,0,0,0,0,0,0,No_Failure
1198,M48197,M,299.52,309.55,1482,34.83,228.4,0,0,0,0,0,0,No_Failure
1199,L48198,L,297.98,308.57,1485,28.75,132.7,0,0,0,0,0,0,No_Failure
1200,M48199,M,298.68,308.48,1425,37.94,128.8,0,0,0,0,0,0,No_Failure
1201,M48200,M,303.89,314.0,1680,37.24,98.9,0,0,0,0,0,0,No_Failure
1202,M48201,M,298.62,308.65,1307,49.28,134.7,0,0,0,0,0,0,No_Failure
1203,H48202,H,295.29,304.58,1193,25.47,55.7,0,0,1,0,0,1,PWF
1204,M48203,M,302.06,312.11,1405,50.94,125.8,0,0,0,0,0,0,No_Failure
1205,L48204,L,303.0,313.74,1522,33.77,100.8,0,0,0,0,0,0,No_Failure
1206,L48205,L,303.32,314.35,1481,15.35,74.4,0,0,0,0,0,0,No_Failure
1207,M48206,M,302.08,312.87,1473,27.93,53.7,0,0,0,0,0,0,No_Failure
1208,L48207,L,302.4,311.73,1297,36.92,217.6,1,0,0,0,0,1,TWF
1209,L48208,L,300.11,310.74,1323,44.44,215.1,0,0,0,0,0,0,No_Failure
1210,L48209,L,295.85,306.31,1412,38.67,122.7,0,0,0,0,0,0,No_Failure
1211,M48210,M,300.06,309.35,1398,27.9,58.6,0,0,0,0,0,0,No_Failure
1212,H48211,H,301.24,310.78,1698,32.21,113.9,0,0,0,0,0,0,No_Failure
1213,M48212,M,299.73,310.41,1548,28.07,234.2,0,0,0,0,0,0,No_Failure
1214,L48213,L,299.64,311.02,1404,42.59,197.2,0,0,0,0,0,0,No_Failure
1215,L48214,L,298.07,306.26,1697,39.09,204.3,0,0,0,0,0,0,No_Failure
1216,M48215,M,298.0,309.64,1580,46.14,177.8,0,0,0,0,0,0,No_Failure
1217,L48216,L,303.68,314.84,1256,22.3,183.2,0,0,0,0,0,0,No_Failure
1218,M48217,M,303.75,313.95,916,34.66,37.9,0,0,0,0,0,0,No_Failure
1219,M48218,M,299.99,309.75,1261,60.29,87.8,0,0,0,0,0,0,No_Failure
1220,L48219,L,300.56,310.95,1607,46.41,210.5,0,0,0,0,0,0,No_Failure
1221,L48220,L,298.04,307.4,1660,37.04,44.9,0,0,0,0,0,0,No_Failure
1222,L48221,L,301.29,311.11,1201,30.13,19.0,0,0,0,0,0,0,No_Failure
1223,H48222,H,303.52,312.04,1619,51.08,214.1,0,0,0,0,0,0,No_Failure
1224,M48223,M,296.94,305.2,1612,55.33,197.5,0,0,1,0,0,1,PWF
1225,L48224,L,300.93,313.26,1751,28.51,40.0,0,0,0,0,0,0,No_Failure
1226,H48225,H,301.08,311.14,1671,29.46,133.6,0,0,0,0,0,0,No_Failure
1227,L48226,L,301.06,311.26,1743,42.79,10.6,0,0,0,0,0,0,No_Failure
1228,L48227,L,303.29,313.25,1588,43.72,37.6,0,0,0,0,0,0,No_Failure
1229,H48228,H,304.07,313.24,1582,44.83,65.1,0,0,0,0,0,0,No_Failure
1230,L48229,L,299.53,309.23,1439,58.43,178.1,0,0,0,0,0,0,No_Failure
1231,L48230,L,301.35,311.44,1648,30.29,77.1,0,0,0,0,0,0,No_Failure
1232,M48231,M,300.17,309.97,1260,40.4,205.1,0,0,0,0,0,0,No_Failure
1233,L48232,L,298.74,307.98,1475,47.21,6.0,0,1,0,0,0,1,HDF
1234,M48233,M,300.54,311.02,1597,47.1,1.1,0,0,0,0,0,0,No_Failure
1235,L48234,L,301.34,311.53,1753,33.52,75.8,0,0,0,0,0,0,No_Failure
1236,L48235,L,300.43,310.83,1414,33.92,184.9,0,0,0,0,0,0,No_Failure
1237,L48236,L,298.24,308.94,1674,35.41,240.7,0,0,1,0,0,1,PWF
1238,L48237,L,299.07,308.9,1465,57.03,79.8,0,0,0,0,0,0,No_Failure
1239,L48238,L,299.09,308.92,1678,30.22,140.9,0,0,0,0,0,0,No_Failure
1240,L48239,L,298.32,309.8,1356,36.76,10.5,0,0,0,0,0,0,No_Failure
1241,H48240,H,300.63,309.68,1631,47.75,0.3,0,0,0,0,0,0,No_Failure
1242,L48241,L,300.84,308.96,1483,29.11,4.0,0,0,0,0,0,0,No_Failure
1243,L48242,L,301.96,312.51,1287,42.58,24.6,0,0,0,0,0,0,No_Failure
1244,L48243,L,298.28,307.66,1472,21.0,221.2,0,1,0,0,0,1,HDF
1245,L48244,L,298.85,307.77,1738,41.93,162.3,0,0,0,0,0,0,No_Failure
1246,L48245,L,303.11,313.99,1317,40.52,227.3,1,0,0,0,0,1,TWF
1247,M48246,M,299.67,309.53,1233,41.64,211.2,0,0,0,0,0,0,No_Failure
1248,L48247,L,300.06,308.8,1572,31.31,193.6,0,0,0,0,0,0,No_Failure
1249,H48248,H,299.65,311.58,1198,42.28,89.5,0,0,0,0,0,0,No_Failure
1250,H48249,H,302.27,310.66,1781,39.61,33.9,0,0,0,0,0,0,No_Failure
1251,L48250,L,302.34,312.26,1777,52.99,26.2,0,0,0,0,0,0,No_Failure
1252,L48251,L,302.23,310.34,1687,46.38,6.3,0,0,0,0,0,0,No_Failure
1253,L48252,L,300.05,310.32,1498,25.51,45.0,0,0,0,0,0,0,No_Failure
1254,M48253,M,298.26,307.61,1800,31.67,4.8,0,0,0,0,0,0,No_Failure
1255,L48254,L,303.85,314.67,1742,33.84,174.0,0,0,0,0,0,0,No_Failure
1256,H48255,H,301.71,311.7,1404,41.8,98.4,0,0,0,0,0,0,No_Failure
1257,M48256,M,299.09,310.44,1759,38.31,133.6,0,0,0,0,0,0,No_Failure
1258,H48257,H,302.85,312.42,1336,38.27,121.1,0,0,0,0,0,0,No_Failure
1259,M48258,M,298.93,307.32,1465,68.18,71.7,0,0,0,0,0,0,No_Failure
1260,H48259,H,302.82,313.06,1177,34.87,29.0,0,0,0,0,0,0,No_Failure
1261,L48260,L,302.96,312.7,1526,53.91,137.2,0,0,0,0,0,0,No_Failure
1262,L48261,L,298.16,306.34,1447,38.53,218.5,1,0,0,0,0,1,TWF
1263,L48262,L,301.16,310.11,1419,18.21,189.7,0,0,1,0,0,1,PWF
1264,H48263,H,301.56,310.83,1470,41.91,235.7,1,0,0,0,0,1,TWF
1265,M48264,M,305.23,316.79,1396,51.19,90.1,0,0,0,0,0,0,No_Failure
1266,H48265,H,298.52,309.22,1508,46.33,214.0,0,0,0,0,0,0,No_Failure
1267,L48266,L,302.87,312.52,1731,42.56,182.8,0,0,0,0,0,0,No_Failure
1268,H48267,H,300.03,310.51,1309,40.24,238.6,1,0,0,0,0,1,TWF
1269,L48268,L,297.52,305.48,1655,35.05,72.8,0,0,0,0,0,0,No_Failure
1270,L48269,L,299.76,309.2,1539,48.96,203.3,0,0,0,0,0,0,No_Failure
1271,H48270,H,300.0,310.41,1567,35.66,128.6,0,0,0,0,0,0,No_Failure
1272,L48271,L,297.88,308.05,1494,33.6,110.5,0,0,0,0,0,0,No_Failure
1273,L48272,L,300.62,310.08,1371,44.11,117.8,0,0,0,0,0,0,No_Failure
1274,M48273,M,301.92,311.88,1580,37.0,109.4,0,0,0,0,0,0,No_Failure
1275,L48274,L,300.48,310.81,1593,52.81,221.9,0,0,0,0,0,0,No_Failure
1276,L48275,L,298.92,308.91,1356,44.67,238.9,0,0,0,0,0,0,No_Failure
1277,L48276,L,299.7,310.56,1259,32.22,167.7,0,0,0,0,0,0,No_Failure
1278,L48277,L,299.99,310.31,1515,28.55,48.8,0,0,0,0,0,0,No_Failure
1279,H48278,H,300.43,310.95,1636,34.26,106.4,0,0,0,0,0,0,No_Failure
1280,M48279,M,302.22,313.93,1681,63.38,90.0,0,0,0,0,0,0,No_Failure
1281,L48280,L,300.54,311.37,1717,37.62,169.8,0,0,0,0,0,0,No_Failure
1282,L48281,L,297.19,308.94,1567,47.58,17.8,0,0,0,0,0,0,No_Failure
1283,L48282,L,298.88,308.2,1453,26.94,165.5,0,0,0,0,0,0,No_Failure
1284,M48283,M,300.33,308.74,1500,29.17,118.1,0,0,0,0,0,0,No_Failure
1285,H48284,H,302.25,312.11,1276,38.12,66.0,0,0,0,0,0,0,No_Failure
1286,H48285,H,302.6,312.37,1377,57.01,16.1,0,0,0,0,0,0,No_Failure
1287,L48286,L,303.55,315.01,1490,27.09,13.4,0,0,0,0,0,0,No_Failure
1288,L48287,L,300.26,309.13,1452,33.7,225.7,0,0,0,0,0,0,No_Failure
1289,L48288,L,301.53,311.45,1517,49.02,145.9,0,0,0,0,0,0,No_Failure
1290,M48289,M,297.09,307.5,1253,55.93,139.5,0,0,0,0,0,0,No_Failure
1291,L48290,L,300.86,310.96,1293,44.37,4.4,0,0,0,0,0,0,No_Failure
1292,M48291,M,297.85,307.68,1640,46.76,195.1,0,0,0,0,0,0,No_Failure
1293,M48292,M,299.87,310.23,1350,31.03,53.3,0,0,0,0,0,0,No_Failure
1294,L48293,L,306.06,317.14,1378,26.77,97.0,0,0,0,0,0,0,No_Failure
1295,L48294,L,300.61,312.14,1517,28.54,163.6,0,0,0,0,0,0,No_Failure
1296,L48295,L,298.27,308.31,1332,31.27,34.0,0,0,0,0,0,0,No_Failure
1297,L48296,L,300.82,310.0,1699,42.26,201.6,0,0,0,0,0,0,No_Failure
1298,L48297,L,298.97,310.5,1274,27.8,211.3,0,0,0,0,0,0,No_Failure
1299,M48298,M,298.08,307.0,1500,42.5,131.4,0,0,0,0,0,0,No_Failure
1300,L48299,L,304.21,316.0,1365,36.85,92.5,0,0,0,0,0,0,No_Failure
1301,L48300,L,302.13,313.48,1528,34.37,63.7,0,0,0,0,0,0,No_Failure
1302,M48301,M,300.69,312.18,1410,48.85,183.2,0,0,0,0,0,0,No_Failure
1303,M48302,M,299.22,309.9,1496,30.41,86.2,0,0,0,0,0,0,No_Failure
1304,L48303,L,299.38,307.27,1720,54.36,204.8,0,0,0,0,0,0,No_Failure
1305,H48304,H,303.08,312.05,1376,48.31,185.3,0,0,0,0,0,0,No_Failure
1306,H48305,H,300.61,310.92,1375,30.1,89.3,0,0,0,0,0,0,No_Failure
1307,M48306,M,293.83,303.16,1443,52.02,57.9,0,0,0,0,0,0,No_Failure
1308,M48307,M,304.84,314.53,1765,28.92,90.5,0,0,0,0,0,0,No_Failure
1309,L48308,L,300.37,310.98,1484,52.93,86.6,0,0,0,0,0,0,No_Failure
1310,H48309,H,300.69,310.52,1722,43.33,242.0,0,0,0,0,0,0,No_Failure
1311,L48310,L,302.17,310.95,1468,24.21,158.7,0,0,0,0,0,0,No_Failure
1312,H48311,H,300.93,311.82,1714,27.05,166.4,0,0,0,0,0,0,No_Failure
1313,M48312,M,301.49,312.01,1573,35.95,71.7,0,0,0,0,0,0,No_Failure
1314,L48313,L,299.15,308.9,1600,48.68,92.2,0,0,0,0,0,0,No_Failure
1315,L48314,L,297.54,308.25,1242,38.29,117.9,0,0,0,0,0,0,No_Failure
1316,M48315,M,300.56,310.66,1215,38.04,247.1,1,0,0,0,0,1,TWF
1317,M48316,M,302.86,314.19,1693,40.4,168.9,0,0,0,0,0,0,No_Failure
1318,L48317,L,298.7,308.86,1690,20.05,39.0,0,0,0,0,0,0,No_Failure
1319,M48318,M,298.54,309.87,1936,48.24,250.7,0,0,0,0,0,0,No_Failure
1320,H48319,H,302.44,310.57,1233,53.4,68.1,0,1,0,0,0,1,HDF
1321,L48320,L,299.09,309.54,1587,47.89,157.3,0,0,0,0,0,0,No_Failure
1322,L48321,L,299.18,308.78,1316,35.77,221.4,0,0,0,0,0,0,No_Failure
1323,L48322,L,299.25,308.39,1367,31.15,155.8,0,0,0,0,0,0,No_Failure
1324,M48323,M,299.87,311.03,1410,29.18,234.3,0,0,0,0,0,0,No_Failure
1325,L48324,L,296.85,307.74,1569,28.67,214.6,0,0,0,0,0,0,No_Failure
1326,H48325,H,298.92,306.91,1380,62.65,8.9,0,0,0,0,0,0,No_Failure
1327,L48326,L,300.46,311.18,1506,39.21,173.8,0,0,0,0,0,0,No_Failure
1328,M48327,M,300.45,311.04,1650,49.05,182.4,0,0,0,0,0,0,No_Failure
1329,L48328,L,302.32,311.59,1703,48.5,94.1,0,0,1,0,0,1,PWF
1330,L48329,L,303.68,312.84,1625,41.43,230.1,0,0,0,0,0,0,No_Failure
1331,M48330,M,303.02,311.43,1581,30.68,202.6,0,0,0,0,0,0,No_Failure
1332,L48331,L,301.83,311.49,1475,45.19,92.9,0,0,0,0,0,0,No_Failure
1333,M48332,M,299.7,309.53,1398,29.17,56.4,0,0,0,0,0,0,No_Failure
1334,H48333,H,298.75,309.55,1597,46.02,53.8,0,0,0,0,0,0,No_Failure
1335,H48334,H,300.04,310.31,1311,29.63,55.8,0,0,0,0,0,0,No_Failure
1336,H48335,H,301.17,310.11,1521,35.64,149.1,0,0,0,0,0,0,No_Failure
1337,L48336,L,301.64,311.88,1306,35.62,162.6,0,0,0,0,0,0,No_Failure
1338,M48337,M,301.25,310.99,1493,53.99,37.7,0,0,0,0,0,0,No_Failure
1339,H48338,H,299.76,308.82,1310,15.66,138.8,0,0,1,0,0,1,PWF
1340,L48339,L,301.57,309.98,1428,63.31,63.3,0,0,0,0,0,0,No_Failure
1341,L48340,L,302.52,313.15,1378,31.94,230.3,0,0,0,0,0,0,No_Failure
1342,H48341,H,301.76,312.21,1357,38.77,216.6,0,0,0,0,0,0,No_Failure
1343,L48342,L,299.94,310.49,1484,44.13,29.3,0,0,0,0,0,0,No_Failure
1344,M48343,M,298.33,307.6,1064,43.28,63.8,0,0,0,0,0,0,No_Failure
1345,H48344,H,298.28,308.46,1176,48.44,239.0,0,0,0,0,0,0,No_Failure
1346,M48345,M,298.64,307.26,1645,46.1,75.6,0,0,0,0,0,0,No_Failure
1347,L48346,L,300.51,309.53,1527,60.37,206.4,0,0,1,0,0,1,PWF
1348,L48347,L,301.04,311.07,1370,47.32,12.8,0,0,0,0,0,0,No_Failure
1349,L48348,L,297.17,307.43,1675,38.83,98.1,0,0,0,0,0,0,No_Failure
1350,L48349,L,298.99,307.36,1385,34.47,155.5,0,0,0,0,0,0,No_Failure
1351,M48350,M,300.49,309.43,1396,34.21,101.1,0,0,0,0,0,0,No_Failure
1352,H48351,H,298.2,307.84,1359,52.93,200.0,0,0,0,0,0,0,No_Failure
1353,L48352,L,300.87,311.83,1843,57.55,247.9,0,0,1,0,0,1,PWF
1354,L48353,L,299.39,308.57,1542,50.04,129.9,0,0,0,0,0,0,No_Failure
1355,H48354,H,298.55,308.69,1535,8.36,117.3,0,0,0,0,0,0,No_Failure
1356,L48355,L,300.11,310.35,1584,17.53,178.2,0,0,1,0,0,1,PWF
1357,M48356,M,300.78,310.53,1167,39.92,190.7,0,0,0,0,0,0,No_Failure
1358,L48357,L,298.3,308.57,1393,38.33,15.1,0,0,0,0,0,0,No_Failure
1359,M48358,M,299.51,308.17,1582,40.2,110.7,0,0,0,0,0,0,No_Failure
1360,L48359,L,300.94,310.28,1499,52.52,126.4,0,0,0,0,0,0,No_Failure
1361,M48360,M,298.48,309.91,1897,52.02,77.8,0,0,1,0,0,1,PWF
1362,L48361,L,296.68,308.19,1404,41.75,192.0,0,0,0,0,0,0,No_Failure
1363,M48362,M,296.93,307.77,1670,24.76,224.4,0,0,0,0,0,0,No_Failure
1364,L48363,L,299.16,310.26,1645,27.71,213.9,0,0,0,0,0,0,No_Failure
1365,L48364,L,297.36,305.54,1526,40.67,160.3,0,0,0,0,0,0,No_Failure
1366,M48365,M,299.3,308.36,1558,44.17,200.9,0,0,0,0,0,0,No_Failure
1367,L48366,L,303.33,313.02,1448,27.83,58.9,0,0,0,0,0,0,No_Failure
1368,L48367,L,297.24,309.66,1145,46.61,6.5,0,0,0,0,0,0,No_Failure
1369,L48368,L,299.43,309.12,1563,22.48,129.9,0,0,1,0,0,1,PWF
1370,L48369,L,304.26,315.01,1577,13.37,103.7,0,0,1,0,0,1,PWF
1371,L48370,L,300.82,311.19,1605,31.25,223.1,0,0,0,0,0,0,No_Failure
1372,H48371,H,299.26,309.62,1511,53.73,199.6,0,0,0,0,0,0,No_Failure
1373,L48372,L,299.69,309.66,1675,55.22,96.6,0,0,0,0,0,0,No_Failure
1374,H48373,H,300.86,309.66,1344,24.05,4.4,0,0,0,0,0,0,No_Failure
1375,H48374,H,303.39,310.69,1764,24.82,69.5,0,0,0,0,0,0,No_Failure
1376,L48375,L,298.94,310.22,1322,47.61,91.2,0,0,0,0,0,0,No_Failure
1377,M48376,M,298.48,307.87,1481,35.59,171.0,0,0,0,0,0,0,No_Failure
1378,H48377,H,297.24,305.38,1623,53.66,228.5,0,0,0,0,0,0,No_Failure
1379,M48378,M,300.21,310.64,1407,47.45,55.9,0,0,0,0,0,0,No_Failure
1380,L48379,L,297.19,307.61,1635,49.16,198.8,0,0,0,0,0,0,No_Failure
1381,L48380,L,299.07,309.84,1438,31.78,184.3,0,0,0,0,0,0,No_Failure
1382,L48381,L,298.18,309.3,1521,44.44,89.3,0,0,0,0,0,0,No_Failure
1383,M48382,M,302.15,311.23,1467,60.16,4.1,0,0,0,0,0,0,No_Failure
1384,H48383,H,298.98,308.11,1396,41.42,8.3,0,0,0,0,0,0,No_Failure
1385,H48384,H,300.79,310.48,1905,39.55,156.7,0,0,0,0,0,0,No_Failure
1386,L48385,L,296.79,307.61,1349,35.64,214.3,0,0,0,0,0,0,No_Failure
1387,M48386,M,300.26,308.16,1088,23.98,159.9,0,0,0,0,0,0,No_Failure
1388,L48387,L,297.59,307.72,1355,29.01,195.7,0,0,0,0,0,0,No_Failure
1389,H48388,H,299.15,310.08,1524,31.08,127.2,0,0,0,0,0,0,No_Failure
1390,L48389,L,304.42,315.31,1432,23.56,66.5,0,0,0,0,0,0,No_Failure
1391,H48390,H,301.86,312.57,1683,24.57,10.1,0,0,0,0,0,0,No_Failure
1392,H48391,H,299.74,310.81,1677,15.52,206.8,0,0,0,0,0,0,No_Failure
1393,L48392,L,306.4,313.65,1443,32.17,120.0,0,0,0,0,0,0,No_Failure
1394,L48393,L,298.17,309.78,1197,46.75,221.7,0,0,0,0,0,0,No_Failure
1395,H48394,H,302.33,312.66,1269,36.83,93.7,0,0,0,0,0,0,No_Failure
1396,L48395,L,296.93,308.27,1494,36.88,69.8,0,0,0,0,0,0,No_Failure
1397,M48396,M,299.51,308.34,1218,47.67,168.8,0,0,0,0,0,0,No_Failure
1398,H48397,H,297.3,305.55,1434,56.89,152.9,0,0,0,0,0,0,No_Failure
1399,M48398,M,300.51,312.3,1756,62.73,178.2,0,0,0,0,0,0,No_Failure
1400,L48399,L,300.11,309.19,1562,41.45,23.0,0,0,0,0,0,0,No_Failure
1401,L48400,L,299.38,309.07,1508,37.18,21.1,0,0,0,0,0,0,No_Failure
1402,L48401,L,302.18,312.71,1313,35.87,144.4,0,0,0,0,0,0,No_Failure
1403,H48402,H,298.87,309.64,1533,45.91,138.7,0,0,0,0,0,0,No_Failure
1404,L48403,L,300.65,311.73,1453,38.44,23.5,0,0,0,0,0,0,No_Failure
1405,L48404,L,301.64,311.86,1543,38.47,108.8,0,0,0,0,0,0,No_Failure
1406,L48405,L,297.03,305.98,1631,39.14,160.3,0,0,0,0,0,0,No_Failure
1407,H48406,H,298.5,309.21,1662,30.58,137.1,0,0,0,0,0,0,No_Failure
1408,L48407,L,300.11,310.83,1523,16.68,47.2,0,0,1,0,0,1,PWF
1409,H48408,H,301.26,309.45,1592,33.31,234.7,0,0,0,0,0,0,No_Failure
1410,M48409,M,302.84,314.26,1408,54.57,8.7,0,0,0,0,0,0,No_Failure
1411,H48410,H,299.57,307.08,1704,54.1,69.0,0,0,1,0,0,1,PWF
1412,H48411,H,299.37,310.4,1340,49.4,17.1,0,0,0,0,0,0,No_Failure
1413,H48412,H,298.25,307.62,1463,35.06,71.7,0,0,0,0,0,0,No_Failure
1414,H48413,H,300.66,311.37,1723,32.09,173.4,0,0,0,0,0,0,No_Failure
1415,L48414,L,299.41,309.92,1413,56.25,6.0,0,0,0,0,0,0,No_Failure
1416,M48415,M,299.45,309.41,1259,29.17,9.8,0,0,0,0,0,0,No_Failure
1417,M48416,M,299.81,310.26,1426,40.39,52.1,0,0,0,0,0,0,No_Failure
1418,M48417,M,301.1,311.02,1751,56.89,7.0,0,0,0,0,0,0,No_Failure
1419,H48418,H,298.87,309.59,1091,41.24,98.7,0,0,0,0,0,0,No_Failure
1420,H48419,H,298.46,310.64,1518,37.07,58.2,0,0,0,0,0,0,No_Failure
1421,M48420,M,300.86,309.52,1386,51.6,81.5,0,0,0,0,0,0,No_Failure
1422,L48421,L,293.95,300.76,1470,40.72,211.8,0,0,0,0,0,0,No_Failure
1423,L48422,L,298.79,308.38,1437,41.96,109.3,0,0,0,0,0,0,No_Failure
1424,L48423,L,297.7,307.21,1673,55.15,3.8,0,0,0,0,0,0,No_Failure
1425,L48424,L,302.41,312.03,1510,14.55,138.3,0,0,0,0,0,0,No_Failure
1426,L48425,L,299.12,308.19,1682,43.59,27.7,0,0,0,0,0,0,No_Failure
1427,L48426,L,298.88,309.75,1731,32.34,15.0,0,0,0,0,0,0,No_Failure
1428,L48427,L,299.9,308.52,1505,37.93,82.8,0,0,0,0,0,0,No_Failure
1429,M48428,M,298.81,309.26,1435,41.13,68.8,0,0,0,0,0,0,No_Failure
1430,L48429,L,299.19,309.83,1568,33.25,28.3,0,0,0,0,0,0,No_Failure
1431,H48430,H,300.19,310.51,1603,42.29,75.5,0,0,0,0,0,0,No_Failure
1432,M48431,M,299.16,309.64,1292,43.85,122.5,0,0,0,0,0,0,No_Failure
1433,L48432,L,299.14,310.09,1542,42.03,63.5,0,0,0,0,0,0,No_Failure
1434,L48433,L,297.98,308.03,1454,41.11,8.2,0,0,0,0,0,0,No_Failure
1435,L48434,L,297.69,307.35,1424,38.82,225.8,0,0,0,0,0,0,No_Failure
1436,H48435,H,300.12,310.61,1376,39.02,164.8,0,0,0,0,0,0,No_Failure
1437,L48436,L,300.61,311.21,1387,40.79,178.8,0,0,0,0,0,0,No_Failure
1438,M48437,M,297.14,308.03,1726,30.58,103.2,0,0,0,0,0,0,No_Failure
1439,H48438,H,301.52,309.81,1434,52.7,145.1,0,0,0,0,0,0,No_Failure
1440,H48439,H,301.53,311.34,1706,39.09,177.9,0,0,0,0,0,0,No_Failure
1441,L48440,L,301.95,310.88,1524,35.97,90.2,0,0,0,0,0,0,No_Failure
1442,L48441,L,300.6,311.16,1296,43.96,210.3,0,0,0,0,0,0,No_Failure
1443,L48442,L,301.27,312.0,1534,38.85,195.4,0,0,0,0,0,0,No_Failure
1444,L48443,L,304.37,314.1,1286,52.43,72.6,0,0,0,0,0,0,No_Failure
1445,L48444,L,299.4,308.67,1609,48.95,84.2,0,0,0,0,0,0,No_Failure
1446,M48445,M,297.91,308.51,1463,40.93,46.5,0,0,0,0,0,0,No_Failure
1447,H48446,H,296.93,306.8,1654,49.39,127.2,0,0,0,0,0,0,No_Failure
1448,M48447,M,303.51,314.94,1758,42.35,205.3,1,0,0,0,0,1,TWF
1449,M48448,M,303.54,315.31,1188,28.46,142.7,0,0,0,0,0,0,No_Failure
1450,L48449,L,298.15,309.15,1417,48.9,89.7,0,0,0,0,0,0,No_Failure
1451,H48450,H,298.55,308.78,1282,21.0,103.8,0,0,1,0,0,1,PWF
1452,M48451,M,299.35,311.18,1888,4.83,175.2,0,0,0,0,0,0,No_Failure
1453,H48452,H,302.45,312.69,1421,46.98,130.1,0,0,0,0,0,0,No_Failure
1454,H48453,H,297.43,306.95,1263,44.44,139.8,0,0,0,0,0,0,No_Failure
1455,L48454,L,296.07,305.39,1903,43.77,154.2,0,0,0,0,0,0,No_Failure
1456,L48455,L,304.34,313.63,1369,53.9,186.9,0,0,0,0,1,1,RNF
1457,L48456,L,300.62,310.62,1208,39.75,158.3,0,0,0,0,0,0,No_Failure
1458,L48457,L,300.91,311.37,1291,36.22,173.1,0,0,0,0,0,0,No_Failure
1459,H48458,H,299.59,308.17,1526,47.97,168.5,0,0,0,0,0,0,No_Failure
1460,L48459,L,300.93,310.48,1508,32.86,234.4,1,0,0,0,0,1,TWF
1461,M48460,M,296.97,307.18,1350,37.62,186.3,0,0,0,0,0,0,No_Failure
1462,M48461,M,298.32,308.96,1413,42.53,138.3,0,0,0,0,0,0,No_Failure
1463,L48462,L,300.21,310.18,1510,43.33,227.2,0,0,0,0,0,0,No_Failure
1464,L48463,L,295.46,305.7,1738,36.67,227.8,0,0,0,0,0,0,No_Failure
1465,M48464,M,299.39,308.16,1560,35.1,88.9,0,0,0,0,0,0,No_Failure
1466,M48465,M,299.27,308.36,1399,28.8,203.7,0,0,0,0,0,0,No_Failure
1467,L48466,L,299.39,309.33,1459,32.13,248.6,0,0,0,0,0,0,No_Failure
1468,L48467,L,298.9,309.41,1639,58.19,52.3,0,0,1,0,0,1,PWF
1469,M48468,M,298.01,308.24,1802,37.34,100.4,0,0,0,0,0,0,No_Failure
1470,L48469,L,296.36,305.51,1301,41.89,105.1,0,0,0,0,0,0,No_Failure
1471,H48470,H,300.29,310.05,1701,25.09,154.5,0,0,0,0,0,0,No_Failure
1472,L48471,L,299.4,310.91,1444,65.63,243.6,1,0,0,0,0,1,TWF
1473,L48472,L,297.25,307.79,1208,31.39,77.3,0,0,0,0,0,0,No_Failure
1474,L48473,L,300.13,309.96,1172,28.25,190.7,0,0,0,0,0,0,No_Failure
1475,M48474,M,299.41,308.38,1740,39.39,197.0,0,0,0,0,0,0,No_Failure
1476,M48475,M,299.08,308.36,1762,31.08,176.1,0,0,0,0,0,0,No_Failure
1477,L48476,L,295.69,305.69,1398,43.65,148.8,0,0,0,0,0,0,No_Failure
1478,H48477,H,301.37,311.64,1462,24.88,144.6,0,0,0,0,0,0,No_Failure
1479,L48478,L,297.53,308.1,1179,51.37,71.4,0,0,0,0,0,0,No_Failure
1480,L48479,L,300.13,310.51,1637,49.4,34.7,0,0,0,0,0,0,No_Failure
1481,L48480,L,298.38,308.01,1495,38.81,84.5,0,0,0,0,0,0,No_Failure
1482,L48481,L,299.22,308.71,1221,23.44,58.1,0,0,1,0,0,1,PWF
1483,M48482,M,302.3,314.35,1537,31.88,165.1,0,1,0,0,0,1,HDF
1484,L48483,L,301.06,310.51,1250,40.63,215.8,0,0,0,0,0,0,No_Failure
1485,M48484,M,302.26,310.97,1600,27.89,40.1,0,0,0,0,0,0,No_Failure
1486,L48485,L,300.66,309.02,1305,29.52,166.8,0,0,0,0,0,0,No_Failure
1487,H48486,H,300.79,310.44,1561,50.49,30.8,0,0,0,0,0,0,No_Failure
1488,L48487,L,296.44,307.38,1382,41.55,96.2,0,0,0,0,0,0,No_Failure
1489,H48488,H,299.36,308.79,1074,41.23,43.8,0,0,0,0,0,0,No_Failure
1490,L48489,L,299.55,311.03,1679,45.27,75.8,0,0,0,0,0,0,No_Failure
1491,L48490,L,302.45,312.44,1689,38.36,217.2,0,0,0,0,0,0,No_Failure
1492,H48491,H,298.99,310.1,1406,39.4,106.2,0,0,0,0,0,0,No_Failure
1493,M48492,M,300.53,309.77,1549,44.56,27.5,0,0,0,0,0,0,No_Failure
1494,M48493,M,300.45,309.71,1579,48.09,50.3,0,0,0,0,0,0,No_Failure
1495,L48494,L,302.32,312.41,1585,44.98,213.4,0,0,0,0,0,0,No_Failure
1496,M48495,M,299.73,310.22,1811,54.6,103.8,0,0,0,0,0,0,No_Failure
1497,H48496,H,301.66,311.48,1575,40.25,236.8,0,0,0,0,0,0,No_Failure
1498,M48497,M,296.59,306.88,1436,26.53,142.0,0,0,0,0,0,0,No_Failure
1499,L48498,L,296.77,307.36,1577,50.88,128.3,0,0,0,0,0,0,No_Failure
1500,M48499,M,295.43,304.01,1423,37.55,115.4,0,0,0,0,0,0,No_Failure
1501,M48500,M,301.57,311.23,1308,32.31,195.7,0,0,0,0,0,0,No_Failure
1502,H48501,H,301.35,310.83,1720,47.12,211.4,0,0,0,0,0,0,No_Failure
1503,L48502,L,301.79,311.32,1596,43.71,32.1,0,0,0,0,0,0,No_Failure
1504,L48503,L,298.65,309.05,1165,27.21,103.3,0,0,0,0,0,0,No_Failure
1505,H48504,H,298.87,308.37,1377,46.71,71.5,0,0,0,0,0,0,No_Failure
1506,M48505,M,299.76,307.75,1636,58.74,227.5,0,0,0,0,0,0,No_Failure
1507,M48506,M,302.89,312.65,1219,43.24,185.9,0,0,0,0,0,0,No_Failure
1508,L48507,L,303.39,312.32,1364,37.44,74.0,0,0,0,0,0,0,No_Failure
1509,L48508,L,301.59,312.08,1979,23.31,103.3,0,0,0,0,0,0,No_Failure
1510,M48509,M,300.66,311.47,1440,60.51,106.1,0,0,0,0,0,0,No_Failure
1511,L48510,L,302.67,310.5,1695,34.83,235.7,0,0,0,0,0,0,No_Failure
1512,L48511,L,299.49,308.71,1770,25.92,119.8,0,0,0,0,0,0,No_Failure
1513,M48512,M,299.22,309.57,1336,41.11,4.7,0,0,0,0,0,0,No_Failure
1514,M48513,M,299.74,308.33,1548,50.08,184.7,0,0,0,0,0,0,No_Failure
1515,H48514,H,298.04,308.83,1871,52.36,24.4,0,0,0,0,0,0,No_Failure
1516,L48515,L,299.65,310.7,1583,33.28,159.6,0,1,0,0,0,1,HDF
1517,L48516,L,297.77,307.6,1926,39.01,129.9,0,0,0,0,0,0,No_Failure
1518,H48517,H,302.05,311.28,1385,40.0,193.0,0,0,0,0,0,0,No_Failure
1519,L48518,L,301.09,308.78,1823,49.77,139.2,0,0,1,0,0,1,PWF
1520,L48519,L,302.86,313.67,1503,45.93,44.3,0,0,0,0,0,0,No_Failure
1521,L48520,L,296.74,308.74,1441,42.71,226.2,1,0,0,0,0,1,TWF
1522,M48521,M,303.8,315.6,1615,49.15,228.5,0,0,0,0,0,0,No_Failure
1523,H48522,H,296.86,306.66,1480,26.38,106.4,0,0,0,0,0,0,No_Failure
1524,M48523,M,297.6,306.51,1485,44.21,154.2,0,0,0,0,0,0,No_Failure
1525,M48524,M,298.76,309.6,1587,42.22,139.8,0,0,0,0,0,0,No_Failure
1526,L48525,L,302.62,312.49,1175,39.5,135.2,0,0,0,0,0,0,No_Failure
1527,L48526,L,300.45,310.93,1356,37.5,22.8,0,0,0,0,0,0,No_Failure
1528,L48527,L,299.51,309.82,1630,41.34,125.0,0,0,0,0,0,0,No_Failure
1529,L48528,L,298.41,308.51,1678,34.3,57.0,0,0,0,0,0,0,No_Failure
1530,L48529,L,297.25,308.28,1564,67.27,201.9,0,0,0,0,0,0,No_Failure
1531,L48530,L,302.27,313.33,1550,53.59,214.7,0,0,0,0,0,0,No_Failure
1532,L48531,L,301.6,311.07,1572,50.93,4.7,0,0,0,0,0,0,No_Failure
1533,M48532,M,302.7,311.78,1672,34.7,186.4,0,0,0,0,0,0,No_Failure
1534,M48533,M,300.79,308.29,1243,30.43,29.1,0,0,0,0,0,0,No_Failure
1535,L48534,L,294.72,304.37,1408,37.88,2.5,0,0,0,0,0,0,No_Failure
1536,L48535,L,297.51,306.42,1487,41.14,3.5,0,0,0,0,0,0,No_Failure
1537,M48536,M,300.93,311.35,1535,25.52,117.9,0,0,0,0,0,0,No_Failure
1538,M48537,M,299.26,308.92,1120,44.8,206.0,0,0,0,0,0,0,No_Failure
1539,H48538,H,298.88,308.65,1274,50.82,78.8,0,0,0,0,0,0,No_Failure
1540,L48539,L,297.79,308.61,1497,17.64,233.9,0,0,1,0,0,1,PWF
1541,H48540,H,301.9,312.29,1682,31.0,106.5,0,0,0,0,0,0,No_Failure
1542,L48541,L,300.91,310.8,1425,52.28,47.7,0,0,0,0,0,0,No_Failure
1543,L48542,L,301.0,312.69,1380,43.74,116.1,0,0,0,0,0,0,No_Failure
1544,L48543,L,298.73,309.47,1595,31.34,158.6,0,0,0,0,0,0,No_Failure
1545,L48544,L,300.35,309.94,1441,47.35,127.9,0,0,0,0,0,0,No_Failure
1546,L48545,L,297.32,306.95,1659,34.06,111.5,0,1,0,0,0,1,HDF
1547,L48546,L,299.74,310.53,1460,37.64,47.7,0,0,0,0,0,0,No_Failure
1548,M48547,M,294.94,305.15,1299,28.61,176.9,0,0,0,0,0,0,No_Failure
1549,L48548,L,296.86,305.74,1756,40.17,88.7,0,0,0,0,0,0,No_Failure
1550,L48549,L,299.36,310.25,1723,50.18,245.6,1,0,0,0,0,1,TWF
1551,L48550,L,304.75,316.01,1328,35.22,101.4,0,0,0,0,0,0,No_Failure
1552,L48551,L,296.4,307.58,1571,46.45,56.1,0,0,0,0,0,0,No_Failure
1553,L48552,L,297.51,309.06,1441,39.5,217.5,0,0,0,0,0,0,No_Failure
1554,L48553,L,300.43,312.5,1611,50.79,52.8,0,0,0,0,0,0,No_Failure
1555,L48554,L,303.54,315.27,1342,35.37,42.5,0,0,0,0,0,0,No_Failure
1556,M48555,M,300.4,310.75,1657,55.55,181.8,0,0,0,0,0,0,No_Failure
1557,H48556,H,301.4,311.2,1715,46.82,75.4,0,0,0,0,0,0,No_Failure
1558,L48557,L,299.32,307.5,1329,42.44,105.6,0,0,0,0,0,0,No_Failure
1559,M48558,M,298.98,308.99,1512,42.81,114.1,0,1,0,0,0,1,HDF
1560,H48559,H,300.16,310.68,1719,35.35,198.2,0,0,0,0,0,0,No_Failure
1561,H48560,H,298.68,308.73,1320,34.71,145.3,0,0,0,0,0,0,No_Failure
1562,M48561,M,301.45,309.56,1380,42.62,187.6,0,1,0,0,0,1,HDF
1563,H48562,H,296.79,306.5,1619,28.01,249.8,0,0,0,0,0,0,No_Failure
1564,H48563,H,301.78,312.43,1471,33.98,179.9,0,0,0,0,0,0,No_Failure
1565,M48564,M,300.08,309.05,1216,30.63,70.6,0,0,0,0,0,0,No_Failure
1566,L48565,L,299.57,309.74,1442,45.72,194.0,0,0,0,0,0,0,No_Failure
1567,L48566,L,296.71,307.15,1814,45.87,215.0,0,0,0,0,0,0,No_Failure
1568,L48567,L,298.04,309.16,1871,52.68,109.0,0,0,1,0,0,1,PWF
1569,L48568,L,302.4,314.11,1385,36.65,166.9,0,0,0,0,0,0,No_Failure
1570,L48569,L,299.58,309.2,1336,31.92,124.1,0,0,0,0,0,0,No_Failure
1571,L48570,L,300.56,310.74,1418,25.31,32.3,0,0,0,0,0,0,No_Failure
1572,M48571,M,298.24,308.46,1824,42.71,184.4,0,0,0,0,0,0,No_Failure
1573,M48572,M,299.94,310.59,1652,53.97,112.2,0,0,1,0,0,1,PWF
1574,H48573,H,297.26,307.79,1764,39.25,87.6,0,0,0,0,0,0,No_Failure
1575,L48574,L,300.2,311.62,1680,40.27,118.3,0,0,0,0,0,0,No_Failure
1576,L48575,L,300.74,308.41,1263,39.94,147.3,0,0,0,0,0,0,No_Failure
1577,M48576,M,300.64,311.06,1329,42.54,191.5,0,0,0,0,0,0,No_Failure
1578,H48577,H,298.19,308.68,1375,49.97,229.9,1,0,0,0,0,1,TWF
1579,H48578,H,299.32,309.08,1406,59.19,173.1,0,0,0,0,0,0,No_Failure
1580,H48579,H,301.07,308.81,1378,44.98,251.6,0,1,0,0,0,1,HDF
1581,H48580,H,299.58,309.52,1399,45.64,39.8,0,0,0,0,0,0,No_Failure
1582,L48581,L,299.43,308.71,1615,37.61,39.0,0,0,0,0,0,0,No_Failure
1583,L48582,L,303.81,315.48,1524,38.92,200.0,0,0,0,0,0,0,No_Failure
1584,L48583,L,298.1,308.47,1720,38.79,160.3,0,0,0,0,0,0,No_Failure
1585,M48584,M,302.16,311.37,1545,36.34,218.1,0,0,0,0,0,0,No_Failure
1586,H48585,H,297.69,305.64,1378,41.28,171.8,0,0,0,0,0,0,No_Failure
1587,L48586,L,301.31,311.9,1534,46.25,3.2,0,0,0,0,0,0,No_Failure
1588,M48587,M,301.42,312.11,1228,40.64,170.2,0,0,0,0,0,0,No_Failure
1589,L48588,L,298.98,308.76,1084,37.19,53.5,0,0,0,0,0,0,No_Failure
1590,L48589,L,297.57,308.17,1616,41.26,113.1,0,0,0,0,0,0,No_Failure
1591,L48590,L,296.06,305.71,1683,30.4,175.0,0,0,0,0,0,0,No_Failure
1592,L48591,L,298.77,309.84,1513,48.03,166.0,0,0,0,0,0,0,No_Failure
1593,H48592,H,301.05,312.05,1430,35.87,96.8,0,0,0,0,0,0,No_Failure
1594,L48593,L,297.84,306.21,1258,28.45,180.4,0,1,0,0,0,1,HDF
1595,H48594,H,300.19,308.8,1710,44.62,238.9,0,0,0,0,0,0,No_Failure
1596,M48595,M,297.05,309.08,1589,45.11,58.4,0,0,0,0,0,0,No_Failure
1597,L48596,L,299.53,310.46,1552,31.4,30.2,0,0,0,0,0,0,No_Failure
1598,L48597,L,297.71,306.44,1499,46.24,34.2,0,0,0,0,0,0,No_Failure
1599,H48598,H,299.84,308.27,1415,46.34,115.8,0,0,0,0,0,0,No_Failure
1600,L48599,L,299.0,309.21,1300,59.75,75.5,0,0,0,0,0,0,No_Failure
1601,H48600,H,297.62,306.48,1545,37.65,118.3,0,0,0,0,0,0,No_Failure
1602,L48601,L,298.68,308.37,1403,39.46,21.3,0,0,0,0,0,0,No_Failure
1603,M48602,M,298.13,308.08,1424,33.93,62.5,0,0,0,0,0,0,No_Failure
1604,H48603,H,297.37,307.28,1809,44.94,87.8,0,0,0,0,0,0,No_Failure
1605,L48604,L,302.17,313.29,1491,39.95,236.3,0,0,0,0,0,0,No_Failure
1606,L48605,L,299.28,311.11,1058,49.88,75.2,0,0,0,0,0,0,No_Failure
1607,H48606,H,295.6,305.12,1404,35.66,12.2,0,0,0,0,0,0,No_Failure
1608,L48607,L,298.75,307.62,1320,44.72,78.7,0,0,0,0,0,0,No_Failure
1609,L48608,L,301.83,312.22,1475,37.62,237.0,0,0,0,0,0,0,No_Failure
1610,L48609,L,298.48,310.11,1244,21.58,108.1,0,0,1,0,0,1,PWF
1611,L48610,L,303.0,312.59,1578,46.28,207.1,0,0,0,0,0,0,No_Failure
1612,M48611,M,298.29,309.14,1447,22.52,67.6,0,0,0,0,0,0,No_Failure
1613,M48612,M,301.01,310.17,1414,38.41,34.4,0,0,0,0,0,0,No_Failure
1614,L48613,L,302.07,312.09,1527,38.56,125.7,0,0,0,0,0,0,No_Failure
1615,H48614,H,300.9,309.74,1486,39.92,177.5,0,0,0,0,0,0,No_Failure
1616,L48615,L,297.25,307.26,1476,40.47,213.8,0,0,0,0,0,0,No_Failure
1617,L48616,L,298.12,308.0,1460,40.37,61.0,0,0,0,0,0,0,No_Failure
1618,M48617,M,302.34,312.95,1496,43.63,249.6,0,0,0,0,0,0,No_Failure
1619,H48618,H,298.39,310.17,1562,38.91,123.8,0,0,0,0,0,0,No_Failure
1620,L48619,L,301.95,311.56,1539,66.16,127.1,0,0,1,0,0,1,PWF
1621,L48620,L,299.14,307.14,1703,36.58,217.2,0,0,0,0,0,0,No_Failure
1622,M48621,M,300.28,310.08,1402,27.77,103.0,0,0,0,0,0,0,No_Failure
1623,H48622,H,297.23,307.53,1543,25.9,191.6,0,0,0,0,0,0,No_Failure
1624,L48623,L,298.78,308.99,1940,46.58,143.6,0,0,1,0,0,1,PWF
1625,L48624,L,298.25,308.09,1493,24.08,34.3,0,0,0,0,0,0,No_Failure
1626,M48625,M,300.45,311.94,1500,27.9,8.3,0,0,0,0,0,0,No_Failure
1627,L48626,L,300.19,310.32,1273,26.46,236.4,1,0,0,0,0,1,TWF
1628,L48627,L,300.93,310.82,1372,44.57,219.2,0,0,0,0,0,0,No_Failure
1629,L48628,L,299.02,308.24,1481,53.31,248.8,1,0,0,0,0,1,TWF
1630,L48629,L,298.14,306.39,1596,30.56,170.6,0,0,0,0,0,0,No_Failure
1631,L48630,L,300.37,310.69,1617,44.22,163.4,0,0,0,0,0,0,No_Failure
1632,H48631,H,297.94,308.19,1559,13.63,52.8,0,0,0,0,0,0,No_Failure
1633,M48632,M,302.16,311.1,1645,32.55,162.5,0,0,0,0,0,0,No_Failure
1634,M48633,M,299.77,309.73,1320,46.02,123.6,0,0,0,0,0,0,No_Failure
1635,H48634,H,299.35,309.2,1588,36.88,95.5,0,0,0,0,0,0,No_Failure
1636,L48635,L,300.92,310.3,1502,49.94,172.7,0,0,0,0,0,0,No_Failure
1637,L48636,L,299.85,309.05,1522,17.67,21.5,0,0,1,0,0,1,PWF
1638,H48637,H,296.68,307.09,1435,32.65,127.5,0,0,0,0,0,0,No_Failure
1639,L48638,L,297.88,307.65,1328,44.53,191.8,0,1,0,0,0,1,HDF
1640,M48639,M,302.12,311.52,1281,44.4,210.0,1,0,0,0,0,1,TWF
1641,M48640,M,300.17,309.31,1558,45.17,124.0,0,0,0,0,0,0,No_Failure
1642,L48641,L,296.64,306.51,1590,42.08,89.2,0,0,0,0,0,0,No_Failure
1643,L48642,L,300.7,311.63,1477,28.56,144.8,0,0,0,0,0,0,No_Failure
1644,L48643,L,298.88,309.09,1497,32.21,32.4,0,0,0,0,0,0,No_Failure
1645,L48644,L,298.25,308.01,1370,63.16,23.1,0,0,1,0,0,1,PWF
1646,L48645,L,297.71,308.02,1591,27.41,207.2,0,1,0,0,0,1,HDF
1647,L48646,L,302.0,313.36,1511,25.84,32.0,0,0,0,0,0,0,No_Failure
1648,M48647,M,296.07,306.56,1434,46.8,105.6,0,0,0,0,0,0,No_Failure
1649,H48648,H,298.32,308.59,1656,29.41,104.2,0,0,0,0,0,0,No_Failure
1650,H48649,H,300.24,310.88,1616,57.92,248.7,0,0,0,0,0,0,No_Failure
1651,L48650,L,303.16,313.0,1224,67.34,178.4,0,0,1,0,0,1,PWF
1652,L48651,L,301.11,311.29,1509,37.59,193.9,0,0,0,0,0,0,No_Failure
1653,L48652,L,298.31,307.82,1328,43.09,169.5,0,0,0,0,0,0,No_Failure
1654,L48653,L,303.06,311.51,1525,21.75,68.9,0,0,0,0,0,0,No_Failure
1655,H48654,H,297.29,307.63,933,50.32,91.4,0,0,0,0,0,0,No_Failure
1656,L48655,L,300.53,310.88,1535,17.61,46.4,0,0,0,0,0,0,No_Failure
1657,L48656,L,300.98,310.69,1628,26.6,137.2,0,0,0,0,0,0,No_Failure
1658,H48657,H,298.24,309.27,1480,41.19,19.7,0,0,0,0,0,0,No_Failure
1659,L48658,L,301.4,310.67,1290,45.48,228.7,0,0,0,0,0,0,No_Failure
1660,L48659,L,298.97,307.2,1852,25.16,49.7,0,0,0,0,0,0,No_Failure
1661,L48660,L,301.39,310.69,1708,34.57,54.0,0,0,0,0,0,0,No_Failure
1662,M48661,M,296.32,304.78,1404,23.38,122.6,0,0,0,0,0,0,No_Failure
1663,M48662,M,300.67,311.01,1453,36.83,80.9,0,0,0,0,0,0,No_Failure
1664,L48663,L,299.18,308.42,1143,31.99,42.1,0,0,0,0,0,0,No_Failure
1665,H48664,H,302.3,313.28,1585,33.64,249.4,0,0,0,0,0,0,No_Failure
1666,H48665,H,299.91,310.88,1254,46.51,70.8,0,0,0,0,0,0,No_Failure
1667,H48666,H,302.5,311.57,1620,42.82,187.1,0,0,0,0,0,0,No_Failure
1668,L48667,L,301.02,310.21,1685,45.61,183.7,0,0,0,0,0,0,No_Failure
1669,L48668,L,299.74,310.28,1487,38.71,61.9,0,0,1,0,0,1,PWF
1670,H48669,H,301.58,312.56,1308,47.17,70.3,0,0,0,0,0,0,No_Failure
1671,L48670,L,301.59,309.58,1725,39.65,135.3,0,0,0,0,0,0,No_Failure
1672,M48671,M,300.94,311.23,1500,35.09,217.8,0,0,0,0,0,0,No_Failure
1673,M48672,M,295.42,303.22,1517,45.71,187.1,0,0,0,0,0,0,No_Failure
1674,L48673,L,298.03,307.49,1332,35.77,76.7,0,0,0,0,0,0,No_Failure
1675,M48674,M,302.77,313.86,1535,36.71,10.9,0,0,0,0,0,0,No_Failure
1676,H48675,H,297.49,310.5,1463,50.68,153.7,0,1,0,0,0,1,HDF
1677,M48676,M,301.76,311.53,1261,49.74,120.4,0,0,0,0,0,0,No_Failure
1678,L48677,L,301.41,310.17,1741,37.03,87.0,0,0,0,0,0,0,No_Failure
1679,H48678,H,298.55,308.04,1817,48.73,163.5,0,0,0,0,0,0,No_Failure
1680,M48679,M,296.01,306.08,1683,27.22,240.8,0,0,0,0,0,0,No_Failure
1681,M48680,M,298.86,308.19,1656,37.09,228.6,0,0,0,0,0,0,No_Failure
1682,H48681,H,304.16,313.23,1818,32.48,168.4,0,0,0,0,0,0,No_Failure
1683,M48682,M,298.27,307.85,1311,39.98,242.7,1,0,0,0,0,1,TWF
1684,L48683,L,298.41,308.81,1309,47.35,100.1,0,0,0,0,0,0,No_Failure
1685,L48684,L,298.0,307.84,1425,45.56,25.6,0,0,0,0,0,0,No_Failure
1686,L48685,L,302.43,311.55,1554,44.2,114.4,0,0,0,0,0,0,No_Failure
1687,M48686,M,299.51,308.84,1447,41.37,167.1,0,0,0,0,0,0,No_Failure
1688,M48687,M,298.75,308.33,1316,38.41,202.8,0,0,0,0,0,0,No_Failure
1689,M48688,M,302.83,311.83,1501,52.01,237.3,0,0,0,0,0,0,No_Failure
1690,L48689,L,301.16,310.45,1483,24.53,130.8,0,0,0,0,0,0,No_Failure
1691,M48690,M,298.16,308.81,1651,33.33,94.4,0,0,0,0,0,0,No_Failure
1692,H48691,H,297.55,307.32,1508,44.11,71.3,0,0,0,0,0,0,No_Failure
1693,L48692,L,302.32,310.56,1157,55.28,153.5,0,1,0,0,0,1,HDF
1694,M48693,M,300.03,311.06,1569,36.54,175.3,0,0,0,0,0,0,No_Failure
1695,M48694,M,296.9,307.32,1785,37.39,160.0,0,0,0,0,0,0,No_Failure
1696,M48695,M,296.43,305.05,1505,27.1,49.4,0,0,0,0,0,0,No_Failure
1697,L48696,L,297.77,307.4,1678,34.58,112.9,0,0,0,0,0,0,No_Failure
1698,M48697,M,297.52,306.73,1409,47.08,18.8,0,0,0,0,0,0,No_Failure
1699,H48698,H,295.91,306.58,1602,55.79,131.7,0,0,1,0,0,1,PWF
1700,M48699,M,297.8,307.43,1366,37.07,54.2,0,0,0,0,0,0,No_Failure
1701,H48700,H,298.16,308.09,1456,32.01,225.0,0,0,0,0,0,0,No_Failure
1702,H48701,H,299.07,308.89,1457,40.7,204.5,0,0,0,0,0,0,No_Failure
1703,L48702,L,303.39,311.91,1586,23.85,185.1,0,0,0,0,0,0,No_Failure
1704,M48703,M,299.47,310.87,1352,52.36,28.4,0,0,0,0,0,0,No_Failure
1705,L48704,L,299.66,310.33,1236,27.69,113.0,0,0,0,0,0,0,No_Failure
1706,H48705,H,301.02,310.27,1585,43.14,45.6,0,0,0,0,0,0,No_Failure
1707,L48706,L,299.53,309.72,1578,42.99,11.1,0,0,0,0,0,0,No_Failure
1708,L48707,L,300.8,311.77,1520,46.28,101.8,0,0,0,0,0,0,No_Failure
1709,H48708,H,300.56,310.62,1668,42.56,79.4,0,0,0,0,0,0,No_Failure
1710,L48709,L,300.25,311.8,1464,40.03,232.3,0,0,0,0,0,0,No_Failure
1711,M48710,M,305.53,318.45,1551,44.29,234.3,0,0,0,0,0,0,No_Failure
1712,L48711,L,301.82,311.7,1437,48.35,236.5,0,0,0,0,0,0,No_Failure
1713,H48712,H,297.84,307.25,1453,57.96,3.6,0,0,0,0,0,0,No_Failure
1714,H48713,H,300.74,309.75,1561,28.97,131.3,0,0,0,0,0,0,No_Failure
1715,L48714,L,298.42,306.2,1908,21.61,4.6,0,0,0,0,0,0,No_Failure
1716,M48715,M,300.89,312.14,1634,24.53,152.9,0,0,0,0,0,0,No_Failure
1717,L48716,L,297.25,306.9,1599,21.87,128.6,0,0,0,0,0,0,No_Failure
1718,M48717,M,297.78,308.66,1639,28.0,108.9,0,0,0,0,0,0,No_Failure
1719,M48718,M,300.69,311.76,1077,26.73,13.3,0,0,1,0,0,1,PWF
1720,H48719,H,302.0,310.91,1557,35.84,26.5,0,0,0,0,0,0,No_Failure
1721,L48720,L,301.01,310.07,1664,48.55,79.2,0,0,0,0,0,0,No_Failure
1722,L48721,L,301.71,313.45,1515,46.26,61.2,0,0,0,0,0,0,No_Failure
1723,M48722,M,300.75,310.68,1492,33.78,45.2,0,0,0,0,0,0,No_Failure
1724,M48723,M,300.34,309.68,1331,34.64,215.4,1,0,0,0,0,1,TWF
1725,L48724,L,298.99,307.95,1422,60.11,7.2,0,0,0,0,0,0,No_Failure
1726,L48725,L,301.63,311.48,1350,45.95,55.1,0,0,1,0,0,1,PWF
1727,L48726,L,302.05,313.56,1680,41.73,232.0,0,0,0,0,0,0,No_Failure
1728,H48727,H,299.87,310.56,1770,41.22,220.5,1,0,0,0,0,1,TWF
1729,L48728,L,299.77,309.95,1848,37.11,89.9,0,0,0,0,0,0,No_Failure
1730,L48729,L,303.18,314.77,1347,60.03,203.5,0,0,0,0,0,0,No_Failure
1731,H48730,H,299.96,311.35,1380,38.1,38.5,0,0,0,0,0,0,No_Failure
1732,L48731,L,300.15,310.49,1365,41.49,162.0,0,0,0,0,0,0,No_Failure
1733,M48732,M,300.97,313.74,1317,23.51,223.4,0,0,1,0,0,1,PWF
1734,L48733,L,299.8,309.56,1320,33.64,119.4,0,0,0,0,0,0,No_Failure
1735,H48734,H,298.36,309.46,1407,34.49,42.2,0,0,0,0,0,0,No_Failure
1736,M48735,M,300.76,310.36,1657,44.86,146.4,0,0,0,0,0,0,No_Failure
1737,H48736,H,299.92,310.83,1371,32.25,189.3,0,0,0,0,0,0,No_Failure
1738,L48737,L,303.68,313.44,1690,40.48,219.0,0,0,0,0,0,0,No_Failure
1739,M48738,M,301.58,312.04,1746,33.94,95.9,0,0,0,0,0,0,No_Failure
1740,M48739,M,298.81,311.2,1551,28.99,71.9,0,0,0,0,0,0,No_Failure
1741,L48740,L,301.46,312.41,1721,28.59,173.5,0,0,0,0,0,0,No_Failure
1742,L48741,L,300.62,311.09,1255,38.27,63.2,0,0,0,0,0,0,No_Failure
1743,L48742,L,302.62,311.84,1400,41.03,61.4,0,0,0,0,0,0,No_Failure
1744,H48743,H,298.95,309.14,1534,38.06,46.1,0,0,0,0,0,0,No_Failure
1745,M48744,M,300.38,309.37,1540,31.67,93.0,0,0,0,0,0,0,No_Failure
1746,M48745,M,299.8,310.69,1757,38.62,111.1,0,0,0,0,0,0,No_Failure
1747,M48746,M,300.12,310.98,1320,36.77,183.4,0,0,0,0,0,0,No_Failure
1748,M48747,M,298.23,308.05,1403,29.58,27.3,0,0,0,0,0,0,No_Failure
1749,L48748,L,301.15,312.82,1485,40.83,107.8,0,0,0,0,0,0,No_Failure
1750,L48749,L,300.84,312.36,1407,58.1,166.4,0,0,0,0,0,0,No_Failure
1751,M48750,M,302.57,312.72,1312,38.5,137.9,0,0,0,0,0,0,No_Failure
1752,L48751,L,299.98,310.55,1414,25.39,199.4,0,0,0,0,0,0,No_Failure
1753,H48752,H,299.18,308.59,1456,54.69,225.8,0,0,0,0,0,0,No_Failure
1754,H48753,H,301.58,311.31,1761,52.57,53.8,0,1,0,0,0,1,HDF
1755,L48754,L,298.41,307.33,1316,54.33,229.9,0,0,0,0,0,0,No_Failure
1756,M48755,M,302.17,311.69,1647,39.58,224.0,0,0,0,0,0,0,No_Failure
1757,L48756,L,302.17,312.06,1729,32.16,92.1,0,0,0,0,0,0,No_Failure
1758,H48757,H,302.51,310.85,1408,31.07,205.8,0,0,0,0,0,0,No_Failure
1759,H48758,H,300.75,311.33,1547,51.41,130.4,0,0,0,0,0,0,No_Failure
1760,H48759,H,299.03,310.05,1604,56.06,205.1,0,0,0,0,0,0,No_Failure
1761,L48760,L,300.22,310.21,1574,30.8,189.2,0,0,0,0,0,0,No_Failure
1762,L48761,L,300.76,308.06,1515,14.8,243.5,1,0,1,0,0,1,TWF
1763,L48762,L,298.88,308.63,1378,39.82,55.9,0,0,0,0,0,0,No_Failure
1764,L48763,L,302.67,311.27,1619,30.96,186.2,0,0,0,0,0,0,No_Failure
1765,L48764,L,301.16,310.55,1433,32.93,3.5,0,0,0,0,0,0,No_Failure
1766,L48765,L,298.22,309.67,1505,37.62,233.2,0,0,0,0,0,0,No_Failure
1767,H48766,H,303.77,311.33,1532,44.1,50.3,0,0,0,0,0,0,No_Failure
1768,L48767,L,300.19,309.38,1654,32.19,94.5,0,0,0,0,0,0,No_Failure
1769,L48768,L,297.81,308.64,1847,41.36,213.3,1,0,0,0,0,1,TWF
1770,H48769,H,298.34,307.64,1367,38.74,120.8,0,0,0,0,0,0,No_Failure
1771,M48770,M,302.98,312.2,1509,16.95,167.9,0,0,1,0,0,1,PWF
1772,M48771,M,303.65,315.68,1233,45.45,91.4,0,0,0,0,0,0,No_Failure
1773,M48772,M,302.02,312.4,1767,35.49,140.5,0,0,0,0,0,0,No_Failure
1774,H48773,H,302.64,313.57,1508,27.36,213.9,0,0,0,0,0,0,No_Failure
1775,M48774,M,302.43,312.93,1446,32.74,225.8,1,0,0,0,0,1,TWF
1776,M48775,M,301.11,311.28,1509,42.03,115.4,0,0,0,0,0,0,No_Failure
1777,M48776,M,300.66,311.92,1518,40.46,182.2,0,0,0,0,0,0,No_Failure
1778,L48777,L,301.08,312.99,1368,46.44,118.2,0,0,0,0,0,0,No_Failure
1779,L48778,L,301.47,309.79,1714,44.37,237.7,0,0,0,0,0,0,No_Failure
1780,L48779,L,298.52,308.48,1616,28.28,184.1,0,0,0,0,0,0,No_Failure
1781,L48780,L,301.46,311.42,1641,10.46,109.1,0,0,1,0,0,1,PWF
1782,M48781,M,302.92,312.49,1378,41.21,126.0,0,0,0,0,0,0,No_Failure
1783,L48782,L,299.59,310.57,1368,46.31,46.3,0,0,0,0,0,0,No_Failure
1784,L48783,L,299.37,309.63,1480,37.98,238.1,1,0,0,0,0,1,TWF
1785,L48784,L,300.95,312.88,1644,46.61,64.5,0,0,0,0,0,0,No_Failure
1786,H48785,H,298.7,309.8,1590,29.98,45.9,0,0,0,0,0,0,No_Failure
1787,L48786,L,297.37,308.73,1360,36.54,114.4,0,0,0,0,0,0,No_Failure
1788,M48787,M,302.3,311.1,1620,30.79,183.7,0,0,0,0,0,0,No_Failure
1789,H48788,H,299.1,308.29,1325,46.97,172.7,0,0,0,0,0,0,No_Failure
1790,L48789,L,300.04,309.31,1381,30.9,64.4,0,0,0,0,0,0,No_Failure
1791,M48790,M,298.78,310.1,1528,60.6,67.0,0,0,0,0,0,0,No_Failure
1792,L48791,L,302.55,311.59,1289,34.98,59.6,0,0,0,0,0,0,No_Failure
1793,L48792,L,301.71,310.77,1327,47.98,152.6,0,0,0,0,0,0,No_Failure
1794,M48793,M,299.52,308.4,1779,35.11,242.1,0,0,0,0,0,0,No_Failure
1795,H48794,H,297.64,310.39,1746,53.38,225.0,0,0,0,0,0,0,No_Failure
1796,L48795,L,299.31,309.16,1912,53.0,127.6,0,0,0,0,0,0,No_Failure
1797,M48796,M,301.14,311.67,1581,36.76,95.6,0,0,0,0,0,0,No_Failure
1798,L48797,L,300.38,309.24,1616,42.75,100.1,0,0,0,0,0,0,No_Failure
1799,M48798,M,300.22,311.18,1472,52.74,204.0,0,0,0,0,0,0,No_Failure
1800,M48799,M,300.42,308.65,1437,43.04,164.6,0,0,0,0,0,0,No_Failure
1801,M48800,M,301.52,310.54,1657,30.79,10.4,0,0,0,0,0,0,No_Failure
1802,M48801,M,299.92,309.18,1745,40.7,19.1,0,0,0,0,0,0,No_Failure
1803,L48802,L,300.9,311.12,1642,32.52,121.8,0,0,0,0,0,0,No_Failure
1804,M48803,M,298.03,307.23,1349,41.51,134.7,0,0,0,0,0,0,No_Failure
1805,M48804,M,305.11,316.63,1570,32.13,243.0,0,0,0,0,0,0,No_Failure
1806,M48805,M,299.43,309.94,1361,43.73,35.7,0,0,0,0,0,0,No_Failure
1807,L48806,L,300.41,309.72,1442,22.11,204.3,0,0,0,0,0,0,No_Failure
1808,L48807,L,301.13,312.13,1795,28.78,226.6,0,0,0,0,0,0,No_Failure
1809,L48808,L,299.18,308.79,1284,32.07,95.5,0,0,0,0,0,0,No_Failure
1810,L48809,L,300.02,309.43,1890,38.4,40.9,0,0,0,0,0,0,No_Failure
1811,L48810,L,299.99,310.89,1599,24.88,62.3,0,0,0,0,0,0,No_Failure
1812,L48811,L,298.17,305.72,1416,31.17,167.7,0,0,0,0,0,0,No_Failure
1813,M48812,M,300.88,311.61,1512,47.78,17.7,0,0,0,0,0,0,No_Failure
1814,L48813,L,296.7,305.99,1377,48.97,224.1,0,0,0,0,0,0,No_Failure
1815,H48814,H,303.51,312.79,1402,14.66,191.4,0,0,1,0,0,1,PWF
1816,M48815,M,301.59,313.54,1513,34.13,201.0,0,0,0,0,0,0,No_Failure
1817,M48816,M,301.28,310.75,1441,52.75,187.3,0,0,0,0,0,0,No_Failure
1818,L48817,L,296.53,307.48,1332,43.86,32.6,0,0,0,0,0,0,No_Failure
1819,L48818,L,298.41,308.69,1460,44.07,184.9,0,0,0,0,0,0,No_Failure
1820,M48819,M,302.78,313.16,1263,45.64,151.6,0,0,0,0,0,0,No_Failure
1821,H48820,H,308.3,318.05,1271,30.41,12.9,0,0,0,0,0,0,No_Failure
1822,L48821,L,302.39,312.09,1269,42.14,72.0,0,0,0,0,0,0,No_Failure
1823,M48822,M,302.07,313.6,1801,44.72,107.0,0,0,0,0,0,0,No_Failure
1824,M48823,M,301.05,311.98,1573,41.07,137.4,0,0,0,0,0,0,No_Failure
1825,M48824,M,298.31,307.81,1607,36.06,45.7,0,0,0,0,0,0,No_Failure
1826,L48825,L,301.99,310.94,1502,39.52,133.4,0,0,1,0,0,1,PWF
1827,M48826,M,297.8,307.21,1591,28.6,242.3,0,0,0,0,0,0,No_Failure
1828,L48827,L,297.58,308.56,1712,46.14,89.7,0,0,0,0,0,0,No_Failure
1829,H48828,H,297.45,308.63,1573,25.65,38.3,0,0,0,0,0,0,No_Failure
1830,L48829,L,301.95,312.51,1795,31.84,118.6,0,0,0,0,0,0,No_Failure
1831,L48830,L,299.89,308.27,1493,46.82,114.0,0,0,0,0,0,0,No_Failure
1832,H48831,H,300.2,310.96,1608,42.9,232.0,0,0,0,0,0,0,No_Failure
1833,L48832,L,299.97,311.27,1627,35.16,117.0,0,0,0,0,0,0,No_Failure
1834,L48833,L,297.75,307.92,1332,22.88,61.6,0,0,0,0,0,0,No_Failure
1835,L48834,L,298.66,310.64,1508,39.54,56.8,0,0,0,0,0,0,No_Failure
1836,L48835,L,298.76,307.44,1169,33.7,8.7,0,0,0,0,0,0,No_Failure
1837,L48836,L,297.19,307.87,1477,44.8,187.6,0,0,0,0,0,0,No_Failure
1838,L48837,L,298.99,307.97,1450,34.83,67.8,0,0,0,0,0,0,No_Failure
1839,M48838,M,297.84,308.9,1439,22.49,199.4,0,0,0,0,0,0,No_Failure
1840,M48839,M,301.16,311.77,1427,26.16,139.2,0,0,0,0,0,0,No_Failure
1841,L48840,L,301.32,313.12,1592,35.73,180.0,0,0,0,0,0,0,No_Failure
1842,M48841,M,297.41,307.91,1341,41.09,51.4,0,0,0,0,0,0,No_Failure
1843,L48842,L,299.41,309.0,1835,28.36,39.2,0,0,0,0,0,0,No_Failure
1844,H48843,H,303.71,313.22,1602,32.42,105.8,0,0,0,0,0,0,No_Failure
1845,L48844,L,298.04,307.79,1355,47.92,90.3,0,0,0,0,0,0,No_Failure
1846,M48845,M,300.85,310.34,1616,51.1,128.1,0,0,0,0,0,0,No_Failure
1847,L48846,L,300.21,311.56,1679,42.77,189.3,0,0,0,0,0,0,No_Failure
1848,M48847,M,302.19,313.46,1566,37.15,229.9,0,0,0,0,0,0,No_Failure
1849,L48848,L,300.59,309.09,1319,33.79,150.4,0,0,0,0,0,0,No_Failure
1850,M48849,M,299.14,309.18,1903,45.39,57.1,0,0,1,0,0,1,PWF
1851,L48850,L,300.13,310.2,1615,36.84,74.7,0,0,0,0,0,0,No_Failure
1852,H48851,H,300.16,309.38,1275,49.2,229.1,0,0,0,0,0,0,No_Failure
1853,M48852,M,299.82,310.25,1538,49.73,53.0,0,0,0,0,0,0,No_Failure
1854,M48853,M,297.36,308.82,1460,44.1,24.0,0,0,0,0,0,0,No_Failure
1855,H48854,H,302.49,313.38,1501,35.02,233.1,0,0,0,0,0,0,No_Failure
1856,H48855,H,302.13,313.48,1285,35.8,6.7,0,0,0,0,0,0,No_Failure
1857,L48856,L,297.91,307.19,1510,23.56,189.5,0,0,0,0,0,0,No_Failure
1858,L48857,L,299.4,309.44,1350,39.47,36.8,0,0,0,0,0,0,No_Failure
1859,L48858,L,299.55,308.78,1437,39.16,168.6,0,0,0,0,0,0,No_Failure
1860,L48859,L,297.69,307.93,1570,26.22,47.2,0,0,0,0,0,0,No_Failure
1861,M48860,M,296.27,306.6,1414,63.64,227.0,0,0,0,0,0,0,No_Failure
1862,H48861,H,298.66,309.62,1448,45.56,12.6,0,0,0,0,0,0,No_Failure
1863,H48862,H,299.29,310.6,1648,31.6,77.0,0,0,0,0,0,0,No_Failure
1864,M48863,M,297.12,307.81,1340,60.54,198.1,0,0,0,0,0,0,No_Failure
1865,M48864,M,300.35,309.49,1383,35.04,143.5,0,0,0,0,0,0,No_Failure
1866,H48865,H,302.33,310.97,1274,48.3,106.7,0,0,0,0,0,0,No_Failure
1867,H48866,H,301.68,312.2,1352,40.88,110.2,0,0,0,0,0,0,No_Failure
1868,L48867,L,299.75,311.25,1523,35.38,127.1,0,0,0,0,0,0,No_Failure
1869,M48868,M,296.32,306.29,1615,36.63,251.7,1,0,0,0,0,1,TWF
1870,H48869,H,301.43,309.9,1355,54.37,170.4,0,1,0,0,0,1,HDF
1871,L48870,L,300.29,312.38,1610,48.76,123.2,0,0,0,0,0,0,No_Failure
1872,L48871,L,300.85,311.34,1519,38.78,81.4,0,0,0,0,0,0,No_Failure
1873,H48872,H,303.87,314.04,1251,19.5,127.5,0,0,1,0,0,1,PWF
1874,H48873,H,298.35,307.18,1531,43.04,233.4,0,0,0,0,0,0,No_Failure
1875,H48874,H,294.25,304.27,1715,27.54,55.4,0,0,0,0,0,0,No_Failure
1876,M48875,M,297.89,308.58,1159,45.39,87.4,0,0,0,0,0,0,No_Failure
1877,L48876,L,300.97,311.48,1861,32.86,16.4,0,0,0,0,0,0,No_Failure
1878,L48877,L,300.05,309.37,1390,33.91,159.2,0,0,0,0,0,0,No_Failure
1879,M48878,M,297.57,307.51,1203,33.62,194.1,0,0,0,0,0,0,No_Failure
1880,M48879,M,297.16,306.54,1525,50.21,159.9,0,1,0,0,0,1,HDF
1881,M48880,M,299.29,310.95,1650,22.34,205.4,0,0,0,0,0,0,No_Failure
1882,M48881,M,297.51,308.4,1450,47.38,195.0,0,0,0,0,0,0,No_Failure
1883,L48882,L,301.04,310.52,1556,43.42,246.0,1,0,0,0,0,1,TWF
1884,M48883,M,299.18,308.01,1882,39.27,114.5,0,0,0,0,0,0,No_Failure
1885,L48884,L,298.75,309.02,1537,35.52,21.3,0,0,0,0,0,0,No_Failure
1886,L48885,L,298.48,307.99,2037,44.86,135.5,0,0,0,0,0,0,No_Failure
1887,L48886,L,300.53,310.11,1728,35.6,195.1,0,0,0,0,0,0,No_Failure
1888,L48887,L,300.09,308.95,1509,35.51,103.0,0,0,1,0,0,1,PWF
1889,H48888,H,300.4,309.39,1552,40.64,113.7,0,0,0,0,0,0,No_Failure
1890,L48889,L,300.36,310.52,1443,57.2,186.6,0,0,0,0,0,0,No_Failure
1891,L48890,L,299.86,309.59,1545,24.87,4.3,0,0,0,0,0,0,No_Failure
1892,M48891,M,297.93,310.43,1601,45.01,166.3,0,0,0,0,0,0,No_Failure
1893,M48892,M,298.54,309.13,1427,38.57,178.9,0,0,0,0,0,0,No_Failure
1894,L48893,L,299.21,308.06,1252,37.79,245.6,1,0,0,0,0,1,TWF
1895,L48894,L,304.13,312.59,1738,24.73,184.7,0,0,0,0,0,0,No_Failure
1896,L48895,L,297.3,307.7,1675,22.44,33.1,0,0,0,0,0,0,No_Failure
1897,M48896,M,299.16,308.77,1245,43.4,126.1,0,0,0,0,0,0,No_Failure
1898,L48897,L,300.2,311.53,1531,27.31,102.7,0,0,0,0,0,0,No_Failure
1899,L48898,L,299.39,309.68,1685,50.16,101.4,0,0,0,0,0,0,No_Failure
1900,L48899,L,302.15,310.17,1666,29.84,198.6,0,0,0,0,0,0,No_Failure
1901,M48900,M,299.38,308.36,1375,45.51,147.0,0,0,0,0,0,0,No_Failure
1902,L48901,L,299.53,308.86,1677,34.24,184.9,0,0,0,0,0,0,No_Failure
1903,H48902,H,301.63,312.07,1503,33.76,188.7,0,0,0,0,0,0,No_Failure
1904,L48903,L,303.62,312.57,1570,30.86,174.1,0,0,0,0,0,0,No_Failure
1905,M48904,M,302.81,312.97,1334,44.37,191.7,0,0,0,0,0,0,No_Failure
1906,L48905,L,299.73,308.39,900,47.16,55.3,0,0,0,0,0,0,No_Failure
1907,L48906,L,299.9,309.91,1360,36.84,25.0,0,0,0,0,0,0,No_Failure
1908,L48907,L,300.09,310.46,1597,45.91,40.8,0,0,0,0,0,0,No_Failure
1909,H48908,H,300.29,311.76,1463,40.13,204.6,0,0,0,0,0,0,No_Failure
1910,H48909,H,298.31,308.55,1617,26.66,241.9,1,0,0,0,0,1,TWF
1911,L48910,L,301.87,311.06,1699,43.79,237.0,1,0,0,0,0,1,TWF
1912,L48911,L,300.41,311.91,1441,36.99,3.2,0,0,0,0,0,0,No_Failure
1913,H48912,H,299.91,309.73,1423,13.86,251.8,0,0,1,0,0,1,PWF
1914,M48913,M,297.46,308.23,1106,36.09,224.3,0,0,0,0,0,0,No_Failure
1915,L48914,L,300.12,309.51,1221,23.06,50.3,0,0,0,0,0,0,No_Failure
1916,L48915,L,296.21,306.3,1259,27.68,141.0,0,0,0,0,0,0,No_Failure
1917,M48916,M,298.84,308.04,1600,37.51,249.1,0,0,0,0,0,0,No_Failure
1918,M48917,M,298.87,309.2,1442,39.25,119.2,0,0,0,0,0,0,No_Failure
1919,M48918,M,300.57,311.38,1404,31.65,241.2,0,1,0,0,0,1,HDF
1920,H48919,H,303.76,313.26,1383,45.27,137.6,0,0,0,0,0,0,No_Failure
1921,L48920,L,301.14,310.59,1360,38.85,87.1,0,0,0,0,0,0,No_Failure
1922,L48921,L,302.9,313.25,1666,35.76,40.6,0,0,0,0,0,0,No_Failure
1923,L48922,L,301.29,310.47,1517,40.43,26.3,0,0,0,0,0,0,No_Failure
1924,L48923,L,302.25,310.73,1678,52.05,178.8,0,0,1,0,0,1,PWF
1925,L48924,L,303.71,314.07,1105,18.5,82.9,0,0,1,0,0,1,PWF
1926,L48925,L,298.54,308.43,1596,53.0,103.2,0,0,0,0,0,0,No_Failure
1927,L48926,L,298.41,308.28,1413,33.83,237.1,0,0,0,0,0,0,No_Failure
1928,M48927,M,301.34,311.86,1449,32.21,50.6,0,0,0,0,0,0,No_Failure
1929,L48928,L,299.99,310.65,1744,35.98,94.4,0,0,0,0,0,0,No_Failure
1930,L48929,L,300.44,310.28,1430,31.13,230.1,1,0,0,0,0,1,TWF
1931,M48930,M,299.5,308.38,1589,29.6,238.0,1,0,0,0,0,1,TWF
1932,M48931,M,298.81,308.17,1317,48.47,203.1,0,0,0,0,0,0,No_Failure
1933,M48932,M,303.24,313.83,1506,41.6,96.9,0,0,0,0,0,0,No_Failure
1934,H48933,H,297.8,307.94,1214,20.82,31.7,0,0,1,0,0,1,PWF
1935,M48934,M,301.37,310.82,1490,46.74,199.7,0,0,0,0,0,0,No_Failure
1936,L48935,L,301.05,310.26,1569,45.28,212.3,0,0,0,0,0,0,No_Failure
1937,L48936,L,296.84,307.46,1699,25.15,180.9,0,0,0,0,0,0,No_Failure
1938,M48937,M,298.34,308.12,1353,41.8,85.4,0,0,0,0,0,0,No_Failure
1939,L48938,L,298.67,309.43,1405,46.2,165.1,0,0,0,0,0,0,No_Failure
1940,L48939,L,301.13,312.01,1384,23.96,177.7,0,0,1,0,0,1,PWF
1941,L48940,L,299.27,308.95,1454,42.85,224.5,0,0,0,0,0,0,No_Failure
1942,L48941,L,299.83,310.78,1326,33.25,35.2,0,0,0,0,0,0,No_Failure
1943,L48942,L,297.08,307.22,1112,45.42,66.7,0,0,0,0,0,0,No_Failure
1944,L48943,L,304.65,314.92,1312,30.66,102.1,0,0,0,0,0,0,No_Failure
1945,H48944,H,300.14,307.95,1491,50.42,205.3,0,0,0,0,0,0,No_Failure
1946,H48945,H,301.0,310.03,1473,37.56,226.1,0,0,0,0,0,0,No_Failure
1947,L48946,L,298.92,308.0,1599,33.85,70.4,0,0,0,0,0,0,No_Failure
1948,H48947,H,298.69,308.38,1652,32.77,127.5,0,0,0,0,0,0,No_Failure
1949,L48948,L,303.83,313.94,1419,48.74,153.8,0,0,0,0,0,0,No_Failure
1950,H48949,H,296.17,306.32,1215,32.77,41.9,0,0,0,0,1,1,RNF
1951,H48950,H,300.56,310.84,1573,50.6,200.5,0,0,0,0,0,0,No_Failure
1952,L48951,L,297.58,306.89,1498,42.13,119.1,0,0,0,0,0,0,No_Failure
1953,M48952,M,299.19,309.88,1453,26.14,226.4,0,0,0,0,0,0,No_Failure
1954,H48953,H,298.72,310.53,1720,40.26,138.7,0,0,0,0,0,0,No_Failure
1955,H48954,H,298.03,307.67,1581,40.47,210.8,0,0,0,0,0,0,No_Failure
1956,H48955,H,300.07,309.41,1522,25.82,12.4,0,0,0,0,0,0,No_Failure
1957,M48956,M,294.86,304.18,1529,40.08,111.0,0,0,0,0,0,0,No_Failure
1958,L48957,L,299.37,309.45,1653,45.42,106.0,0,0,0,0,0,0,No_Failure
1959,H48958,H,299.82,309.29,1376,51.28,49.1,0,0,0,0,0,0,No_Failure
1960,M48959,M,297.28,305.55,1342,50.84,142.1,0,1,0,0,0,1,HDF
1961,M48960,M,303.03,311.57,1458,63.89,189.9,0,0,1,0,0,1,PWF
1962,L48961,L,298.81,309.83,1288,40.01,124.8,0,0,0,0,0,0,No_Failure
1963,M48962,M,299.53,310.81,1492,45.54,210.5,0,0,0,0,0,0,No_Failure
1964,L48963,L,298.82,310.42,1517,33.94,74.1,0,0,0,0,0,0,No_Failure
1965,M48964,M,299.84,310.06,1488,58.84,75.5,0,0,1,0,0,1,PWF
1966,L48965,L,302.62,311.63,1435,31.09,42.2,0,0,0,0,0,0,No_Failure
1967,M48966,M,304.95,314.51,1798,58.39,198.4,1,0,0,0,0,1,TWF
1968,H48967,H,301.49,310.0,1669,57.11,37.4,0,0,0,0,0,0,No_Failure
1969,L48968,L,302.18,310.65,1483,32.15,37.9,0,0,0,0,0,0,No_Failure
1970,M48969,M,303.43,313.69,1517,50.36,1.8,0,0,0,0,0,0,No_Failure
1971,L48970,L,300.5,311.04,1748,44.57,98.2,0,0,0,0,0,0,No_Failure
1972,H48971,H,303.14,315.1,1395,35.88,110.5,0,0,0,0,0,0,No_Failure
1973,M48972,M,301.58,311.5,1326,38.64,114.1,0,0,0,0,0,0,No_Failure
1974,L48973,L,300.29,308.93,1541,42.65,193.8,0,0,0,0,0,0,No_Failure
1975,L48974,L,300.7,310.58,1575,43.61,104.9,0,0,0,0,0,0,No_Failure
1976,L48975,L,296.36,306.07,1588,54.94,1.1,0,0,1,0,0,1,PWF
1977,L48976,L,300.58,310.09,1649,45.71,154.2,0,0,0,0,0,0,No_Failure
1978,H48977,H,296.91,307.26,1368,32.3,43.3,0,0,0,0,0,0,No_Failure
1979,M48978,M,296.75,305.53,1246,47.44,6.3,0,0,0,0,0,0,No_Failure
1980,L48979,L,300.39,310.52,1395,22.52,196.7,0,0,1,0,0,1,PWF
1981,H48980,H,297.77,308.42,1605,36.13,62.2,0,0,0,0,0,0,No_Failure
1982,L48981,L,299.99,311.41,1334,37.1,191.1,0,0,0,0,0,0,No_Failure
1983,H48982,H,300.28,310.59,1152,46.58,162.4,0,0,0,0,0,0,No_Failure
1984,L48983,L,300.37,311.41,1526,57.71,223.5,1,0,1,0,0,1,TWF
1985,M48984,M,298.19,307.75,1398,42.18,90.6,0,0,0,0,0,0,No_Failure
1986,H48985,H,301.8,311.49,1189,36.39,164.5,0,0,0,0,0,0,No_Failure
1987,L48986,L,299.82,311.17,1513,33.02,143.8,0,0,1,0,0,1,PWF
1988,M48987,M,300.88,309.51,1430,48.35,198.0,0,0,0,0,0,0,No_Failure
1989,H48988,H,297.61,307.2,1802,38.05,83.3,0,0,0,0,0,0,No_Failure
1990,L48989,L,299.64,310.77,1516,34.97,151.7,0,0,0,0,0,0,No_Failure
1991,L48990,L,302.19,311.98,1605,49.51,136.8,0,0,0,0,0,0,No_Failure
1992,M48991,M,301.94,311.65,1497,51.69,11.0,0,0,0,0,0,0,No_Failure
1993,L48992,L,298.41,308.14,1392,30.41,8.6,0,0,0,0,0,0,No_Failure
1994,L48993,L,298.91,309.03,1412,25.03,228.5,0,0,0,0,0,0,No_Failure
1995,L48994,L,298.02,309.11,1695,39.02,162.1,0,0,0,0,0,0,No_Failure
1996,M48995,M,298.69,309.61,1635,28.6,155.1,0,0,0,0,0,0,No_Failure
1997,L48996,L,297.2,307.21,1232,27.23,188.0,0,0,0,0,0,0,No_Failure
1998,L48997,L,299.72,310.82,1275,29.59,4.0,0,0,0,0,0,0,No_Failure
1999,H48998,H,301.27,311.61,1285,50.47,58.7,0,0,0,0,0,0,No_Failure
2000,M48999,M,298.43,309.29,1691,46.5,164.5,0,0,0,0,0,0,No_Failure
2001,H49000,H,299.82,308.79,1188,64.57,181.8,0,0,0,0,0,0,No_Failure
2002,L49001,L,299.56,311.3,1642,33.58,159.3,0,0,0,0,0,0,No_Failure
2003,H49002,H,302.11,312.33,1572,53.3,104.0,0,0,0,0,0,0,No_Failure
2004,M49003,M,298.78,306.03,1526,44.94,149.0,0,0,0,0,0,0,No_Failure
2005,L49004,L,298.85,310.51,1415,34.44,177.1,0,0,0,0,0,0,No_Failure
2006,H49005,H,298.31,308.31,1714,38.53,102.8,0,0,0,0,0,0,No_Failure
2007,L49006,L,297.72,307.33,1520,34.39,142.7,0,0,0,0,0,0,No_Failure
2008,L49007,L,301.06,310.45,1240,42.59,20.0,0,0,0,0,0,0,No_Failure
2009,L49008,L,299.73,310.17,1282,49.87,42.9,0,0,0,0,0,0,No_Failure
2010,M49009,M,300.11,309.22,1204,36.31,195.5,0,0,0,0,0,0,No_Failure
2011,L49010,L,302.55,311.97,1716,48.48,96.1,0,0,0,0,0,0,No_Failure
2012,L49011,L,302.66,312.11,1756,52.71,196.8,0,0,0,0,0,0,No_Failure
2013,L49012,L,296.71,306.42,1696,54.94,170.6,0,0,1,0,0,1,PWF
2014,L49013,L,301.3,310.78,1474,28.27,91.7,0,0,0,0,0,0,No_Failure
2015,L49014,L,300.45,311.3,1243,39.51,195.0,0,0,0,0,1,1,RNF
2016,M49015,M,299.08,309.35,1310,47.09,32.0,0,0,0,0,0,0,No_Failure
2017,L49016,L,300.66,311.05,1322,29.13,40.6,0,0,0,0,0,0,No_Failure
2018,L49017,L,296.55,307.16,1492,26.9,103.5,0,0,0,0,0,0,No_Failure
2019,M49018,M,302.93,312.83,1750,39.74,165.9,0,0,0,0,0,0,No_Failure
2020,L49019,L,301.03,310.01,1749,35.87,75.3,0,0,0,0,0,0,No_Failure
2021,M49020,M,298.27,310.07,1412,38.28,81.8,0,0,0,0,0,0,No_Failure
2022,L49021,L,298.83,309.76,1097,35.29,218.0,0,0,0,0,0,0,No_Failure
2023,L49022,L,296.59,308.21,1290,61.6,227.7,1,0,0,0,0,1,TWF
2024,L49023,L,299.37,310.41,1714,35.38,230.9,0,0,0,0,0,0,No_Failure
2025,L49024,L,299.03,308.57,1542,45.86,5.6,0,0,0,0,0,0,No_Failure
2026,L49025,L,297.35,305.0,1436,45.19,202.0,0,0,0,0,0,0,No_Failure
2027,H49026,H,301.55,310.32,1423,23.11,192.7,0,0,0,0,0,0,No_Failure
2028,L49027,L,302.55,313.19,1365,54.66,65.3,0,0,0,0,0,0,No_Failure
2029,M49028,M,299.95,309.84,1283,46.26,57.3,0,0,0,0,0,0,No_Failure
2030,M49029,M,299.39,308.97,1873,41.57,8.8,0,0,0,0,0,0,No_Failure
2031,L49030,L,300.87,308.37,1809,50.57,208.0,0,1,1,0,0,1,HDF
2032,M49031,M,299.96,309.95,1352,39.52,153.7,0,0,0,0,0,0,No_Failure
2033,L49032,L,297.84,306.75,1184,48.82,4.0,0,0,0,0,0,0,No_Failure
2034,L49033,L,298.69,307.97,1530,21.24,57.0,0,0,0,0,0,0,No_Failure
2035,L49034,L,299.41,310.26,1473,48.18,210.2,0,0,0,0,0,0,No_Failure
2036,M49035,M,300.5,309.47,1613,41.84,152.3,0,0,0,0,0,0,No_Failure
2037,H49036,H,300.02,309.08,1654,41.99,216.5,0,0,0,0,0,0,No_Failure
2038,L49037,L,300.42,310.61,1289,31.58,37.1,0,0,0,0,0,0,No_Failure
2039,M49038,M,296.95,307.82,1730,37.81,241.0,1,0,0,0,0,1,TWF
2040,M49039,M,301.33,310.93,1436,37.52,52.5,0,0,0,0,0,0,No_Failure
2041,L49040,L,300.01,311.47,1609,28.61,76.8,0,0,0,0,0,0,No_Failure
2042,M49041,M,305.11,313.83,1453,43.58,234.3,1,0,0,0,0,1,TWF
2043,M49042,M,299.22,307.77,1666,55.73,79.2,0,0,0,0,0,0,No_Failure
2044,H49043,H,300.65,309.11,1075,25.79,150.6,0,1,1,0,0,1,HDF
2045,H49044,H,305.66,314.01,1633,44.9,87.1,0,0,0,0,0,0,No_Failure
2046,L49045,L,300.39,310.72,1350,35.8,187.1,0,0,0,0,0,0,No_Failure
2047,L49046,L,299.86,308.89,1513,34.64,78.8,0,0,0,0,0,0,No_Failure
2048,M49047,M,298.03,306.62,1724,40.75,111.6,0,0,0,0,0,0,No_Failure
2049,L49048,L,303.06,313.44,1355,40.9,21.2,0,0,0,0,0,0,No_Failure
2050,L49049,L,297.68,308.51,1327,41.85,233.0,1,0,0,0,0,1,TWF
2051,H49050,H,300.85,311.91,1433,28.69,229.2,1,0,0,0,0,1,TWF
2052,L49051,L,299.05,309.93,1422,50.9,203.5,0,0,0,0,0,0,No_Failure
2053,L49052,L,299.62,308.7,1311,40.81,220.9,0,0,0,0,0,0,No_Failure
2054,H49053,H,297.15,307.43,1519,45.94,152.5,0,0,0,0,0,0,No_Failure
2055,L49054,L,302.69,313.18,1528,52.15,21.6,0,0,0,0,0,0,No_Failure
2056,L49055,L,299.44,308.97,1583,20.79,17.9,0,0,1,0,0,1,PWF
2057,H49056,H,297.57,307.73,1352,46.3,198.9,0,0,0,0,0,0,No_Failure
2058,L49057,L,302.51,311.25,1330,38.36,130.8,0,0,0,0,0,0,No_Failure
2059,L49058,L,298.99,308.36,1479,50.19,70.1,0,0,0,0,0,0,No_Failure
2060,L49059,L,300.67,311.04,1456,31.99,9.5,0,0,0,0,0,0,No_Failure
2061,H49060,H,301.68,313.19,1459,49.35,249.0,0,0,0,0,0,0,No_Failure
2062,L49061,L,300.95,312.1,1373,29.45,24.5,0,0,0,0,0,0,No_Failure
2063,M49062,M,295.61,306.27,1559,44.02,92.2,0,0,0,0,0,0,No_Failure
2064,L49063,L,301.39,311.47,1330,42.84,172.1,0,0,0,0,0,0,No_Failure
2065,L49064,L,299.8,309.72,1478,38.45,157.6,0,0,0,0,0,0,No_Failure
2066,H49065,H,299.34,307.89,1445,29.68,32.0,0,0,0,0,0,0,No_Failure
2067,M49066,M,299.78,308.95,1494,36.31,157.0,0,0,0,0,0,0,No_Failure
2068,H49067,H,296.78,305.98,1713,49.23,85.1,0,0,0,0,0,0,No_Failure
2069,L49068,L,300.38,310.96,1263,54.88,43.2,0,0,0,0,0,0,No_Failure
2070,M49069,M,297.27,308.22,1070,59.54,156.1,0,0,0,0,0,0,No_Failure
2071,H49070,H,299.43,310.16,1393,45.27,227.8,1,0,0,0,0,1,TWF
2072,L49071,L,300.31,311.5,1293,42.51,190.1,0,0,0,0,0,0,No_Failure
2073,L49072,L,302.15,312.22,958,44.49,41.1,0,0,0,0,0,0,No_Failure
2074,H49073,H,298.36,307.38,1814,59.29,44.1,0,0,0,0,0,0,No_Failure
2075,L49074,L,302.9,312.85,1601,45.21,118.7,0,0,0,0,0,0,No_Failure
2076,M49075,M,301.89,311.17,1620,40.87,5.3,0,0,0,0,0,0,No_Failure
2077,H49076,H,299.14,309.8,1449,37.25,5.2,0,0,0,0,0,0,No_Failure
2078,L49077,L,297.78,307.42,1576,38.4,63.7,0,0,0,0,0,0,No_Failure
2079,L49078,L,297.11,307.01,1424,43.86,27.0,0,0,0,0,0,0,No_Failure
2080,L49079,L,300.54,311.24,1647,32.49,138.3,0,0,0,0,0,0,No_Failure
2081,L49080,L,298.53,307.78,1534,33.74,11.0,0,0,0,0,0,0,No_Failure
2082,L49081,L,302.4,313.36,1493,39.36,61.6,0,0,0,0,0,0,No_Failure
2083,M49082,M,298.64,307.29,1507,35.48,14.7,0,0,0,0,0,0,No_Failure
2084,L49083,L,298.2,308.51,1764,45.96,134.2,0,1,0,0,0,1,HDF
2085,M49084,M,300.47,310.38,1530,46.74,89.2,0,0,0,0,0,0,No_Failure
2086,L49085,L,298.63,309.46,1315,42.63,21.0,0,0,0,0,0,0,No_Failure
2087,L49086,L,300.02,308.64,1561,44.9,89.7,0,0,0,0,0,0,No_Failure
2088,L49087,L,301.97,310.44,1588,41.18,0.2,0,0,0,0,0,0,No_Failure
2089,M49088,M,300.23,310.98,1474,3.0,208.8,0,0,1,0,0,1,PWF
2090,L49089,L,300.24,309.85,1491,31.24,92.0,0,0,0,0,0,0,No_Failure
2091,L49090,L,300.41,310.32,1308,47.07,168.5,0,0,0,0,0,0,No_Failure
2092,H49091,H,296.61,305.95,1517,31.61,179.3,0,0,0,0,0,0,No_Failure
2093,M49092,M,300.78,311.7,1281,48.55,140.4,0,0,0,0,0,0,No_Failure
2094,L49093,L,300.32,310.62,1455,49.12,149.0,0,0,0,0,0,0,No_Failure
2095,H49094,H,301.79,312.03,1380,37.35,108.4,0,0,0,0,0,0,No_Failure
2096,L49095,L,301.21,310.04,1677,34.09,103.1,0,0,1,0,0,1,PWF
2097,L49096,L,299.6,310.1,1779,40.1,77.4,0,0,0,0,0,0,No_Failure
2098,L49097,L,302.06,311.07,1294,39.56,18.0,0,0,0,0,0,0,No_Failure
2099,L49098,L,299.41,308.76,1499,46.27,88.4,0,0,0,0,0,0,No_Failure
2100,L49099,L,300.49,309.13,1444,16.59,117.0,0,0,0,0,0,0,No_Failure
2101,M49100,M,299.38,309.22,1584,32.66,33.8,0,0,0,0,0,0,No_Failure
2102,L49101,L,300.92,311.99,1517,29.88,229.7,0,0,0,0,0,0,No_Failure
2103,H49102,H,299.25,309.47,1430,14.82,2.1,0,0,0,0,0,0,No_Failure
2104,H49103,H,303.3,312.85,1517,35.05,56.6,0,1,0,0,0,1,HDF
2105,M49104,M,304.03,314.14,1461,25.0,172.0,0,0,0,0,0,0,No_Failure
2106,M49105,M,301.75,311.85,1786,36.13,208.3,1,0,0,0,0,1,TWF
2107,M49106,M,303.08,313.15,1357,35.12,119.9,0,0,0,0,0,0,No_Failure
2108,H49107,H,296.92,307.1,1546,44.53,148.9,0,0,0,0,0,0,No_Failure
2109,L49108,L,297.16,306.12,1592,37.5,69.1,0,0,0,0,0,0,No_Failure
2110,L49109,L,299.36,309.46,1579,23.09,241.4,0,0,0,0,0,0,No_Failure
2111,M49110,M,300.08,308.33,1446,43.47,163.0,0,0,0,0,0,0,No_Failure
2112,M49111,M,299.6,310.18,1746,64.2,33.3,0,0,1,0,0,1,PWF
2113,L49112,L,296.72,305.61,1124,50.75,186.3,0,0,0,0,0,0,No_Failure
2114,M49113,M,302.3,313.48,1303,46.79,32.3,0,0,0,0,0,0,No_Failure
2115,L49114,L,304.31,311.86,1619,38.05,102.0,0,0,0,0,0,0,No_Failure
2116,H49115,H,302.56,314.24,1342,35.09,124.3,0,0,0,0,0,0,No_Failure
2117,L49116,L,302.17,310.53,1331,34.4,182.8,0,0,0,0,0,0,No_Failure
2118,L49117,L,300.45,309.25,1416,42.41,252.1,0,0,0,0,0,0,No_Failure
2119,L49118,L,298.31,308.61,1359,28.64,94.0,0,0,0,0,0,0,No_Failure
2120,L49119,L,300.15,310.76,1615,42.2,171.0,0,0,0,0,0,0,No_Failure
2121,L49120,L,304.21,313.93,1663,33.36,170.1,0,0,0,0,0,0,No_Failure
2122,L49121,L,299.3,310.19,1516,22.86,46.6,0,0,0,0,0,0,No_Failure
2123,L49122,L,299.09,308.29,1690,33.22,162.6,0,0,0,0,0,0,No_Failure
2124,L49123,L,302.21,311.81,1250,52.51,222.5,1,0,0,0,0,1,TWF
2125,L49124,L,302.35,312.05,1514,41.38,140.6,0,0,0,0,0,0,No_Failure
2126,L49125,L,298.3,307.77,1743,4.47,121.4,0,0,1,0,0,1,PWF
2127,L49126,L,299.48,307.54,1676,33.26,163.8,0,0,0,0,0,0,No_Failure
2128,L49127,L,299.0,308.97,1759,49.03,204.1,0,0,1,0,0,1,PWF
2129,L49128,L,300.14,310.02,1394,37.02,57.0,0,0,0,0,0,0,No_Failure
2130,L49129,L,302.21,313.29,1665,45.24,41.3,0,0,0,0,0,0,No_Failure
2131,L49130,L,298.39,307.11,1423,36.05,164.8,0,0,0,0,0,0,No_Failure
2132,M49131,M,302.18,311.54,1607,41.84,8.7,0,0,0,0,0,0,No_Failure
2133,H49132,H,300.2,311.41,1736,40.35,208.8,0,0,0,0,0,0,No_Failure
2134,H49133,H,304.65,314.95,1357,33.54,76.4,0,0,0,0,0,0,No_Failure
2135,M49134,M,300.64,311.19,1166,45.71,28.1,0,0,0,0,0,0,No_Failure
2136,M49135,M,299.81,310.26,1833,55.32,193.5,0,0,1,0,0,1,PWF
2137,L49136,L,301.15,311.61,1588,43.85,56.4,0,0,0,0,0,0,No_Failure
2138,M49137,M,299.33,311.15,1481,41.04,101.6,0,0,0,0,0,0,No_Failure
2139,M49138,M,296.41,306.5,1471,31.57,104.7,0,0,0,0,0,0,No_Failure
2140,H49139,H,299.52,308.51,1123,49.38,207.5,0,0,0,0,0,0,No_Failure
2141,H49140,H,299.49,310.13,1538,34.89,66.9,0,0,0,0,0,0,No_Failure
2142,L49141,L,296.82,306.25,1404,45.61,160.2,0,0,0,0,0,0,No_Failure
2143,M49142,M,299.85,309.74,1509,47.62,252.7,0,0,0,0,0,0,No_Failure
2144,H49143,H,295.87,306.24,1505,49.88,151.6,0,0,0,0,0,0,No_Failure
2145,L49144,L,299.3,308.48,900,50.06,35.7,0,0,0,0,0,0,No_Failure
2146,H49145,H,300.49,309.98,1588,49.7,71.7,0,0,0,0,0,0,No_Failure
2147,L49146,L,300.19,310.67,1534,27.44,135.4,0,0,0,0,0,0,No_Failure
2148,H49147,H,299.18,308.63,1558,31.41,81.5,0,0,0,0,0,0,No_Failure
2149,M49148,M,299.83,310.8,1467,26.28,130.7,0,0,0,0,0,0,No_Failure
2150,L49149,L,298.43,307.45,1509,25.6,137.4,0,0,0,0,0,0,No_Failure
2151,M49150,M,300.02,309.03,1531,55.25,186.1,0,0,0,0,0,0,No_Failure
2152,L49151,L,300.12,312.02,1549,30.14,157.6,0,0,0,0,0,0,No_Failure
2153,M49152,M,298.2,306.67,1586,28.73,176.6,0,0,0,0,0,0,No_Failure
2154,M49153,M,300.54,310.51,1551,39.44,55.2,0,0,0,0,0,0,No_Failure
2155,M49154,M,300.52,312.37,1833,32.54,107.1,0,0,0,0,0,0,No_Failure
2156,H49155,H,299.67,309.64,1369,62.62,208.8,0,0,0,0,0,0,No_Failure
2157,L49156,L,304.84,316.19,1433,37.27,190.3,0,0,0,0,0,0,No_Failure
2158,L49157,L,299.72,310.37,1805,44.45,46.1,0,0,0,0,0,0,No_Failure
2159,L49158,L,299.44,309.43,1472,32.2,16.2,0,0,0,0,0,0,No_Failure
2160,L49159,L,299.16,309.02,1668,23.38,165.3,0,0,0,0,0,0,No_Failure
2161,L49160,L,298.06,305.94,1524,32.71,112.4,0,0,0,0,0,0,No_Failure
2162,L49161,L,301.37,311.05,1459,32.82,103.8,0,0,0,0,0,0,No_Failure
2163,L49162,L,298.63,308.86,1678,32.75,6.3,0,0,0,0,0,0,No_Failure
2164,L49163,L,298.86,309.1,1593,24.0,96.6,0,0,0,0,0,0,No_Failure
2165,H49164,H,298.92,311.39,1224,41.36,45.2,0,0,0,0,0,0,No_Failure
2166,L49165,L,298.03,308.31,1531,36.63,8.7,0,0,0,0,0,0,No_Failure
2167,H49166,H,296.5,307.13,1321,24.58,100.9,0,0,0,0,0,0,No_Failure
2168,L49167,L,299.07,310.24,1729,41.06,208.7,0,0,0,0,0,0,No_Failure
2169,L49168,L,301.75,312.29,1816,47.62,225.5,0,0,1,0,0,1,PWF
2170,M49169,M,300.39,310.31,1837,51.98,60.3,0,0,0,0,0,0,No_Failure
2171,L49170,L,303.12,313.04,1564,15.8,69.6,0,0,1,0,0,1,PWF
2172,L49171,L,301.5,311.15,1417,32.69,24.9,0,0,0,0,0,0,No_Failure
2173,M49172,M,301.05,311.49,1558,26.29,230.1,0,0,0,0,0,0,No_Failure
2174,L49173,L,303.77,313.59,1331,33.48,16.5,0,0,0,0,0,0,No_Failure
2175,L49174,L,299.81,310.43,1922,53.89,237.1,1,0,1,0,0,1,TWF
2176,M49175,M,300.13,309.12,1715,32.73,162.3,0,0,0,0,0,0,No_Failure
2177,L49176,L,299.98,310.12,1555,35.25,199.0,0,0,0,0,0,0,No_Failure
2178,H49177,H,303.09,314.64,1679,31.71,55.7,0,0,0,0,0,0,No_Failure
2179,L49178,L,300.01,309.78,1411,56.26,153.7,0,0,0,0,0,0,No_Failure
2180,H49179,H,298.7,310.55,1301,17.0,27.5,0,0,1,0,0,1,PWF
2181,M49180,M,301.18,311.34,1102,34.44,166.6,0,0,0,0,0,0,No_Failure
2182,H49181,H,298.37,308.31,1515,31.34,151.9,0,0,0,0,0,0,No_Failure
2183,H49182,H,301.07,311.18,1463,22.79,208.4,1,0,1,0,0,1,TWF
2184,L49183,L,300.83,310.52,1593,51.02,163.2,0,0,0,0,0,0,No_Failure
2185,M49184,M,299.62,307.64,1502,21.97,245.8,0,0,0,0,0,0,No_Failure
2186,L49185,L,301.13,312.01,1585,35.41,124.1,0,0,0,0,0,0,No_Failure
2187,H49186,H,297.02,309.22,1646,39.21,139.6,0,0,0,0,0,0,No_Failure
2188,M49187,M,300.33,310.81,1237,32.49,19.2,0,0,0,0,0,0,No_Failure
2189,L49188,L,299.07,309.62,1656,22.66,27.4,0,0,0,0,0,0,No_Failure
2190,H49189,H,305.72,315.54,1427,38.32,43.9,0,0,0,0,0,0,No_Failure
2191,L49190,L,300.31,311.47,1593,32.38,30.0,0,0,0,0,0,0,No_Failure
2192,M49191,M,298.81,308.77,1684,48.09,34.7,0,0,0,0,0,0,No_Failure
2193,M49192,M,297.24,307.51,1685,45.16,65.9,0,0,0,0,0,0,No_Failure
2194,L49193,L,302.61,311.05,1523,59.44,70.4,0,0,1,0,0,1,PWF
2195,M49194,M,299.3,308.77,1532,41.1,176.0,0,0,0,0,0,0,No_Failure
2196,H49195,H,298.42,308.78,1661,45.89,123.1,0,0,0,0,0,0,No_Failure
2197,L49196,L,300.67,311.58,1230,36.41,234.5,0,0,0,0,0,0,No_Failure
2198,M49197,M,301.3,312.23,1329,57.12,86.8,0,0,0,0,0,0,No_Failure
2199,L49198,L,301.27,309.69,1450,40.1,16.0,0,0,0,0,0,0,No_Failure
2200,M49199,M,300.04,308.56,1260,38.97,213.6,0,0,0,0,0,0,No_Failure
2201,L49200,L,300.32,310.9,1451,45.41,213.2,0,0,0,0,0,0,No_Failure
2202,H49201,H,300.46,309.72,1441,33.55,91.9,0,0,0,0,0,0,No_Failure
2203,H49202,H,300.67,311.57,1516,35.0,17.8,0,0,0,0,0,0,No_Failure
2204,L49203,L,300.85,309.22,1490,45.4,222.9,0,0,0,0,0,0,No_Failure
2205,L49204,L,302.19,312.09,1692,47.32,236.2,0,0,0,0,0,0,No_Failure
2206,M49205,M,300.11,310.08,1603,45.97,252.3,0,0,0,0,0,0,No_Failure
2207,M49206,M,298.37,308.85,1487,39.2,98.9,0,0,0,0,0,0,No_Failure
2208,L49207,L,299.71,308.68,1440,42.7,32.2,0,0,0,0,0,0,No_Failure
2209,L49208,L,301.51,309.54,1491,49.6,95.6,0,0,0,0,0,0,No_Failure
2210,L49209,L,296.43,306.6,1495,29.06,148.1,0,0,0,0,0,0,No_Failure
2211,H49210,H,296.44,306.96,1953,40.01,10.9,0,0,0,0,0,0,No_Failure
2212,L49211,L,301.84,312.84,1238,10.89,69.4,0,0,1,0,0,1,PWF
2213,H49212,H,303.04,312.68,1333,47.4,238.3,0,0,0,0,0,0,No_Failure
2214,L49213,L,297.47,308.25,1307,32.17,11.2,0,0,0,0,0,0,No_Failure
2215,H49214,H,300.2,310.69,1548,32.44,38.2,0,0,0,0,0,0,No_Failure
2216,L49215,L,299.2,310.52,1541,38.78,147.0,0,0,0,0,0,0,No_Failure
2217,L49216,L,299.48,309.42,1397,46.19,242.3,0,0,0,0,0,0,No_Failure
2218,H49217,H,300.61,308.88,1661,63.92,237.9,1,0,1,0,0,1,TWF
2219,H49218,H,297.41,307.35,1567,24.47,65.2,0,0,0,0,0,0,No_Failure
2220,L49219,L,297.79,307.87,1669,31.5,155.3,0,0,0,0,0,0,No_Failure
2221,L49220,L,299.4,309.92,1717,42.29,244.1,0,0,0,0,0,0,No_Failure
2222,L49221,L,299.71,308.18,1116,32.73,159.3,0,0,0,0,0,0,No_Failure
2223,L49222,L,297.75,307.44,1623,48.36,56.1,0,0,0,0,0,0,No_Failure
2224,L49223,L,301.58,312.45,1268,38.32,175.5,0,0,0,0,0,0,No_Failure
2225,H49224,H,299.16,309.06,1545,48.85,129.3,0,0,0,0,0,0,No_Failure
2226,L49225,L,299.16,308.85,1487,37.52,124.9,0,0,0,0,0,0,No_Failure
2227,M49226,M,300.57,312.47,1495,45.45,123.6,0,0,0,0,0,0,No_Failure
2228,L49227,L,299.74,308.67,1283,30.43,28.5,0,0,0,0,0,0,No_Failure
2229,L49228,L,301.67,312.91,1685,59.37,199.7,0,0,0,0,0,0,No_Failure
2230,M49229,M,298.13,309.15,1268,23.0,87.8,0,0,1,0,0,1,PWF
2231,L49230,L,297.21,306.98,1635,32.92,46.7,0,0,0,0,0,0,No_Failure
2232,M49231,M,299.38,309.35,1242,25.8,111.5,0,0,1,0,0,1,PWF
2233,L49232,L,300.12,310.08,1497,48.0,162.7,0,0,0,0,0,0,No_Failure
2234,H49233,H,297.52,307.7,1825,45.4,140.0,0,0,0,0,0,0,No_Failure
2235,M49234,M,297.22,306.63,1925,27.82,207.2,0,0,0,0,0,0,No_Failure
2236,H49235,H,300.36,309.94,1209,49.97,213.4,0,0,0,0,0,0,No_Failure
2237,L49236,L,298.48,308.13,1373,33.01,157.0,0,0,0,0,0,0,No_Failure
2238,L49237,L,297.09,306.77,1406,43.87,139.6,0,0,0,0,0,0,No_Failure
2239,L49238,L,301.93,311.62,1906,46.22,143.4,0,0,0,0,0,0,No_Failure
2240,M49239,M,298.74,306.5,1488,37.55,99.5,0,0,0,0,1,1,RNF
2241,L49240,L,302.3,312.4,1693,49.1,118.7,0,0,0,0,0,0,No_Failure
2242,L49241,L,300.06,309.53,1554,38.56,133.3,0,0,0,0,0,0,No_Failure
2243,L49242,L,300.59,308.72,1284,43.39,202.6,0,1,0,0,0,1,HDF
2244,L49243,L,299.58,309.23,1165,37.26,188.7,0,0,0,0,0,0,No_Failure
2245,L49244,L,294.69,304.31,1390,21.32,49.5,0,0,0,0,0,0,No_Failure
2246,L49245,L,297.73,309.0,1917,38.76,247.4,0,0,0,0,0,0,No_Failure
2247,L49246,L,299.75,309.21,1546,31.26,244.2,1,0,0,0,0,1,TWF
2248,M49247,M,300.73,311.4,1690,53.92,70.6,0,0,0,0,0,0,No_Failure
2249,L49248,L,296.42,307.8,1245,26.36,252.7,1,0,0,0,0,1,TWF
2250,L49249,L,299.89,309.26,1441,52.25,132.9,0,0,0,0,0,0,No_Failure
2251,M49250,M,297.76,307.71,1640,38.21,57.4,0,0,0,0,0,0,No_Failure
2252,M49251,M,300.47,312.2,1304,44.06,182.3,0,0,0,0,0,0,No_Failure
2253,L49252,L,299.96,310.19,1488,26.2,12.1,0,0,0,0,0,0,No_Failure
2254,M49253,M,301.49,311.86,1342,36.91,174.0,0,0,0,0,0,0,No_Failure
2255,H49254,H,302.13,311.73,1649,33.35,211.3,0,0,0,0,0,0,No_Failure
2256,M49255,M,300.92,311.61,1572,61.03,88.7,0,0,0,0,0,0,No_Failure
2257,H49256,H,301.72,311.68,1623,33.11,84.7,0,0,0,0,0,0,No_Failure
2258,M49257,M,299.3,307.47,1657,51.53,68.9,0,0,0,0,0,0,No_Failure
2259,L49258,L,305.65,315.29,1459,51.67,103.1,0,0,0,0,0,0,No_Failure
2260,L49259,L,297.56,306.38,1681,51.39,145.1,0,0,1,0,0,1,PWF
2261,M49260,M,298.94,309.06,1394,34.06,192.8,0,0,0,0,1,1,RNF
2262,H49261,H,301.8,310.89,1613,58.05,224.3,0,0,1,0,0,1,PWF
2263,L49262,L,301.51,311.98,1145,60.12,138.8,0,0,0,0,0,0,No_Failure
2264,L49263,L,300.97,311.02,1366,43.67,120.2,0,0,0,0,0,0,No_Failure
2265,M49264,M,301.35,310.1,1917,35.35,94.8,0,0,0,0,0,0,No_Failure
2266,L49265,L,295.83,305.34,1610,31.39,150.6,0,0,0,0,0,0,No_Failure
2267,M49266,M,303.18,313.8,1610,44.72,36.7,0,0,0,0,0,0,No_Failure
2268,M49267,M,299.59,310.74,1352,40.65,118.1,0,0,0,0,0,0,No_Failure
2269,M49268,M,302.49,311.59,1303,41.83,128.7,0,0,0,0,0,0,No_Failure
2270,H49269,H,295.93,304.84,1452,26.52,159.2,0,0,0,0,0,0,No_Failure
2271,M49270,M,300.51,312.46,1488,40.33,17.3,0,0,0,0,0,0,No_Failure
2272,M49271,M,298.87,308.86,1845,51.44,108.7,0,0,1,0,0,1,PWF
2273,M49272,M,301.14,311.24,1683,48.15,192.7,0,0,0,0,0,0,No_Failure
2274,H49273,H,300.63,309.89,1520,35.86,198.4,0,0,0,0,0,0,No_Failure
2275,H49274,H,300.73,310.95,1512,38.91,137.4,0,0,0,0,0,0,No_Failure
2276,L49275,L,297.88,309.6,1636,25.32,220.6,0,0,0,0,0,0,No_Failure
2277,M49276,M,299.89,310.14,1263,33.35,191.0,0,0,0,0,0,0,No_Failure
2278,L49277,L,299.64,310.7,1154,36.6,201.7,0,0,0,0,0,0,No_Failure
2279,H49278,H,300.99,311.02,1634,46.33,200.6,0,0,0,0,0,0,No_Failure
2280,M49279,M,301.98,310.95,1513,32.94,184.3,0,0,0,0,0,0,No_Failure
2281,L49280,L,300.3,309.62,1264,29.64,216.6,0,0,0,0,0,0,No_Failure
2282,L49281,L,297.45,306.33,1123,47.58,24.5,0,0,0,0,0,0,No_Failure
2283,L49282,L,300.22,310.43,1661,35.77,127.5,0,0,0,0,0,0,No_Failure
2284,M49283,M,305.22,316.45,1406,31.61,208.8,0,0,0,0,0,0,No_Failure
2285,L49284,L,303.29,313.45,1572,48.12,27.7,0,0,0,0,0,0,No_Failure
2286,L49285,L,294.05,303.74,1453,44.59,39.3,0,0,0,0,0,0,No_Failure
2287,H49286,H,300.13,309.34,1494,37.93,101.6,0,0,0,0,0,0,No_Failure
2288,M49287,M,301.86,312.22,1393,36.49,142.7,0,0,0,0,0,0,No_Failure
2289,L49288,L,299.64,308.4,1486,43.8,183.1,0,0,0,0,0,0,No_Failure
2290,L49289,L,299.08,307.95,1604,45.39,141.9,0,0,0,0,0,0,No_Failure
2291,H49290,H,299.47,310.37,1450,42.09,54.8,0,0,0,0,0,0,No_Failure
2292,M49291,M,301.1,310.83,1440,41.21,214.5,0,0,0,0,0,0,No_Failure
2293,M49292,M,297.7,307.41,1609,33.93,67.0,0,0,0,0,0,0,No_Failure
2294,L49293,L,302.38,312.21,1621,34.53,217.1,0,0,0,0,0,0,No_Failure
2295,L49294,L,299.89,310.61,1295,38.28,125.3,0,0,0,0,0,0,No_Failure
2296,L49295,L,298.13,308.3,1495,30.39,10.2,0,0,0,0,0,0,No_Failure
2297,M49296,M,302.25,311.51,1406,29.22,121.3,0,0,0,0,0,0,No_Failure
2298,L49297,L,296.91,306.2,1502,39.1,165.5,0,0,0,0,0,0,No_Failure
2299,L49298,L,298.89,308.69,1758,49.89,222.6,0,0,1,0,0,1,PWF
2300,M49299,M,298.86,309.16,1565,19.27,147.3,0,0,0,0,0,0,No_Failure
2301,H49300,H,304.29,314.25,1890,36.09,250.8,1,0,0,0,0,1,TWF
2302,M49301,M,298.63,308.51,1540,42.73,96.3,0,0,0,0,0,0,No_Failure
2303,L49302,L,295.69,305.74,1470,50.72,62.2,0,0,0,0,0,0,No_Failure
2304,L49303,L,298.84,308.8,1496,58.0,112.2,0,0,1,0,0,1,PWF
2305,L49304,L,300.91,310.13,1526,37.42,166.6,0,0,0,0,0,0,No_Failure
2306,L49305,L,301.57,312.68,1558,59.73,24.0,0,0,1,0,0,1,PWF
2307,M49306,M,304.55,314.07,1321,44.56,22.8,0,0,0,0,0,0,No_Failure
2308,L49307,L,302.81,312.94,1458,48.14,157.9,0,0,0,0,0,0,No_Failure
2309,M49308,M,300.38,308.32,1370,29.35,97.1,0,1,0,0,0,1,HDF
2310,H49309,H,298.22,308.0,1685,44.53,198.2,0,0,0,0,0,0,No_Failure
2311,H49310,H,303.25,312.15,1153,49.01,66.7,0,0,0,0,0,0,No_Failure
2312,L49311,L,299.26,308.28,1528,33.11,109.7,0,0,0,0,0,0,No_Failure
2313,L49312,L,298.68,311.11,1227,13.94,130.3,0,0,0,0,0,0,No_Failure
2314,L49313,L,299.17,309.42,1578,41.49,238.4,0,0,0,0,0,0,No_Failure
2315,L49314,L,297.5,308.72,1428,37.85,1.9,0,0,0,0,0,0,No_Failure
2316,L49315,L,299.07,309.93,1173,53.44,54.9,0,0,0,0,0,0,No_Failure
2317,L49316,L,299.53,310.52,1670,34.62,23.3,0,0,0,0,0,0,No_Failure
2318,M49317,M,301.46,311.26,1047,32.95,250.8,0,0,0,0,0,0,No_Failure
2319,L49318,L,299.22,310.83,1494,28.29,33.4,0,0,0,0,0,0,No_Failure
2320,H49319,H,297.47,308.31,1624,33.7,208.3,0,0,0,0,0,0,No_Failure
2321,L49320,L,296.79,306.83,1748,66.67,131.6,0,0,0,0,0,0,No_Failure
2322,L49321,L,300.42,310.68,1210,24.13,198.0,0,0,1,0,0,1,PWF
2323,L49322,L,300.15,310.01,1407,26.65,76.3,0,0,0,0,0,0,No_Failure
2324,L49323,L,298.89,308.94,1695,39.46,120.3,0,0,0,0,0,0,No_Failure
2325,L49324,L,299.07,309.02,1707,59.75,247.4,0,0,0,0,0,0,No_Failure
2326,H49325,H,300.78,311.16,1731,47.42,24.1,0,0,0,0,0,0,No_Failure
2327,L49326,L,302.78,314.52,1961,55.52,157.0,0,0,0,0,0,0,No_Failure
2328,L49327,L,298.44,307.23,1408,36.15,242.5,1,0,0,0,0,1,TWF
2329,M49328,M,300.18,311.32,1567,26.1,32.0,0,0,0,0,0,0,No_Failure
2330,L49329,L,301.92,311.55,1438,35.51,212.5,0,0,0,0,0,0,No_Failure
2331,M49330,M,298.45,309.72,1144,38.75,69.9,0,0,0,0,0,0,No_Failure
2332,L49331,L,299.97,309.64,1484,40.11,50.8,0,0,0,0,0,0,No_Failure
2333,H49332,H,299.92,310.34,1141,37.86,42.1,0,0,0,0,0,0,No_Failure
2334,L49333,L,297.38,307.22,1406,45.91,186.1,0,0,0,0,0,0,No_Failure
2335,L49334,L,300.34,308.61,1236,32.88,9.1,0,0,0,0,0,0,No_Failure
2336,M49335,M,300.06,311.8,1579,30.73,106.4,0,0,0,0,0,0,No_Failure
2337,H49336,H,301.11,310.17,1360,27.95,176.3,0,0,0,0,0,0,No_Failure
2338,L49337,L,297.63,307.71,1179,42.05,35.3,0,0,0,0,0,0,No_Failure
2339,M49338,M,300.02,308.97,1656,41.06,56.7,0,0,0,0,0,0,No_Failure
2340,L49339,L,302.76,311.43,1391,50.91,38.6,0,0,0,0,0,0,No_Failure
2341,L49340,L,304.15,313.95,1422,55.47,6.6,0,0,0,0,0,0,No_Failure
2342,L49341,L,302.56,311.97,1324,27.93,115.5,0,0,0,0,0,0,No_Failure
2343,M49342,M,297.65,306.48,1707,40.24,125.7,0,0,0,0,0,0,No_Failure
2344,L49343,L,300.9,310.87,1549,37.95,239.3,0,0,0,0,0,0,No_Failure
2345,M49344,M,299.03,307.55,1390,24.63,184.2,0,0,0,0,0,0,No_Failure
2346,L49345,L,300.57,310.69,1155,34.72,245.4,0,0,0,0,0,0,No_Failure
2347,H49346,H,298.46,308.33,1952,55.67,191.5,0,0,0,0,0,0,No_Failure
2348,H49347,H,296.57,304.09,1856,33.67,247.6,0,0,0,0,0,0,No_Failure
2349,L49348,L,299.31,308.79,1760,32.01,62.8,0,0,0,0,0,0,No_Failure
2350,L49349,L,301.45,311.91,1373,39.48,42.4,0,0,0,0,0,0,No_Failure
2351,L49350,L,300.58,309.51,1410,49.12,99.0,0,0,0,0,0,0,No_Failure
2352,H49351,H,300.81,311.32,1572,36.95,124.4,0,0,0,0,0,0,No_Failure
2353,L49352,L,300.43,310.87,1339,41.28,208.6,0,0,0,0,0,0,No_Failure
2354,M49353,M,300.81,309.79,1322,17.15,137.0,0,0,0,0,0,0,No_Failure
2355,L49354,L,301.06,311.05,1763,45.72,241.0,0,0,0,0,0,0,No_Failure
2356,M49355,M,299.45,310.28,1490,42.21,73.0,0,0,0,0,0,0,No_Failure
2357,L49356,L,300.17,309.29,1298,48.85,146.5,0,0,0,0,0,0,No_Failure
2358,M49357,M,303.49,313.28,1671,21.32,164.9,0,0,0,0,0,0,No_Failure
2359,H49358,H,300.28,311.43,1397,36.98,39.4,0,0,0,0,0,0,No_Failure
2360,L49359,L,300.09,309.23,1144,49.64,198.7,0,0,0,0,0,0,No_Failure
2361,H49360,H,300.21,310.66,1296,34.43,161.8,0,0,0,0,0,0,No_Failure
2362,L49361,L,299.56,308.48,1407,40.51,48.6,0,0,0,0,0,0,No_Failure
2363,L49362,L,299.13,308.97,1540,35.9,104.6,0,0,0,0,0,0,No_Failure
2364,H49363,H,300.42,310.86,1531,36.15,162.1,0,0,0,0,0,0,No_Failure
2365,M49364,M,298.99,306.58,1721,51.67,185.5,0,0,0,0,0,0,No_Failure
2366,M49365,M,299.71,309.17,1457,25.77,105.6,0,0,0,0,0,0,No_Failure
2367,L49366,L,298.42,308.85,1416,39.5,182.8,0,0,0,0,0,0,No_Failure
2368,L49367,L,300.22,310.44,1724,42.52,66.0,0,0,0,0,0,0,No_Failure
2369,L49368,L,301.17,310.65,1676,49.38,77.2,0,0,0,0,0,0,No_Failure
2370,M49369,M,299.58,308.47,1462,38.78,3.0,0,0,0,0,0,0,No_Failure
2371,L49370,L,295.98,306.61,1553,49.69,123.4,0,0,0,0,0,0,No_Failure
2372,L49371,L,301.18,310.86,1414,39.45,47.6,0,0,0,0,0,0,No_Failure
2373,L49372,L,300.24,310.79,1291,41.2,152.3,0,0,0,0,0,0,No_Failure
2374,L49373,L,298.01,308.39,1896,40.81,244.3,0,0,0,0,0,0,No_Failure
2375,L49374,L,301.55,311.1,1402,46.55,252.9,0,0,0,0,0,0,No_Failure
2376,L49375,L,297.2,308.28,1553,45.42,94.7,0,0,0,0,0,0,No_Failure
2377,H49376,H,302.09,311.5,1227,28.87,185.6,0,0,0,0,0,0,No_Failure
2378,M49377,M,299.89,311.08,1633,42.17,243.1,0,0,0,0,0,0,No_Failure
2379,L49378,L,295.46,306.78,1283,45.41,132.4,0,0,0,0,0,0,No_Failure
2380,M49379,M,300.36,311.41,1802,54.62,84.5,0,0,0,0,0,0,No_Failure
2381,H49380,H,299.19,309.01,1824,29.91,39.4,0,0,0,0,0,0,No_Failure
2382,L49381,L,298.89,311.43,1602,45.38,44.5,0,0,0,0,0,0,No_Failure
2383,L49382,L,298.52,308.68,1521,36.52,216.1,0,0,0,0,0,0,No_Failure
2384,L49383,L,299.75,309.99,1466,41.92,65.5,0,0,0,0,0,0,No_Failure
2385,L49384,L,299.03,309.01,1491,29.27,68.5,0,0,0,0,0,0,No_Failure
2386,M49385,M,296.29,305.16,1574,39.87,188.9,0,0,0,0,0,0,No_Failure
2387,H49386,H,302.54,313.84,1516,43.19,211.7,0,0,0,0,0,0,No_Failure
2388,L49387,L,299.51,308.94,1677,30.3,52.7,0,0,0,0,0,0,No_Failure
2389,M49388,M,298.54,309.46,1335,54.49,174.2,0,0,0,0,0,0,No_Failure
2390,L49389,L,297.74,308.9,1775,24.56,113.0,0,0,0,0,0,0,No_Failure
2391,M49390,M,301.54,312.14,1424,45.38,70.0,0,0,0,0,0,0,No_Failure
2392,M49391,M,297.4,306.71,1366,15.72,131.6,0,0,0,0,0,0,No_Failure
2393,L49392,L,300.27,309.93,1565,37.45,196.7,0,0,0,0,0,0,No_Failure
2394,L49393,L,298.83,306.16,1577,44.8,25.2,0,0,0,0,0,0,No_Failure
2395,M49394,M,298.95,308.83,1187,47.13,18.0,0,0,0,0,0,0,No_Failure
2396,H49395,H,297.79,308.6,1413,38.95,230.7,0,0,0,0,0,0,No_Failure
2397,L49396,L,298.76,308.52,1109,37.58,243.7,0,0,0,0,0,0,No_Failure
2398,L49397,L,300.02,309.43,1378,45.67,133.7,0,0,0,0,0,0,No_Failure
2399,L49398,L,300.47,310.17,1386,49.51,36.3,0,0,0,0,0,0,No_Failure
2400,M49399,M,298.43,309.64,1554,53.8,19.9,0,0,0,0,0,0,No_Failure
2401,M49400,M,299.82,309.76,1358,27.09,39.5,0,0,0,0,0,0,No_Failure
2402,M49401,M,301.78,313.63,1401,37.99,71.5,0,0,0,0,0,0,No_Failure
2403,M49402,M,296.67,306.1,1735,18.06,173.0,0,1,0,0,0,1,HDF
2404,H49403,H,299.99,310.2,1872,26.32,27.9,0,0,0,0,0,0,No_Failure
2405,H49404,H,298.1,307.67,1334,32.96,34.6,0,0,0,0,0,0,No_Failure
2406,L49405,L,297.89,309.97,1683,48.65,180.4,0,0,0,0,0,0,No_Failure
2407,M49406,M,300.52,310.7,1570,35.19,65.1,0,0,0,0,0,0,No_Failure
2408,L49407,L,298.91,311.04,1187,37.11,54.7,0,0,0,0,0,0,No_Failure
2409,L49408,L,297.57,307.15,1358,43.0,147.4,0,0,0,0,0,0,No_Failure
2410,H49409,H,302.65,314.18,955,33.29,19.9,0,0,0,0,0,0,No_Failure
2411,M49410,M,301.84,311.96,1558,20.05,159.2,0,0,1,0,0,1,PWF
2412,H49411,H,296.14,306.97,1306,32.54,4.9,0,1,0,0,0,1,HDF
2413,L49412,L,297.05,305.83,1524,38.79,59.0,0,0,0,0,0,0,No_Failure
2414,M49413,M,301.19,311.54,1963,44.68,114.0,0,0,0,0,0,0,No_Failure
2415,L49414,L,299.43,308.36,1787,37.94,159.6,0,0,0,0,0,0,No_Failure
2416,L49415,L,303.0,313.26,1362,44.52,51.6,0,0,0,0,0,0,No_Failure
2417,L49416,L,301.23,309.71,1318,49.25,222.4,0,0,0,0,0,0,No_Failure
2418,M49417,M,300.6,310.5,1733,51.21,232.5,1,0,0,0,0,1,TWF
2419,L49418,L,297.96,309.05,1319,41.72,121.6,0,0,0,0,0,0,No_Failure
2420,H49419,H,300.98,311.53,1678,28.63,68.9,0,0,0,0,0,0,No_Failure
2421,L49420,L,297.45,306.21,1992,27.55,28.0,0,0,0,0,0,0,No_Failure
2422,L49421,L,302.61,310.71,1622,28.48,237.5,0,0,0,0,0,0,No_Failure
2423,M49422,M,300.84,311.34,1713,29.25,33.8,0,0,0,0,0,0,No_Failure
2424,L49423,L,298.35,309.93,1692,40.99,75.6,0,0,0,0,0,0,No_Failure
2425,H49424,H,301.61,310.65,1400,58.87,83.2,0,0,0,0,0,0,No_Failure
2426,M49425,M,304.48,316.58,1552,42.12,67.9,0,0,0,0,0,0,No_Failure
2427,L49426,L,299.56,309.56,1328,39.16,0.5,0,0,0,0,0,0,No_Failure
2428,M49427,M,301.1,309.14,1732,49.62,52.4,0,0,0,0,0,0,No_Failure
2429,M49428,M,299.14,307.58,1305,31.71,189.4,0,0,0,0,0,0,No_Failure
2430,M49429,M,300.17,310.94,1626,50.42,52.0,0,0,0,0,0,0,No_Failure
2431,H49430,H,296.99,307.12,1704,49.68,193.3,0,0,0,0,0,0,No_Failure
2432,M49431,M,300.0,311.48,1412,40.59,105.2,0,0,0,0,0,0,No_Failure
2433,M49432,M,300.09,308.89,1370,60.94,20.5,0,0,0,0,0,0,No_Failure
2434,L49433,L,303.6,313.72,1469,51.15,209.2,0,0,0,0,0,0,No_Failure
2435,M49434,M,296.41,306.42,1339,40.45,160.7,0,0,0,0,0,0,No_Failure
2436,H49435,H,299.44,309.3,1528,38.56,154.9,0,0,0,0,0,0,No_Failure
2437,M49436,M,302.58,312.19,1335,35.68,38.0,0,0,0,0,0,0,No_Failure
2438,M49437,M,299.52,309.15,1348,38.69,157.7,0,0,0,0,0,0,No_Failure
2439,L49438,L,299.66,309.83,1598,38.98,201.5,0,0,0,0,0,0,No_Failure
2440,M49439,M,298.33,308.64,1611,36.81,252.1,0,0,0,0,0,0,No_Failure
2441,H49440,H,298.13,308.39,1447,37.86,169.7,0,0,0,0,0,0,No_Failure
2442,L49441,L,296.35,307.55,1204,28.08,109.3,0,0,0,0,0,0,No_Failure
2443,L49442,L,298.74,307.54,1711,34.32,207.2,0,0,0,0,0,0,No_Failure
2444,M49443,M,298.02,306.21,1419,24.03,12.7,0,0,0,0,0,0,No_Failure
2445,L49444,L,300.24,311.25,1871,44.14,106.1,0,0,0,0,0,0,No_Failure
2446,M49445,M,298.42,307.48,1476,40.8,185.2,0,0,0,0,0,0,No_Failure
2447,L49446,L,299.04,308.66,1524,38.77,90.9,0,0,0,0,0,0,No_Failure
2448,L49447,L,299.1,308.48,1422,48.86,14.9,0,0,0,0,0,0,No_Failure
2449,M49448,M,299.9,309.27,1544,31.36,28.1,0,0,0,0,0,0,No_Failure
2450,M49449,M,298.94,307.48,2126,32.89,42.3,0,0,0,0,0,0,No_Failure
2451,M49450,M,297.88,307.31,1437,25.19,210.3,0,0,0,0,0,0,No_Failure
2452,M49451,M,300.17,310.82,1730,50.23,182.4,0,0,0,0,0,0,No_Failure
2453,M49452,M,302.13,312.13,1516,46.06,193.3,0,0,0,0,0,0,No_Failure
2454,M49453,M,300.26,310.76,1711,53.3,230.1,1,0,1,0,0,1,TWF
2455,M49454,M,298.78,308.28,1152,55.83,76.6,0,0,0,0,0,0,No_Failure
2456,M49455,M,299.75,310.66,1850,35.76,188.0,0,0,0,0,0,0,No_Failure
2457,M49456,M,295.9,305.39,1561,32.89,92.2,0,0,0,0,0,0,No_Failure
2458,L49457,L,299.72,307.61,1452,22.05,198.8,0,0,1,0,0,1,PWF
2459,L49458,L,299.2,309.52,1663,29.02,176.1,0,0,0,0,0,0,No_Failure
2460,M49459,M,298.13,308.9,1526,36.75,250.4,1,0,0,0,0,1,TWF
2461,H49460,H,298.5,307.94,1293,19.39,191.5,0,0,0,0,0,0,No_Failure
2462,M49461,M,299.18,310.38,1064,29.23,1.5,0,0,0,0,0,0,No_Failure
2463,L49462,L,301.98,311.13,1829,39.17,177.1,0,0,0,0,0,0,No_Failure
2464,M49463,M,302.18,312.85,1460,48.93,25.7,0,0,0,0,0,0,No_Failure
2465,L49464,L,298.14,309.89,1390,32.83,138.2,0,0,0,0,0,0,No_Failure
2466,M49465,M,298.96,309.0,1404,41.28,39.8,0,0,0,0,0,0,No_Failure
2467,H49466,H,299.01,308.79,1764,58.64,125.2,0,0,0,0,0,0,No_Failure
2468,M49467,M,301.62,311.51,1412,21.94,200.5,0,0,0,0,0,0,No_Failure
2469,M49468,M,300.29,311.92,1616,50.86,73.1,0,0,0,0,0,0,No_Failure
2470,L49469,L,300.19,310.59,1440,43.81,38.6,0,0,0,0,0,0,No_Failure
2471,L49470,L,301.07,313.22,1274,52.67,79.6,0,0,0,0,0,0,No_Failure
2472,H49471,H,298.81,309.09,1662,49.67,43.9,0,0,0,0,0,0,No_Failure
2473,M49472,M,302.73,312.07,1699,33.37,46.4,0,0,0,0,0,0,No_Failure
2474,M49473,M,300.0,309.41,1378,40.02,176.4,0,0,0,0,0,0,No_Failure
2475,L49474,L,298.29,308.35,1493,25.39,178.2,0,0,0,0,0,0,No_Failure
2476,L49475,L,299.54,307.5,1517,34.77,133.9,0,0,0,0,0,0,No_Failure
2477,L49476,L,302.46,311.99,1580,40.29,63.8,0,0,0,0,0,0,No_Failure
2478,L49477,L,299.15,308.7,1855,43.04,134.0,0,0,0,0,0,0,No_Failure
2479,L49478,L,301.9,312.14,1442,47.89,240.0,1,0,0,0,0,1,TWF
2480,H49479,H,298.75,310.69,1441,55.83,97.1,0,0,0,0,0,0,No_Failure
2481,M49480,M,298.47,308.52,1468,35.64,107.2,0,0,0,0,0,0,No_Failure
2482,L49481,L,301.32,309.4,1330,51.45,125.0,0,1,0,0,0,1,HDF
2483,L49482,L,298.25,307.34,1190,42.67,45.1,0,0,0,0,0,0,No_Failure
2484,L49483,L,301.65,311.91,1524,26.93,61.9,0,0,0,0,0,0,No_Failure
2485,H49484,H,300.7,310.8,1595,38.5,174.8,0,0,0,0,0,0,No_Failure
2486,L49485,L,298.25,309.88,1500,41.16,40.9,0,0,0,0,0,0,No_Failure
2487,M49486,M,299.86,310.82,1489,31.63,152.9,0,0,0,0,0,0,No_Failure
2488,H49487,H,298.9,309.83,1338,29.59,97.6,0,0,0,0,0,0,No_Failure
2489,L49488,L,300.7,310.48,1545,29.26,77.5,0,0,0,0,0,0,No_Failure
2490,M49489,M,303.78,314.87,1531,34.56,139.1,0,0,0,0,0,0,No_Failure
2491,H49490,H,299.26,308.36,1585,31.35,57.1,0,0,0,0,0,0,No_Failure
2492,L49491,L,301.07,312.04,1558,52.3,78.3,0,0,0,0,0,0,No_Failure
2493,L49492,L,300.05,309.77,1571,15.49,132.7,0,0,1,0,0,1,PWF
2494,H49493,H,300.05,308.6,1737,41.11,166.3,0,0,0,0,0,0,No_Failure
2495,H49494,H,299.67,310.26,1603,45.28,211.6,1,0,0,0,0,1,TWF
2496,M49495,M,298.29,309.68,1587,30.37,208.6,0,0,0,0,0,0,No_Failure
2497,M49496,M,300.67,310.26,1186,37.68,125.9,0,0,0,0,0,0,No_Failure
2498,L49497,L,299.42,310.99,1690,36.58,18.8,0,0,0,0,0,0,No_Failure
2499,H49498,H,298.19,306.53,1446,39.23,47.6,0,0,0,0,0,0,No_Failure
2500,L49499,L,302.03,310.83,1514,46.63,0.1,0,0,0,0,0,0,No_Failure
2501,L49500,L,300.2,310.05,1271,45.73,47.0,0,0,0,0,0,0,No_Failure
2502,M49501,M,299.54,309.17,1876,34.0,7.8,0,0,0,0,0,0,No_Failure
2503,H49502,H,302.68,312.01,1055,24.96,180.8,0,0,0,0,0,0,No_Failure
2504,H49503,H,296.33,306.46,1768,41.65,138.2,0,0,0,0,0,0,No_Failure
2505,L49504,L,302.55,312.02,1577,33.43,9.0,0,0,0,0,0,0,No_Failure
2506,L49505,L,298.24,307.88,1157,34.72,156.3,0,0,0,0,0,0,No_Failure
2507,H49506,H,300.42,310.7,1867,42.23,206.0,0,0,0,0,0,0,No_Failure
2508,H49507,H,298.82,308.16,1592,35.65,7.2,0,0,0,0,0,0,No_Failure
2509,M49508,M,298.15,308.05,1076,43.07,32.1,0,0,0,0,0,0,No_Failure
2510,M49509,M,302.63,311.98,1424,65.13,119.2,0,0,0,0,0,0,No_Failure
2511,L49510,L,303.71,312.51,1596,46.86,10.7,0,0,0,0,0,0,No_Failure
2512,L49511,L,299.56,310.32,1808,53.45,5.4,0,0,0,0,0,0,No_Failure
2513,L49512,L,300.67,312.38,1426,45.11,147.4,0,0,0,0,0,0,No_Failure
2514,L49513,L,300.11,311.18,1024,40.77,142.3,0,0,0,0,0,0,No_Failure
2515,L49514,L,303.46,313.79,1763,45.26,204.1,0,0,0,0,0,0,No_Failure
2516,H49515,H,295.77,305.13,1590,44.77,19.7,0,0,0,0,0,0,No_Failure
2517,L49516,L,300.75,310.47,1098,48.63,227.0,0,0,0,0,0,0,No_Failure
2518,L49517,L,298.55,309.6,1562,40.59,4.7,0,0,0,0,0,0,No_Failure
2519,M49518,M,295.29,303.01,1581,26.92,76.2,0,0,1,0,0,1,PWF
2520,L49519,L,299.28,308.92,1442,25.32,12.3,0,0,0,0,0,0,No_Failure
2521,L49520,L,303.7,314.43,1351,44.61,61.8,0,0,0,0,0,0,No_Failure
2522,M49521,M,298.69,307.55,1390,28.74,206.2,0,0,0,0,0,0,No_Failure
2523,L49522,L,301.58,312.0,1441,46.86,31.7,0,0,0,0,0,0,No_Failure
2524,M49523,M,302.4,312.77,1564,53.39,51.1,0,0,0,0,0,0,No_Failure
2525,H49524,H,299.97,308.52,1642,37.79,154.7,0,0,0,0,0,0,No_Failure
2526,L49525,L,300.24,310.33,1113,52.11,5.5,0,0,0,0,0,0,No_Failure
2527,H49526,H,296.57,305.95,1546,42.59,152.4,0,0,0,0,0,0,No_Failure
2528,H49527,H,298.57,308.98,1588,40.26,226.3,0,0,0,0,0,0,No_Failure
2529,H49528,H,301.81,312.48,1530,40.73,17.6,0,0,0,0,0,0,No_Failure
2530,M49529,M,300.12,310.52,1427,31.69,1.5,0,0,0,0,0,0,No_Failure
2531,M49530,M,300.73,310.81,1756,30.41,102.7,0,0,0,0,0,0,No_Failure
2532,M49531,M,300.27,310.56,1742,23.56,214.8,0,0,0,0,0,0,No_Failure
2533,M49532,M,304.38,313.21,1434,32.67,236.6,0,0,0,0,0,0,No_Failure
2534,L49533,L,299.14,309.11,1485,61.39,202.7,0,0,0,0,0,0,No_Failure
2535,H49534,H,303.21,312.41,1639,25.07,164.3,0,0,0,0,0,0,No_Failure
2536,M49535,M,300.27,311.3,1731,28.23,107.9,0,0,0,0,0,0,No_Failure
2537,M49536,M,303.39,314.07,1353,31.94,199.6,0,0,0,0,0,0,No_Failure
2538,L49537,L,297.55,308.23,1312,32.41,191.4,0,0,0,0,0,0,No_Failure
2539,L49538,L,300.37,312.08,1549,42.69,46.5,0,0,0,0,0,0,No_Failure
2540,M49539,M,299.21,308.88,1298,33.88,181.1,0,0,0,0,0,0,No_Failure
2541,M49540,M,300.28,309.73,1150,38.01,200.5,0,0,0,0,0,0,No_Failure
2542,L49541,L,302.44,312.09,1352,31.5,227.9,0,0,0,0,0,0,No_Failure
2543,L49542,L,300.76,309.16,1575,35.25,184.6,0,0,0,0,0,0,No_Failure
2544,L49543,L,302.44,310.92,1780,39.4,185.3,0,0,0,0,0,0,No_Failure
2545,M49544,M,298.66,309.28,1372,38.65,228.1,1,0,0,0,0,1,TWF
2546,L49545,L,298.35,306.96,1478,59.81,49.2,0,0,1,0,0,1,PWF
2547,H49546,H,300.03,308.96,1528,39.72,139.2,0,0,0,0,0,0,No_Failure
2548,L49547,L,299.92,309.82,1383,37.9,226.1,0,0,0,0,0,0,No_Failure
2549,L49548,L,299.63,309.22,1369,15.03,159.8,0,0,1,0,0,1,PWF
2550,L49549,L,298.08,308.97,1560,42.4,235.6,0,0,0,0,0,0,No_Failure
2551,M49550,M,302.4,312.46,1284,20.25,12.8,0,0,0,0,0,0,No_Failure
2552,L49551,L,299.27,308.48,1362,45.52,54.1,0,0,0,0,0,0,No_Failure
2553,M49552,M,302.85,313.82,1464,41.42,56.0,0,0,0,0,0,0,No_Failure
2554,H49553,H,300.03,310.75,1558,47.98,19.9,0,0,0,0,0,0,No_Failure
2555,L49554,L,301.3,309.89,1227,33.66,157.5,0,0,0,0,0,0,No_Failure
2556,M49555,M,301.12,311.37,1476,40.27,101.6,0,0,0,0,0,0,No_Failure
2557,L49556,L,298.35,307.64,1268,46.76,61.3,0,0,0,0,1,1,RNF
2558,L49557,L,300.73,309.99,1377,30.7,184.1,0,0,0,0,0,0,No_Failure
2559,L49558,L,303.86,315.73,1642,46.1,171.1,0,0,0,0,0,0,No_Failure
2560,L49559,L,300.5,310.63,1487,45.64,9.9,0,0,0,0,0,0,No_Failure
2561,M49560,M,301.8,311.59,1800,38.65,111.2,0,0,0,0,0,0,No_Failure
2562,M49561,M,301.39,311.47,1487,55.79,182.2,0,0,0,0,0,0,No_Failure
2563,M49562,M,300.61,311.49,1674,45.16,26.2,0,0,0,0,0,0,No_Failure
2564,M49563,M,300.37,309.67,1643,23.26,201.1,0,0,0,0,0,0,No_Failure
2565,M49564,M,301.09,310.56,1498,49.89,155.9,0,0,0,0,0,0,No_Failure
2566,L49565,L,301.53,312.18,1263,33.42,181.7,0,0,0,0,0,0,No_Failure
2567,L49566,L,297.3,305.78,1481,47.98,63.4,0,0,0,0,0,0,No_Failure
2568,L49567,L,300.49,311.49,1404,42.96,189.2,0,0,0,0,0,0,No_Failure
2569,M49568,M,299.63,308.03,1397,13.58,43.9,0,0,1,0,0,1,PWF
2570,H49569,H,299.22,308.97,1528,46.05,217.7,0,0,0,0,0,0,No_Failure
2571,L49570,L,302.59,310.99,1239,37.78,52.1,0,1,0,0,0,1,HDF
2572,M49571,M,298.53,307.48,1343,35.41,67.9,0,0,0,0,0,0,No_Failure
2573,M49572,M,297.21,308.51,1318,35.78,169.7,0,0,0,0,0,0,No_Failure
2574,H49573,H,301.59,312.64,1454,47.89,84.4,0,0,0,0,0,0,No_Failure
2575,M49574,M,297.16,308.31,1362,30.79,78.2,0,0,0,0,0,0,No_Failure
2576,M49575,M,296.14,304.7,1374,51.13,15.8,0,1,0,0,0,1,HDF
2577,M49576,M,301.82,310.77,1524,24.8,207.5,0,0,0,0,0,0,No_Failure
2578,H49577,H,300.32,310.66,1420,42.96,116.2,0,0,0,0,0,0,No_Failure
2579,L49578,L,300.95,311.66,1501,47.72,99.4,0,0,0,0,0,0,No_Failure
2580,H49579,H,299.12,308.32,1299,47.48,62.1,0,0,0,0,0,0,No_Failure
2581,L49580,L,297.23,306.65,1351,41.84,140.5,0,0,0,0,0,0,No_Failure
2582,H49581,H,297.63,306.5,1867,37.93,141.6,0,0,0,0,0,0,No_Failure
2583,L49582,L,299.46,311.11,1374,34.5,0.6,0,0,0,0,0,0,No_Failure
2584,L49583,L,297.46,306.98,1121,27.78,21.7,0,0,1,0,0,1,PWF
2585,L49584,L,300.61,310.65,1562,33.14,155.1,0,0,0,0,0,0,No_Failure
2586,L49585,L,299.08,309.16,1373,30.39,71.8,0,0,0,0,0,0,No_Failure
2587,L49586,L,300.37,311.48,1544,28.75,248.9,1,0,0,0,0,1,TWF
2588,L49587,L,300.31,309.36,1484,58.04,62.9,0,0,0,0,0,0,No_Failure
2589,L49588,L,300.77,311.94,1599,22.81,38.5,0,0,0,0,0,0,No_Failure
2590,L49589,L,301.0,309.72,1482,51.26,11.3,0,0,0,0,0,0,No_Failure
2591,M49590,M,299.31,310.48,1459,27.63,173.7,0,0,0,0,0,0,No_Failure
2592,H49591,H,300.37,308.65,1707,29.78,73.5,0,0,0,0,0,0,No_Failure
2593,M49592,M,300.47,310.37,1101,29.62,69.3,0,0,0,0,0,0,No_Failure
2594,L49593,L,295.14,306.77,1261,28.9,27.9,0,0,0,0,0,0,No_Failure
2595,L49594,L,301.29,311.99,1351,49.23,13.3,0,0,0,0,0,0,No_Failure
2596,H49595,H,300.3,310.72,1195,45.88,58.3,0,0,0,0,0,0,No_Failure
2597,L49596,L,301.13,310.08,1414,37.67,100.3,0,0,0,0,0,0,No_Failure
2598,L49597,L,297.43,306.69,1396,67.07,167.5,0,0,0,0,0,0,No_Failure
2599,H49598,H,299.37,310.71,1675,39.83,25.6,0,0,0,0,0,0,No_Failure
2600,H49599,H,297.82,308.29,1484,40.6,92.6,0,0,0,0,0,0,No_Failure
2601,L49600,L,301.49,312.38,1462,33.14,251.1,0,0,0,0,0,0,No_Failure
2602,M49601,M,297.19,307.26,1432,31.95,172.3,0,0,0,0,0,0,No_Failure
2603,L49602,L,298.14,307.86,1311,34.67,252.8,0,0,0,0,0,0,No_Failure
2604,M49603,M,301.07,311.84,1660,48.52,20.1,0,0,0,0,0,0,No_Failure
2605,L49604,L,298.74,309.0,1718,45.71,102.4,0,0,0,0,0,0,No_Failure
2606,L49605,L,298.14,307.97,1282,52.91,58.2,0,0,0,0,0,0,No_Failure
2607,M49606,M,301.81,310.4,1792,32.83,238.2,0,0,0,0,0,0,No_Failure
2608,L49607,L,301.9,312.85,1379,45.9,229.0,0,0,0,0,0,0,No_Failure
2609,M49608,M,301.44,311.88,1365,43.06,144.0,0,0,0,0,0,0,No_Failure
2610,L49609,L,301.7,311.09,1585,44.34,77.7,0,0,0,0,0,0,No_Failure
2611,H49610,H,299.54,310.72,1601,31.36,137.8,0,0,0,0,0,0,No_Failure
2612,H49611,H,299.59,309.83,1487,29.61,220.4,0,0,0,0,0,0,No_Failure
2613,L49612,L,298.7,308.97,1438,45.39,145.2,0,0,0,0,0,0,No_Failure
2614,M49613,M,300.34,311.22,1711,48.73,193.6,0,0,0,0,0,0,No_Failure
2615,L49614,L,298.94,309.61,1388,33.82,174.0,0,0,0,0,0,0,No_Failure
2616,L49615,L,299.13,309.43,1488,46.09,24.7,0,0,0,0,0,0,No_Failure
2617,L49616,L,301.2,311.01,1805,51.99,191.7,0,0,0,0,0,0,No_Failure
2618,H49617,H,302.37,314.35,1259,36.38,52.8,0,0,0,0,0,0,No_Failure
2619,H49618,H,300.8,310.06,1417,25.61,220.2,0,0,0,0,0,0,No_Failure
2620,H49619,H,303.59,314.33,1685,26.86,78.3,0,0,0,0,0,0,No_Failure
2621,H49620,H,298.59,308.51,1595,33.23,142.8,0,0,0,0,0,0,No_Failure
2622,H49621,H,296.32,306.78,1661,35.54,72.3,0,0,0,0,0,0,No_Failure
2623,L49622,L,301.43,312.66,1262,39.64,2.2,0,0,0,0,0,0,No_Failure
2624,H49623,H,298.46,308.14,1558,39.84,197.4,0,0,0,0,0,0,No_Failure
2625,M49624,M,299.45,310.05,1449,37.28,180.9,0,0,0,0,0,0,No_Failure
2626,L49625,L,296.46,306.73,1909,46.79,233.7,0,0,0,0,0,0,No_Failure
2627,M49626,M,298.2,307.56,1646,32.39,144.8,0,0,0,0,0,0,No_Failure
2628,L49627,L,297.0,308.25,1496,52.65,47.6,0,0,0,0,0,0,No_Failure
2629,L49628,L,299.13,309.84,1551,49.4,43.2,0,0,0,0,0,0,No_Failure
2630,L49629,L,299.21,308.78,1510,48.67,98.5,0,0,0,0,0,0,No_Failure
2631,L49630,L,300.18,311.28,1626,33.4,83.7,0,0,0,0,0,0,No_Failure
2632,L49631,L,302.48,311.65,1346,38.84,103.2,0,0,0,0,0,0,No_Failure
2633,H49632,H,301.35,311.32,1746,47.23,56.9,0,0,0,0,0,0,No_Failure
2634,M49633,M,296.76,306.33,1262,38.0,250.1,0,0,0,0,0,0,No_Failure
2635,M49634,M,301.22,311.97,1537,33.01,21.7,0,0,0,0,0,0,No_Failure
2636,L49635,L,300.22,309.74,1352,32.61,187.0,0,0,0,0,0,0,No_Failure
2637,L49636,L,299.8,310.56,1508,33.09,143.6,0,0,0,0,0,0,No_Failure
2638,L49637,L,299.95,310.55,1678,28.39,140.6,0,1,0,0,0,1,HDF
2639,H49638,H,300.41,310.03,1192,68.7,155.2,0,0,0,0,0,0,No_Failure
2640,L49639,L,298.62,310.45,1469,20.48,228.7,0,0,0,0,0,0,No_Failure
2641,M49640,M,299.64,308.89,1241,30.19,170.8,0,0,0,0,0,0,No_Failure
2642,M49641,M,302.37,310.96,1450,45.96,68.5,0,0,0,0,0,0,No_Failure
2643,M49642,M,298.59,309.45,1240,33.19,68.1,0,0,0,0,0,0,No_Failure
2644,H49643,H,297.94,305.79,1529,36.48,209.5,0,0,0,0,0,0,No_Failure
2645,L49644,L,299.88,311.37,1423,43.95,121.0,0,0,0,0,0,0,No_Failure
2646,H49645,H,297.74,307.84,1634,50.32,178.3,0,0,0,0,0,0,No_Failure
2647,M49646,M,296.55,305.13,1721,37.27,95.1,0,0,0,0,1,1,RNF
2648,M49647,M,299.31,308.36,1502,49.22,186.8,0,0,0,0,0,0,No_Failure
2649,M49648,M,302.9,311.26,1661,23.03,107.3,0,0,0,0,0,0,No_Failure
2650,H49649,H,299.92,310.31,1749,33.94,124.8,0,0,0,0,0,0,No_Failure
2651,H49650,H,300.36,309.03,1334,44.95,234.9,0,0,0,0,0,0,No_Failure
2652,L49651,L,295.74,306.24,1758,59.73,125.2,0,0,0,0,0,0,No_Failure
2653,H49652,H,300.88,310.57,1493,30.35,56.9,0,0,0,0,0,0,No_Failure
2654,M49653,M,300.19,309.71,1324,28.59,134.5,0,0,0,0,0,0,No_Failure
2655,L49654,L,298.67,309.18,1554,43.41,2.2,0,0,0,0,0,0,No_Failure
2656,H49655,H,300.36,310.98,1487,40.53,70.6,0,0,0,0,0,0,No_Failure
2657,L49656,L,300.34,311.49,1247,32.82,152.9,0,0,0,0,0,0,No_Failure
2658,M49657,M,297.88,307.25,1302,27.83,17.9,0,0,0,0,0,0,No_Failure
2659,L49658,L,300.66,310.63,1795,34.86,115.2,0,0,0,0,0,0,No_Failure
2660,L49659,L,302.39,311.76,1550,45.21,151.5,0,0,0,0,0,0,No_Failure
2661,H49660,H,299.54,309.71,1767,36.67,57.3,0,0,0,0,0,0,No_Failure
2662,L49661,L,298.26,307.49,1425,51.71,55.1,0,0,0,0,0,0,No_Failure
2663,L49662,L,299.64,309.22,1356,38.64,169.2,0,0,0,0,0,0,No_Failure
2664,L49663,L,301.71,311.29,1197,46.02,246.5,0,0,0,0,0,0,No_Failure
2665,L49664,L,297.55,307.84,1674,42.78,77.8,0,0,0,0,0,0,No_Failure
2666,H49665,H,301.16,311.16,1574,35.96,52.6,0,0,0,0,0,0,No_Failure
2667,H49666,H,298.64,309.15,1427,48.33,249.0,1,0,0,0,0,1,TWF
2668,L49667,L,300.48,310.38,1357,27.83,211.2,0,0,0,0,0,0,No_Failure
2669,M49668,M,298.87,308.29,1703,34.46,236.8,0,0,0,0,0,0,No_Failure
2670,L49669,L,298.87,309.06,1468,35.86,11.7,0,0,0,0,0,0,No_Failure
2671,M49670,M,303.05,312.13,1470,43.82,236.2,0,0,0,0,0,0,No_Failure
2672,L49671,L,297.18,307.75,1392,46.31,212.1,0,0,0,0,0,0,No_Failure
2673,L49672,L,300.97,310.69,1427,31.85,75.8,0,0,0,0,0,0,No_Failure
2674,L49673,L,303.46,313.67,1599,30.44,157.9,0,0,0,0,0,0,No_Failure
2675,M49674,M,301.37,311.59,1245,40.79,43.6,0,0,0,0,0,0,No_Failure
2676,M49675,M,297.34,308.94,1515,24.62,105.7,0,0,0,0,0,0,No_Failure
2677,L49676,L,297.44,307.82,1672,50.08,152.4,0,0,0,0,0,0,No_Failure
2678,H49677,H,298.5,308.57,1485,37.76,27.9,0,0,0,0,0,0,No_Failure
2679,M49678,M,300.32,309.62,1690,28.3,244.5,1,0,0,0,0,1,TWF
2680,L49679,L,300.45,311.25,1741,28.11,235.1,0,0,0,0,0,0,No_Failure
2681,H49680,H,297.46,307.19,1663,43.13,219.4,0,0,0,0,0,0,No_Failure
2682,H49681,H,298.25,306.73,1403,42.86,32.5,0,0,0,0,0,0,No_Failure
2683,L49682,L,298.38,308.18,1494,32.32,169.3,0,0,0,0,0,0,No_Failure
2684,M49683,M,299.64,309.83,1562,38.86,225.3,1,0,0,0,0,1,TWF
2685,L49684,L,303.97,313.15,1415,28.71,34.8,0,0,0,0,0,0,No_Failure
2686,M49685,M,298.13,308.02,1409,37.42,163.8,0,0,0,0,0,0,No_Failure
2687,L49686,L,298.05,307.97,1399,54.76,51.7,0,0,0,0,0,0,No_Failure
2688,M49687,M,297.73,307.68,1958,61.31,174.5,0,0,0,0,0,0,No_Failure
2689,L49688,L,301.27,312.51,1451,37.88,163.8,0,0,0,0,0,0,No_Failure
2690,M49689,M,299.92,308.61,1692,44.32,220.5,0,0,0,0,0,0,No_Failure
2691,H49690,H,298.21,310.24,1344,43.92,122.9,0,0,0,0,0,0,No_Failure
2692,L49691,L,299.27,309.24,1806,22.79,192.0,0,0,0,0,0,0,No_Failure
2693,H49692,H,298.42,309.0,1432,28.5,48.5,0,0,0,0,0,0,No_Failure
2694,H49693,H,300.59,310.72,1510,16.84,162.6,0,0,0,0,0,0,No_Failure
2695,H49694,H,305.37,313.64,1170,44.49,221.8,1,1,0,0,0,1,TWF
2696,L49695,L,301.1,310.05,1701,59.45,182.9,0,0,0,0,0,0,No_Failure
2697,H49696,H,299.81,309.29,1740,50.66,222.3,0,0,0,0,0,0,No_Failure
2698,L49697,L,298.67,309.66,1286,40.44,159.3,0,0,0,0,0,0,No_Failure
2699,L49698,L,297.31,305.93,1711,39.04,139.5,0,0,0,0,0,0,No_Failure
2700,H49699,H,301.47,310.61,1259,36.48,231.5,0,0,0,0,0,0,No_Failure
2701,M49700,M,301.36,311.52,1614,50.6,81.8,0,0,0,0,0,0,No_Failure
2702,M49701,M,299.07,309.54,1448,42.16,189.3,0,0,0,0,0,0,No_Failure
2703,L49702,L,302.43,312.87,1741,40.62,175.3,0,0,0,0,0,0,No_Failure
2704,H49703,H,300.04,309.06,1545,28.97,206.0,0,0,0,0,0,0,No_Failure
2705,M49704,M,301.55,309.95,1668,46.01,125.9,0,0,0,0,0,0,No_Failure
2706,L49705,L,300.59,311.13,1723,38.5,124.9,0,0,0,0,0,0,No_Failure
2707,H49706,H,299.65,311.08,1448,43.97,8.6,0,0,0,0,0,0,No_Failure
2708,L49707,L,298.09,307.74,1495,49.99,235.6,1,0,0,0,0,1,TWF
2709,L49708,L,299.71,308.56,1300,23.65,98.0,0,0,1,0,0,1,PWF
2710,M49709,M,301.68,311.25,1446,37.04,139.7,0,0,0,0,0,0,No_Failure
2711,H49710,H,298.98,309.38,1847,35.59,50.2,0,0,0,0,0,0,No_Failure
2712,L49711,L,300.88,310.65,1636,34.71,155.9,0,0,0,0,0,0,No_Failure
2713,L49712,L,297.83,309.24,1312,28.83,87.6,0,0,0,0,0,0,No_Failure
2714,L49713,L,301.56,312.49,1794,32.72,148.0,0,0,0,0,0,0,No_Failure
2715,H49714,H,300.63,310.81,1570,29.02,186.0,0,0,0,0,0,0,No_Failure
2716,L49715,L,297.6,305.64,1649,48.25,154.3,0,0,0,0,0,0,No_Failure
2717,M49716,M,299.55,308.86,1588,43.77,7.7,0,0,0,0,0,0,No_Failure
2718,H49717,H,301.86,311.31,1576,43.08,203.9,0,0,0,0,0,0,No_Failure
2719,L49718,L,297.48,306.74,1140,20.73,141.9,0,0,0,0,0,0,No_Failure
2720,M49719,M,297.86,308.05,1699,59.49,60.3,0,0,0,0,0,0,No_Failure
2721,M49720,M,299.86,310.07,1094,35.91,81.9,0,0,0,0,0,0,No_Failure
2722,H49721,H,304.27,312.59,1683,57.45,205.2,0,0,1,0,0,1,PWF
2723,L49722,L,298.65,309.46,1518,47.49,236.9,0,0,0,0,0,0,No_Failure
2724,L49723,L,300.99,311.01,1650,37.68,205.8,0,0,0,0,0,0,No_Failure
2725,L49724,L,300.52,310.88,1529,60.43,224.2,0,0,1,0,0,1,PWF
2726,M49725,M,298.82,309.57,1688,45.67,123.9,0,0,0,0,0,0,No_Failure
2727,M49726,M,300.32,309.56,1503,37.72,105.4,0,0,0,0,0,0,No_Failure
2728,L49727,L,299.1,310.36,1551,36.09,207.2,0,0,0,0,0,0,No_Failure
2729,L49728,L,299.28,309.14,1573,50.32,99.8,0,0,0,0,0,0,No_Failure
2730,H49729,H,296.68,308.19,1838,34.63,178.6,0,0,0,0,0,0,No_Failure
2731,L49730,L,299.95,309.06,1608,36.21,155.1,0,0,0,0,0,0,No_Failure
2732,L49731,L,301.8,313.24,1263,34.03,38.7,0,0,0,0,0,0,No_Failure
2733,M49732,M,300.11,309.21,1398,32.44,78.1,0,0,0,0,0,0,No_Failure
2734,L49733,L,302.18,314.73,1608,33.06,53.8,0,0,0,0,0,0,No_Failure
2735,L49734,L,301.16,310.21,1727,57.72,31.7,0,0,1,0,0,1,PWF
2736,L49735,L,299.88,310.94,1370,50.08,106.3,0,0,0,0,0,0,No_Failure
2737,L49736,L,298.74,308.38,1903,42.35,50.2,0,0,0,0,0,0,No_Failure
2738,M49737,M,299.03,309.74,1532,34.53,18.1,0,0,0,0,0,0,No_Failure
2739,M49738,M,297.06,307.02,1576,34.49,52.4,0,0,0,0,0,0,No_Failure
2740,M49739,M,299.47,308.37,1274,36.33,156.6,0,0,0,0,0,0,No_Failure
2741,L49740,L,300.29,307.5,1701,57.89,204.5,0,0,0,1,0,1,OSF
2742,H49741,H,303.43,315.94,1420,42.91,117.1,0,0,0,0,0,0,No_Failure
2743,L49742,L,301.06,311.13,1366,47.48,154.2,0,0,0,0,0,0,No_Failure
2744,M49743,M,298.27,305.33,1443,42.0,164.6,0,0,0,0,0,0,No_Failure
2745,L49744,L,297.12,307.42,1749,31.14,164.8,0,0,0,0,0,0,No_Failure
2746,M49745,M,299.59,310.28,1584,41.03,249.7,1,0,0,0,0,1,TWF
2747,L49746,L,301.62,310.91,1340,29.24,154.1,0,0,0,0,0,0,No_Failure
2748,L49747,L,299.56,308.85,1405,51.95,138.2,0,0,0,0,0,0,No_Failure
2749,L49748,L,301.08,311.06,1754,32.51,219.3,0,0,0,0,0,0,No_Failure
2750,L49749,L,299.64,310.84,1457,34.28,157.1,0,0,0,0,0,0,No_Failure
2751,L49750,L,301.43,311.53,1601,48.13,115.9,0,0,0,0,0,0,No_Failure
2752,M49751,M,296.81,308.27,1645,33.02,187.8,0,0,0,0,0,0,No_Failure
2753,H49752,H,303.21,314.34,900,37.81,56.7,0,0,0,0,0,0,No_Failure
2754,L49753,L,297.78,307.55,1728,13.62,170.2,0,0,0,0,0,0,No_Failure
2755,H49754,H,301.59,310.02,1347,36.77,194.1,0,0,0,0,0,0,No_Failure
2756,M49755,M,299.46,309.23,1435,45.94,161.6,0,0,0,0,0,0,No_Failure
2757,H49756,H,299.77,310.29,1777,33.74,47.5,0,0,0,0,0,0,No_Failure
2758,M49757,M,299.52,309.58,1760,45.59,130.3,0,0,0,0,0,0,No_Failure
2759,M49758,M,300.51,311.15,1589,39.84,204.9,0,0,0,0,0,0,No_Failure
2760,M49759,M,300.92,311.78,1631,50.88,101.9,0,0,0,0,0,0,No_Failure
2761,M49760,M,302.12,312.65,1676,32.65,234.7,1,0,0,0,0,1,TWF
2762,H49761,H,302.82,312.54,1757,37.58,12.2,0,0,0,0,0,0,No_Failure
2763,L49762,L,300.66,311.18,1780,25.3,168.3,0,0,0,0,0,0,No_Failure
2764,L49763,L,303.43,315.66,1519,39.08,58.9,0,0,0,0,0,0,No_Failure
2765,L49764,L,300.19,308.7,1367,35.78,164.1,0,1,0,0,0,1,HDF
2766,H49765,H,302.15,312.64,1454,49.6,240.2,1,0,0,0,0,1,TWF
2767,L49766,L,300.86,312.69,1523,33.75,145.5,0,0,0,0,0,0,No_Failure
2768,M49767,M,298.9,307.73,1490,35.76,110.5,0,0,0,0,0,0,No_Failure
2769,H49768,H,300.36,311.36,1318,33.25,217.2,0,0,0,0,0,0,No_Failure
2770,H49769,H,301.01,312.14,1579,40.27,117.3,0,0,0,0,0,0,No_Failure
2771,L49770,L,299.94,308.46,1218,59.89,142.8,0,1,0,0,0,1,HDF
2772,M49771,M,300.83,311.54,1515,5.02,77.7,0,0,0,0,0,0,No_Failure
2773,H49772,H,301.73,311.46,1527,39.52,139.0,0,0,0,0,0,0,No_Failure
2774,L49773,L,299.95,309.89,1521,51.74,181.1,0,0,0,0,0,0,No_Failure
2775,M49774,M,294.11,303.79,1653,34.85,128.9,0,0,0,0,0,0,No_Failure
2776,L49775,L,303.36,314.67,1629,45.27,53.3,0,1,0,0,0,1,HDF
2777,M49776,M,299.4,309.29,1900,51.77,5.0,0,0,0,0,0,0,No_Failure
2778,M49777,M,298.35,307.89,1407,37.24,55.2,0,0,0,0,0,0,No_Failure
2779,L49778,L,297.75,307.31,1550,33.47,215.1,1,0,0,0,0,1,TWF
2780,L49779,L,299.33,308.99,1539,49.35,242.7,0,0,0,0,0,0,No_Failure
2781,L49780,L,298.87,307.79,1530,44.95,142.3,0,0,0,0,0,0,No_Failure
2782,L49781,L,298.53,308.05,1272,39.38,209.8,0,0,0,0,0,0,No_Failure
2783,M49782,M,298.64,308.75,1287,46.11,11.9,0,0,0,0,0,0,No_Failure
2784,L49783,L,301.06,311.46,1501,49.6,216.0,0,0,0,0,0,0,No_Failure
2785,L49784,L,304.06,315.26,1216,39.47,72.7,0,0,0,0,0,0,No_Failure
2786,M49785,M,301.64,311.88,1440,43.05,44.4,0,0,0,0,0,0,No_Failure
2787,M49786,M,302.25,311.77,1383,45.22,70.1,0,0,0,0,0,0,No_Failure
2788,M49787,M,299.25,308.23,1446,35.38,126.0,0,0,0,0,0,0,No_Failure
2789,H49788,H,300.21,310.5,1704,51.88,148.7,0,0,1,0,0,1,PWF
2790,L49789,L,300.85,310.74,1306,29.69,1.8,0,0,0,0,0,0,No_Failure
2791,H49790,H,298.68,308.6,1657,38.69,86.8,0,0,0,0,0,0,No_Failure
2792,L49791,L,299.15,309.41,1397,47.68,178.2,0,0,0,0,0,0,No_Failure
2793,M49792,M,301.71,312.23,1420,29.44,189.8,0,0,0,0,0,0,No_Failure
2794,H49793,H,302.18,312.45,1584,48.71,59.3,0,0,0,0,0,0,No_Failure
2795,H49794,H,300.13,309.96,1451,41.9,62.4,0,0,0,0,0,0,No_Failure
2796,M49795,M,297.61,306.81,1339,53.25,172.0,0,0,0,0,0,0,No_Failure
2797,M49796,M,299.41,308.8,1433,46.13,154.2,0,0,0,0,0,0,No_Failure
2798,L49797,L,297.12,307.97,1180,38.37,125.8,0,0,0,0,0,0,No_Failure
2799,M49798,M,300.15,309.73,1569,42.32,138.3,0,0,0,0,0,0,No_Failure
2800,M49799,M,300.51,309.16,942,42.68,126.4,0,0,0,0,0,0,No_Failure
2801,H49800,H,299.46,310.62,1660,60.23,103.0,0,0,1,0,0,1,PWF
2802,L49801,L,300.48,309.54,1611,40.85,199.3,0,0,0,0,0,0,No_Failure
2803,L49802,L,300.83,310.87,1788,38.62,224.8,0,0,0,0,0,0,No_Failure
2804,M49803,M,300.51,311.0,1893,38.05,161.9,0,0,0,0,0,0,No_Failure
2805,L49804,L,297.6,307.6,1668,41.89,68.2,0,0,0,0,0,0,No_Failure
2806,L49805,L,299.49,307.02,1387,28.66,246.5,1,0,0,0,0,1,TWF
2807,L49806,L,300.82,311.21,1891,36.17,22.3,0,0,0,0,0,0,No_Failure
2808,M49807,M,303.16,314.48,1285,29.88,240.9,0,0,0,0,0,0,No_Failure
2809,L49808,L,299.46,310.24,1158,31.19,140.7,0,0,0,0,0,0,No_Failure
2810,L49809,L,301.1,308.98,1833,48.04,179.7,0,0,0,0,0,0,No_Failure
2811,L49810,L,301.76,313.88,1608,40.26,107.2,0,0,1,0,0,1,PWF
2812,H49811,H,299.61,308.28,1162,32.58,90.3,0,0,0,0,0,0,No_Failure
2813,M49812,M,302.3,311.22,1256,38.5,56.5,0,0,0,0,0,0,No_Failure
2814,L49813,L,302.4,313.19,1599,37.54,28.4,0,0,0,0,0,0,No_Failure
2815,L49814,L,302.76,313.21,1343,40.53,79.1,0,0,0,0,0,0,No_Failure
2816,M49815,M,300.92,311.0,1369,24.93,64.4,0,0,0,0,0,0,No_Failure
2817,L49816,L,304.72,314.15,1854,29.09,135.0,0,0,0,0,0,0,No_Failure
2818,M49817,M,298.77,310.1,1887,25.59,216.9,0,0,0,0,0,0,No_Failure
2819,L49818,L,304.25,314.21,1526,31.0,21.1,0,0,0,0,0,0,No_Failure
2820,H49819,H,301.54,309.97,1473,32.77,189.0,0,0,0,0,0,0,No_Failure
2821,L49820,L,302.68,313.91,1662,29.65,67.7,0,0,0,0,0,0,No_Failure
2822,M49821,M,299.36,309.58,1399,47.64,162.2,0,0,0,0,0,0,No_Failure
2823,L49822,L,301.69,312.8,1099,58.4,158.7,0,0,0,0,0,0,No_Failure
2824,H49823,H,302.85,313.43,1003,48.26,186.6,0,0,0,0,0,0,No_Failure
2825,H49824,H,297.83,310.22,1487,34.35,3.9,0,0,0,0,0,0,No_Failure
2826,M49825,M,299.67,309.36,1659,42.1,0.3,0,0,0,0,0,0,No_Failure
2827,L49826,L,295.72,305.73,1503,39.34,42.7,0,0,0,0,0,0,No_Failure
2828,L49827,L,299.64,310.36,1646,33.91,248.0,1,0,0,0,0,1,TWF
2829,H49828,H,298.37,308.06,1664,53.25,86.4,0,0,1,0,0,1,PWF
2830,M49829,M,299.56,310.37,1749,60.07,158.2,0,0,0,0,1,1,RNF
2831,L49830,L,305.85,312.9,1534,25.3,77.9,0,0,0,0,0,0,No_Failure
2832,L49831,L,303.44,313.36,1550,54.4,123.4,0,0,0,0,0,0,No_Failure
2833,L49832,L,297.12,307.02,1493,34.09,110.8,0,0,0,0,0,0,No_Failure
2834,H49833,H,301.11,310.97,1453,37.38,47.6,0,0,0,0,0,0,No_Failure
2835,M49834,M,301.6,310.72,1217,42.83,90.6,0,0,0,0,0,0,No_Failure
2836,M49835,M,299.32,310.23,1711,55.48,48.2,0,0,0,0,0,0,No_Failure
2837,M49836,M,300.36,309.85,1431,42.81,70.8,0,0,0,0,0,0,No_Failure
2838,L49837,L,300.55,310.75,1421,44.12,105.6,0,0,0,0,0,0,No_Failure
2839,L49838,L,297.31,307.27,1403,48.53,201.3,0,0,0,0,0,0,No_Failure
2840,L49839,L,297.94,308.44,1259,50.11,49.7,0,0,0,0,0,0,No_Failure
2841,M49840,M,300.34,311.78,1485,45.11,49.5,0,0,0,0,0,0,No_Failure
2842,L49841,L,300.2,310.39,1593,50.17,62.6,0,0,0,0,0,0,No_Failure
2843,L49842,L,298.58,309.42,1373,34.02,199.7,0,0,0,0,0,0,No_Failure
2844,L49843,L,298.41,308.56,1687,22.66,62.6,0,0,0,0,0,0,No_Failure
2845,L49844,L,299.82,309.31,1434,58.25,207.3,0,0,0,0,0,0,No_Failure
2846,M49845,M,301.77,311.63,1224,29.62,81.6,0,0,0,0,0,0,No_Failure
2847,L49846,L,299.85,309.56,1747,34.66,76.6,0,0,0,0,0,0,No_Failure
2848,L49847,L,303.25,313.81,1536,36.68,95.7,0,0,0,0,0,0,No_Failure
2849,M49848,M,298.61,308.72,1655,34.96,113.4,0,0,0,0,0,0,No_Failure
2850,L49849,L,300.39,309.59,1660,32.74,106.2,0,0,0,0,0,0,No_Failure
2851,L49850,L,299.29,309.07,1330,44.64,99.8,0,0,0,0,0,0,No_Failure
2852,L49851,L,301.18,309.65,1406,44.74,252.4,1,0,0,0,0,1,TWF
2853,H49852,H,298.44,308.25,1686,46.2,175.4,0,0,0,0,0,0,No_Failure
2854,L49853,L,303.85,313.86,1830,45.57,223.1,1,0,0,0,0,1,TWF
2855,M49854,M,296.62,308.43,1511,35.83,226.1,0,0,0,0,0,0,No_Failure
2856,H49855,H,303.43,314.78,1387,35.82,108.0,0,0,0,0,0,0,No_Failure
2857,M49856,M,300.18,309.15,1803,51.19,196.1,0,0,0,0,0,0,No_Failure
2858,L49857,L,301.1,311.31,1387,34.79,119.1,0,0,0,0,0,0,No_Failure
2859,M49858,M,302.67,312.89,1559,34.59,150.5,0,0,0,0,0,0,No_Failure
2860,L49859,L,301.72,311.48,1423,49.29,185.8,0,0,0,0,0,0,No_Failure
2861,L49860,L,298.54,308.37,1548,39.81,147.2,0,0,0,0,0,0,No_Failure
2862,M49861,M,301.2,310.85,1330,34.95,128.3,0,0,0,0,0,0,No_Failure
2863,L49862,L,303.73,315.61,1433,35.04,3.0,0,0,0,0,0,0,No_Failure
2864,L49863,L,298.23,307.81,1387,51.24,245.4,1,0,0,0,0,1,TWF
2865,L49864,L,304.24,314.58,1619,45.86,9.6,0,0,0,0,0,0,No_Failure
2866,L49865,L,300.77,308.24,1529,42.37,30.4,0,0,0,0,0,0,No_Failure
2867,L49866,L,299.13,309.96,1658,28.34,10.7,0,0,0,0,0,0,No_Failure
2868,M49867,M,298.21,309.4,1351,42.41,158.4,0,0,0,0,0,0,No_Failure
2869,H49868,H,299.55,308.5,1462,37.87,76.6,0,0,0,0,0,0,No_Failure
2870,L49869,L,296.09,305.58,1613,30.88,226.1,0,0,0,0,0,0,No_Failure
2871,M49870,M,299.17,309.62,1655,33.98,150.0,0,0,0,0,0,0,No_Failure
2872,L49871,L,299.47,309.49,1240,46.96,197.7,0,0,0,0,0,0,No_Failure
2873,L49872,L,297.85,308.32,1557,52.42,36.7,0,0,0,0,0,0,No_Failure
2874,L49873,L,301.5,311.21,1354,29.43,103.9,0,0,0,0,0,0,No_Failure
2875,L49874,L,299.56,311.43,1664,30.69,158.0,0,0,0,0,0,0,No_Failure
2876,L49875,L,298.73,308.06,1835,46.94,47.5,0,0,1,0,0,1,PWF
2877,L49876,L,299.35,312.04,1030,35.91,96.6,0,0,0,0,0,0,No_Failure
2878,L49877,L,300.71,311.95,1382,45.53,190.9,0,0,0,0,0,0,No_Failure
2879,M49878,M,300.15,310.98,1547,35.77,172.6,0,0,0,0,0,0,No_Failure
2880,L49879,L,298.6,307.56,1499,45.77,228.2,0,0,0,0,0,0,No_Failure
2881,L49880,L,300.25,311.16,1669,26.26,141.2,0,0,0,0,0,0,No_Failure
2882,L49881,L,299.9,310.5,1514,45.49,52.3,0,0,0,0,0,0,No_Failure
2883,M49882,M,297.72,305.6,1405,19.01,222.3,0,0,0,0,0,0,No_Failure
2884,L49883,L,299.42,308.02,1316,49.25,243.4,0,1,0,0,0,1,HDF
2885,M49884,M,301.16,311.52,1286,39.66,122.9,0,0,0,0,0,0,No_Failure
2886,L49885,L,301.14,311.01,1366,44.41,21.4,0,0,0,0,0,0,No_Failure
2887,L49886,L,299.54,309.02,1398,42.37,64.0,0,0,0,0,0,0,No_Failure
2888,H49887,H,301.35,312.43,1569,22.94,190.3,0,0,0,0,0,0,No_Failure
2889,L49888,L,298.04,307.16,1472,53.67,0.1,0,0,0,0,0,0,No_Failure
2890,L49889,L,298.1,307.65,1383,43.34,74.6,0,0,0,0,0,0,No_Failure
2891,L49890,L,299.5,308.85,1318,47.56,93.4,0,0,0,0,0,0,No_Failure
2892,H49891,H,303.0,313.51,1374,32.01,199.5,0,0,0,0,0,0,No_Failure
2893,M49892,M,300.33,308.61,1398,42.41,110.6,0,0,0,0,0,0,No_Failure
2894,M49893,M,299.45,308.95,1365,26.9,133.0,0,0,0,0,0,0,No_Failure
2895,H49894,H,303.09,311.37,1621,41.49,169.9,0,0,0,0,0,0,No_Failure
2896,L49895,L,299.43,309.11,1746,30.6,198.6,0,0,0,0,0,0,No_Failure
2897,H49896,H,304.47,315.19,1288,80.0,85.5,0,0,1,0,0,1,PWF
2898,L49897,L,298.98,309.72,1701,46.05,43.5,0,0,0,0,0,0,No_Failure
2899,M49898,M,297.98,307.25,1625,53.31,46.0,0,0,0,0,0,0,No_Failure
2900,L49899,L,299.67,310.2,1532,37.5,40.5,0,0,0,0,0,0,No_Failure
2901,L49900,L,299.5,309.32,1775,43.99,29.0,0,0,0,0,0,0,No_Failure
2902,H49901,H,298.38,309.75,1469,49.05,111.5,0,0,0,0,0,0,No_Failure
2903,L49902,L,305.2,315.07,1572,29.27,46.3,0,0,0,0,1,1,RNF
2904,H49903,H,300.64,307.66,1522,33.27,198.0,0,0,0,0,0,0,No_Failure
2905,L49904,L,300.93,311.82,1509,49.73,0.0,0,0,0,0,0,0,No_Failure
2906,M49905,M,299.08,308.62,1583,37.82,241.2,0,0,0,0,0,0,No_Failure
2907,H49906,H,298.84,308.57,1508,32.52,3.3,0,0,0,0,0,0,No_Failure
2908,L49907,L,302.05,312.39,1584,33.69,82.3,0,0,0,0,0,0,No_Failure
2909,H49908,H,296.65,305.22,1379,27.78,190.8,0,0,0,0,0,0,No_Failure
2910,M49909,M,297.71,307.79,1385,20.41,220.6,0,0,1,0,0,1,PWF
2911,M49910,M,299.51,310.04,1379,23.04,22.1,0,0,0,0,0,0,No_Failure
2912,L49911,L,302.7,313.07,1434,40.46,202.7,0,0,0,0,0,0,No_Failure
2913,M49912,M,299.25,308.65,1682,46.72,190.1,0,0,0,0,0,0,No_Failure
2914,M49913,M,300.83,311.82,1417,65.19,116.3,0,0,0,0,0,0,No_Failure
2915,L49914,L,300.06,309.06,1617,39.59,158.6,0,0,0,0,0,0,No_Failure
2916,L49915,L,302.59,311.97,1548,27.2,92.9,0,0,0,0,0,0,No_Failure
2917,L49916,L,296.83,306.69,1421,39.72,78.9,0,0,0,0,0,0,No_Failure
2918,H49917,H,301.47,311.77,1736,47.03,8.4,0,0,0,0,0,0,No_Failure
2919,L49918,L,299.6,309.28,1633,50.3,1.7,0,0,0,0,0,0,No_Failure
2920,M49919,M,301.85,313.08,1500,49.33,133.1,0,0,0,0,0,0,No_Failure
2921,H49920,H,298.36,308.66,1485,45.73,2.9,0,0,0,0,0,0,No_Failure
2922,L49921,L,300.05,310.12,1517,40.95,31.1,0,0,0,0,0,0,No_Failure
2923,L49922,L,299.79,310.06,1225,47.37,24.4,0,0,0,0,0,0,No_Failure
2924,M49923,M,298.0,308.73,1352,28.15,160.2,0,0,0,0,0,0,No_Failure
2925,L49924,L,297.44,307.68,1583,19.92,169.2,0,0,0,0,0,0,No_Failure
2926,M49925,M,298.84,307.03,1215,60.93,190.8,0,0,0,0,0,0,No_Failure
2927,M49926,M,300.26,311.35,1365,39.53,246.2,0,0,0,0,0,0,No_Failure
2928,M49927,M,298.49,308.61,1429,45.34,247.9,0,0,0,0,0,0,No_Failure
2929,L49928,L,299.34,310.02,2023,11.98,52.5,0,0,0,0,0,0,No_Failure
2930,M49929,M,296.23,305.82,1621,55.45,89.0,0,0,1,0,0,1,PWF
2931,M49930,M,299.26,307.43,1698,51.56,142.1,0,0,0,0,0,0,No_Failure
2932,L49931,L,302.05,309.77,1355,24.34,11.2,0,0,0,0,0,0,No_Failure
2933,M49932,M,301.41,310.47,1565,36.83,48.7,0,0,0,0,0,0,No_Failure
2934,H49933,H,299.83,310.34,1183,42.66,216.0,1,0,0,0,0,1,TWF
2935,M49934,M,300.49,311.79,1440,27.36,103.3,0,0,0,0,0,0,No_Failure
2936,L49935,L,298.34,308.65,1591,44.89,122.6,0,0,0,0,0,0,No_Failure
2937,L49936,L,303.25,312.2,1245,50.46,186.3,0,0,0,0,0,0,No_Failure
2938,L49937,L,304.14,313.35,1571,43.24,204.6,0,0,0,0,0,0,No_Failure
2939,L49938,L,300.33,311.69,1586,24.34,218.8,0,0,0,0,0,0,No_Failure
2940,L49939,L,305.18,313.87,1392,29.63,226.4,0,0,0,0,0,0,No_Failure
2941,H49940,H,298.64,310.74,1350,38.76,74.5,0,0,0,0,0,0,No_Failure
2942,L49941,L,297.5,309.37,1371,37.5,164.2,0,0,0,0,0,0,No_Failure
2943,H49942,H,298.58,310.72,1438,37.71,28.1,0,0,0,0,0,0,No_Failure
2944,L49943,L,299.56,309.94,1443,37.35,245.1,0,0,0,0,0,0,No_Failure
2945,L49944,L,304.62,314.28,1592,21.96,67.7,0,0,0,0,0,0,No_Failure
2946,L49945,L,299.44,309.79,1404,48.06,98.8,0,0,0,0,0,0,No_Failure
2947,L49946,L,298.28,309.19,1788,46.27,235.5,1,0,0,0,0,1,TWF
2948,M49947,M,298.2,307.55,1787,45.22,159.4,0,0,0,0,0,0,No_Failure
2949,H49948,H,302.28,311.18,1543,44.3,72.9,0,0,0,0,0,0,No_Failure
2950,H49949,H,301.99,311.71,1438,37.16,21.8,0,0,0,0,0,0,No_Failure
2951,L49950,L,299.03,308.26,1404,33.93,123.6,0,0,0,0,0,0,No_Failure
2952,M49951,M,296.25,307.49,1557,29.82,149.5,0,0,0,0,0,0,No_Failure
2953,L49952,L,297.74,307.13,1589,55.43,169.1,0,0,0,0,0,0,No_Failure
2954,H49953,H,303.44,313.54,1464,39.79,41.7,0,0,0,0,0,0,No_Failure
2955,M49954,M,301.38,312.36,1429,23.39,178.6,0,0,0,0,0,0,No_Failure
2956,L49955,L,300.13,311.41,1563,39.71,91.7,0,0,0,0,0,0,No_Failure
2957,L49956,L,303.74,313.95,1512,19.16,238.8,0,0,1,0,0,1,PWF
2958,L49957,L,303.92,314.3,1397,42.48,165.3,0,0,0,0,0,0,No_Failure
2959,L49958,L,299.93,308.91,1520,41.43,232.3,0,0,0,0,0,0,No_Failure
2960,H49959,H,299.96,310.99,1391,34.58,7.6,0,0,0,0,0,0,No_Failure
2961,M49960,M,298.84,310.1,1365,30.61,228.6,0,0,0,0,0,0,No_Failure
2962,H49961,H,299.43,307.56,1499,45.62,222.1,0,0,0,0,0,0,No_Failure
2963,L49962,L,297.03,308.79,1397,39.17,129.2,0,0,0,0,0,0,No_Failure
2964,M49963,M,297.02,306.32,1368,20.58,247.0,1,0,1,0,0,1,TWF
2965,L49964,L,296.55,307.15,1688,52.04,189.6,0,0,0,0,0,0,No_Failure
2966,M49965,M,302.17,312.25,1429,30.6,251.8,1,0,0,0,0,1,TWF
2967,L49966,L,296.88,306.82,1832,26.82,191.4,0,0,0,0,0,0,No_Failure
2968,L49967,L,303.9,313.69,1613,53.59,231.5,0,0,0,1,0,1,OSF
2969,M49968,M,298.54,307.55,1352,50.6,49.9,0,0,0,0,0,0,No_Failure
2970,L49969,L,303.47,314.0,1709,35.79,49.8,0,0,0,0,0,0,No_Failure
2971,L49970,L,299.27,308.98,1371,27.48,128.5,0,0,0,0,0,0,No_Failure
2972,M49971,M,296.87,305.56,1855,30.9,184.5,0,0,0,0,0,0,No_Failure
2973,L49972,L,302.57,311.53,1541,35.63,67.0,0,0,0,0,0,0,No_Failure
2974,H49973,H,302.8,311.51,1598,52.16,105.5,0,0,0,0,0,0,No_Failure
2975,M49974,M,298.19,307.66,1506,52.95,43.6,0,0,0,0,0,0,No_Failure
2976,H49975,H,299.34,309.82,1548,41.66,234.2,0,0,0,0,0,0,No_Failure
2977,M49976,M,298.19,307.48,1459,46.5,188.3,0,0,0,0,0,0,No_Failure
2978,M49977,M,299.76,310.73,1333,37.91,9.7,0,0,0,0,0,0,No_Failure
2979,M49978,M,300.22,310.1,1561,31.27,5.7,0,0,0,0,0,0,No_Failure
2980,H49979,H,299.3,309.01,1684,24.99,251.4,0,0,0,0,0,0,No_Failure
2981,M49980,M,296.36,306.38,1286,43.23,100.2,0,1,0,0,0,1,HDF
2982,L49981,L,298.84,310.23,1777,49.0,152.4,0,0,1,0,0,1,PWF
2983,L49982,L,301.41,310.04,1608,34.89,239.8,0,0,0,0,0,0,No_Failure
2984,M49983,M,299.58,311.24,1421,51.88,241.8,0,0,0,0,0,0,No_Failure
2985,L49984,L,299.35,310.31,1418,36.15,24.3,0,0,0,0,0,0,No_Failure
2986,L49985,L,298.14,308.12,1836,40.84,160.8,0,0,0,0,0,0,No_Failure
2987,L49986,L,298.78,309.96,1669,37.79,251.2,1,0,0,0,0,1,TWF
2988,M49987,M,302.82,312.5,1705,52.36,45.5,0,0,1,0,0,1,PWF
2989,L49988,L,297.72,308.01,1455,44.93,167.7,0,0,0,0,0,0,No_Failure
2990,M49989,M,301.44,310.9,1600,39.42,195.8,0,0,0,0,0,0,No_Failure
2991,M49990,M,300.09,311.06,1563,40.77,19.1,0,0,0,0,0,0,No_Failure
2992,H49991,H,300.49,309.78,1469,28.11,97.9,0,0,0,0,0,0,No_Failure
2993,L49992,L,298.54,308.48,1520,17.67,51.9,0,0,0,0,0,0,No_Failure
2994,M49993,M,299.3,309.98,1700,34.69,14.4,0,0,0,0,0,0,No_Failure
2995,M49994,M,299.99,311.04,1788,38.06,25.1,0,0,0,0,0,0,No_Failure
2996,L49995,L,298.96,308.14,1455,45.31,86.5,0,0,0,0,0,0,No_Failure
2997,M49996,M,300.66,311.42,1264,38.37,146.5,0,0,0,0,0,0,No_Failure
2998,L49997,L,300.91,309.93,1796,35.31,241.3,0,0,0,0,0,0,No_Failure
2999,H49998,H,304.35,312.2,1798,10.52,236.7,1,0,0,0,0,1,TWF
3000,L49999,L,300.56,309.81,1572,45.27,220.7,0,0,0,0,0,0,No_Failure
3001,H50000,H,296.18,307.01,1823,42.11,195.2,0,0,0,0,0,0,No_Failure
3002,M50001,M,302.33,312.31,1559,48.14,10.3,0,0,0,0,0,0,No_Failure
3003,L50002,L,299.59,309.06,1336,40.27,102.6,0,0,0,0,0,0,No_Failure
3004,M50003,M,304.02,314.08,1264,51.47,197.2,0,0,0,0,0,0,No_Failure
3005,L50004,L,302.94,312.96,1262,34.49,244.8,0,0,0,0,0,0,No_Failure
3006,M50005,M,298.99,309.61,1501,39.59,116.9,0,0,0,0,0,0,No_Failure
3007,M50006,M,301.44,309.83,1416,42.41,177.4,0,0,0,0,0,0,No_Failure
3008,L50007,L,298.81,308.71,1396,46.6,251.8,0,0,0,0,0,0,No_Failure
3009,L50008,L,300.01,310.13,1481,44.16,157.6,0,0,0,0,0,0,No_Failure
3010,M50009,M,301.35,309.99,1654,44.78,197.0,0,0,0,0,0,0,No_Failure
3011,L50010,L,302.23,310.85,1402,42.69,244.5,0,0,0,0,0,0,No_Failure
3012,H50011,H,301.79,311.43,1371,38.07,179.7,0,0,0,0,0,0,No_Failure
3013,M50012,M,300.15,310.16,1413,49.01,33.4,0,0,0,0,0,0,No_Failure
3014,M50013,M,304.97,314.98,1666,23.26,247.7,0,0,0,0,0,0,No_Failure
3015,L50014,L,299.27,308.71,1487,33.71,203.4,0,0,0,0,0,0,No_Failure
3016,M50015,M,296.79,306.19,1550,55.92,66.9,0,0,1,0,0,1,PWF
3017,H50016,H,297.17,306.78,1780,33.27,249.8,1,0,0,0,0,1,TWF
3018,L50017,L,302.95,313.25,2012,39.22,20.1,0,0,0,0,0,0,No_Failure
3019,L50018,L,299.85,311.09,1615,53.88,237.8,0,0,0,0,0,0,No_Failure
3020,L50019,L,300.32,308.1,1597,38.74,212.8,0,0,0,0,0,0,No_Failure
3021,L50020,L,298.91,309.54,1287,31.66,69.6,0,0,0,0,0,0,No_Failure
3022,M50021,M,299.09,308.98,1566,51.98,217.7,0,0,0,0,0,0,No_Failure
3023,L50022,L,298.43,308.95,1511,37.11,15.3,0,0,0,0,0,0,No_Failure
3024,M50023,M,300.94,312.13,1661,37.79,240.9,1,0,0,0,0,1,TWF
3025,L50024,L,299.81,309.05,1429,20.2,153.0,0,0,1,0,0,1,PWF
3026,L50025,L,300.87,311.81,1536,38.73,131.8,0,0,0,0,0,0,No_Failure
3027,L50026,L,300.68,309.42,1609,46.83,250.7,0,0,0,0,0,0,No_Failure
3028,H50027,H,299.15,309.28,1842,35.69,6.7,0,0,0,0,0,0,No_Failure
3029,M50028,M,297.08,306.84,1781,27.19,129.6,0,0,0,0,0,0,No_Failure
3030,L50029,L,296.91,306.95,1728,35.2,186.0,0,0,0,0,0,0,No_Failure
3031,M50030,M,306.05,315.06,1631,33.85,28.4,0,0,0,0,0,0,No_Failure
3032,L50031,L,302.96,313.39,1422,37.46,3.8,0,0,0,0,0,0,No_Failure
3033,L50032,L,302.68,314.27,1631,34.82,155.6,0,0,0,0,0,0,No_Failure
3034,L50033,L,298.65,307.68,1361,56.65,85.5,0,0,0,0,0,0,No_Failure
3035,H50034,H,300.02,310.21,1463,43.02,121.9,0,0,0,0,0,0,No_Failure
3036,M50035,M,298.37,309.23,1820,22.6,157.4,0,0,0,0,0,0,No_Failure
3037,M50036,M,297.38,307.08,1597,40.71,97.7,0,0,0,0,0,0,No_Failure
3038,L50037,L,298.82,310.18,1541,39.6,54.3,0,0,0,0,0,0,No_Failure
3039,L50038,L,302.65,312.22,1564,51.94,60.4,0,0,0,0,0,0,No_Failure
3040,M50039,M,301.68,311.57,1483,38.44,47.4,0,0,0,0,0,0,No_Failure
3041,L50040,L,298.06,307.07,1112,38.15,181.1,0,0,0,0,0,0,No_Failure
3042,H50041,H,299.37,309.5,1272,58.63,34.0,0,0,0,0,0,0,No_Failure
3043,M50042,M,301.5,311.5,1611,29.31,246.0,0,0,0,0,0,0,No_Failure
3044,L50043,L,298.86,309.49,1334,47.98,1.2,0,0,0,0,0,0,No_Failure
3045,M50044,M,300.16,309.52,1481,40.64,76.8,0,0,0,0,0,0,No_Failure
3046,H50045,H,300.8,310.12,1279,34.99,203.1,1,0,0,0,0,1,TWF
3047,L50046,L,300.78,311.24,1371,33.52,22.8,0,0,0,0,0,0,No_Failure
3048,M50047,M,300.51,311.91,1499,53.58,148.8,0,0,0,0,0,0,No_Failure
3049,H50048,H,298.69,309.32,1666,44.65,73.5,0,0,0,0,0,0,No_Failure
3050,L50049,L,298.9,310.75,1702,46.01,244.3,0,0,0,0,0,0,No_Failure
3051,H50050,H,297.73,308.29,1368,48.9,55.4,0,0,0,0,0,0,No_Failure
3052,L50051,L,296.88,307.4,1555,43.42,18.0,0,0,0,0,0,0,No_Failure
3053,M50052,M,299.77,310.45,1243,29.39,155.3,0,0,0,0,0,0,No_Failure
3054,M50053,M,301.63,313.12,1510,24.28,95.1,0,0,0,0,0,0,No_Failure
3055,M50054,M,297.24,308.48,1672,55.4,228.7,0,0,0,0,0,0,No_Failure
3056,L50055,L,300.55,309.46,1488,42.08,231.5,0,0,0,0,0,0,No_Failure
3057,M50056,M,301.57,312.37,1737,40.79,201.1,0,0,0,0,0,0,No_Failure
3058,L50057,L,296.33,306.59,1651,58.05,32.5,0,0,1,0,0,1,PWF
3059,L50058,L,299.46,309.26,1543,29.36,166.5,0,0,0,0,0,0,No_Failure
3060,L50059,L,303.29,311.52,1455,14.77,23.3,0,0,0,0,0,0,No_Failure
3061,M50060,M,301.1,309.56,1404,21.88,6.4,0,0,1,0,0,1,PWF
3062,L50061,L,296.26,305.89,1238,34.69,49.9,0,0,0,0,0,0,No_Failure
3063,L50062,L,301.32,309.85,1267,41.17,125.1,0,0,0,0,0,0,No_Failure
3064,H50063,H,298.5,308.16,1679,53.92,114.1,0,0,0,0,0,0,No_Failure
3065,L50064,L,301.38,312.1,1772,48.43,196.3,0,0,0,0,0,0,No_Failure
3066,L50065,L,298.62,308.04,1305,14.38,132.4,0,0,0,0,0,0,No_Failure
3067,L50066,L,299.89,309.98,1512,68.01,66.8,0,0,0,0,0,0,No_Failure
3068,L50067,L,298.92,307.85,1217,35.89,35.3,0,0,0,0,0,0,No_Failure
3069,M50068,M,300.01,310.31,1324,52.28,144.1,0,0,0,0,0,0,No_Failure
3070,L50069,L,298.87,309.37,1547,45.46,170.7,0,0,0,0,0,0,No_Failure
3071,L50070,L,299.55,308.13,1407,40.05,53.9,0,0,0,0,0,0,No_Failure
3072,H50071,H,297.65,306.9,1155,37.63,159.9,0,0,0,0,0,0,No_Failure
3073,H50072,H,300.98,309.71,1809,28.88,217.6,0,0,0,0,0,0,No_Failure
3074,M50073,M,300.35,310.86,1491,27.12,61.3,0,0,0,0,0,0,No_Failure
3075,H50074,H,296.77,306.93,1301,38.34,207.3,0,0,0,0,0,0,No_Failure
3076,H50075,H,301.99,311.94,1523,26.12,240.4,0,0,0,0,0,0,No_Failure
3077,L50076,L,299.65,309.52,1485,56.48,236.9,1,0,0,1,0,1,TWF
3078,M50077,M,300.32,310.65,1576,40.97,35.7,0,0,0,0,0,0,No_Failure
3079,M50078,M,301.53,311.87,1439,60.93,12.4,0,0,0,0,0,0,No_Failure
3080,L50079,L,300.66,310.16,1557,35.64,183.8,0,0,0,0,0,0,No_Failure
3081,L50080,L,302.33,311.69,1670,34.09,96.7,0,0,0,0,0,0,No_Failure
3082,L50081,L,299.41,309.35,1263,45.91,45.0,0,0,0,0,0,0,No_Failure
3083,M50082,M,302.07,311.88,1375,37.41,113.1,0,0,0,0,0,0,No_Failure
3084,M50083,M,300.25,312.31,1651,49.73,137.3,0,0,0,0,0,0,No_Failure
3085,M50084,M,301.02,310.63,1401,54.38,40.9,0,0,0,0,0,0,No_Failure
3086,L50085,L,300.81,311.1,1485,50.99,9.6,0,0,0,0,0,0,No_Failure
3087,L50086,L,302.48,312.95,1415,53.64,197.8,0,0,0,0,0,0,No_Failure
3088,L50087,L,301.44,312.84,1427,48.18,115.4,0,0,0,0,0,0,No_Failure
3089,M50088,M,299.11,308.3,1411,34.51,61.8,0,0,0,0,0,0,No_Failure
3090,H50089,H,298.72,310.06,1273,51.4,241.7,0,0,0,0,0,0,No_Failure
3091,H50090,H,299.9,309.75,1583,46.98,192.0,0,0,0,0,0,0,No_Failure
3092,H50091,H,298.48,310.98,1691,33.82,101.9,0,0,0,0,0,0,No_Failure
3093,H50092,H,297.9,308.26,1468,35.09,69.0,0,0,0,0,0,0,No_Failure
3094,H50093,H,295.74,304.51,1671,39.08,184.5,0,0,0,0,0,0,No_Failure
3095,L50094,L,296.9,306.7,1412,51.11,183.3,0,0,0,0,0,0,No_Failure
3096,L50095,L,303.97,315.31,1401,41.17,223.7,0,0,0,0,0,0,No_Failure
3097,L50096,L,298.69,308.77,1574,39.94,3.3,0,0,0,0,0,0,No_Failure
3098,L50097,L,303.81,313.75,1577,38.41,159.3,0,0,0,0,0,0,No_Failure
3099,L50098,L,300.81,311.53,1480,36.47,71.3,0,0,0,0,0,0,No_Failure
3100,L50099,L,299.9,309.56,1622,28.36,246.6,0,0,0,0,0,0,No_Failure
3101,H50100,H,297.0,306.79,1268,47.95,6.3,0,0,0,0,0,0,No_Failure
3102,L50101,L,300.01,309.06,1445,29.83,123.3,0,0,0,0,0,0,No_Failure
3103,H50102,H,303.78,315.51,1674,40.68,179.8,0,0,0,0,0,0,No_Failure
3104,M50103,M,303.12,311.89,1673,35.91,190.1,0,0,0,0,0,0,No_Failure
3105,M50104,M,300.55,310.72,1650,47.66,160.2,0,0,0,0,0,0,No_Failure
3106,M50105,M,297.7,308.18,1684,36.58,119.4,0,1,0,0,0,1,HDF
3107,L50106,L,298.09,308.07,1433,29.94,230.1,1,0,0,0,0,1,TWF
3108,M50107,M,298.29,307.04,1193,49.89,145.9,0,0,0,0,0,0,No_Failure
3109,L50108,L,302.56,311.56,1453,31.74,131.9,0,0,0,0,0,0,No_Failure
3110,H50109,H,303.26,313.79,1614,41.55,216.9,1,0,0,0,0,1,TWF
3111,L50110,L,300.39,309.61,1644,52.74,112.1,0,0,1,0,0,1,PWF
3112,L50111,L,299.39,307.32,1405,32.7,153.8,0,0,0,0,0,0,No_Failure
3113,M50112,M,303.1,313.48,1326,38.96,83.2,0,0,0,0,0,0,No_Failure
3114,M50113,M,298.04,307.17,1344,35.69,53.7,0,0,0,0,0,0,No_Failure
3115,L50114,L,300.1,310.73,1402,41.31,116.5,0,0,0,0,0,0,No_Failure
3116,M50115,M,300.93,310.72,1159,39.32,85.0,0,0,0,0,0,0,No_Failure
3117,L50116,L,298.27,308.02,1405,49.2,9.5,0,0,0,0,0,0,No_Failure
3118,M50117,M,298.73,308.78,1509,33.79,123.1,0,0,0,0,0,0,No_Failure
3119,L50118,L,298.57,307.43,1482,52.74,166.0,0,0,0,0,0,0,No_Failure
3120,L50119,L,302.83,312.01,1441,56.05,13.2,0,0,0,0,0,0,No_Failure
3121,L50120,L,303.83,313.57,1376,42.57,143.5,0,0,0,0,0,0,No_Failure
3122,L50121,L,300.23,309.09,1397,32.1,78.4,0,0,0,0,0,0,No_Failure
3123,L50122,L,299.46,310.18,1400,39.59,10.3,0,0,0,0,0,0,No_Failure
3124,L50123,L,298.8,308.49,1627,38.75,24.5,0,0,0,0,0,0,No_Failure
3125,L50124,L,300.0,308.55,1500,57.72,181.2,0,0,1,0,0,1,PWF
3126,L50125,L,298.9,308.34,2070,38.97,136.4,0,0,0,0,0,0,No_Failure
3127,M50126,M,299.81,309.91,1440,53.83,241.8,0,0,0,0,0,0,No_Failure
3128,L50127,L,300.83,310.38,1579,41.11,172.4,0,0,0,0,0,0,No_Failure
3129,M50128,M,299.19,309.59,1444,40.46,243.5,1,0,0,0,0,1,TWF
3130,H50129,H,299.62,310.19,1440,36.46,72.1,0,0,0,0,0,0,No_Failure
3131,L50130,L,299.63,312.03,1781,37.39,147.4,0,0,0,0,0,0,No_Failure
3132,H50131,H,299.36,310.52,1680,48.9,141.3,0,0,0,0,0,0,No_Failure
3133,L50132,L,299.12,307.48,1184,32.69,132.5,0,0,0,0,0,0,No_Failure
3134,L50133,L,301.52,311.16,1316,49.6,227.0,1,0,0,0,0,1,TWF
3135,M50134,M,296.46,306.19,1475,54.41,133.5,0,0,0,0,0,0,No_Failure
3136,M50135,M,303.15,313.72,1407,34.08,66.7,0,0,0,0,0,0,No_Failure
3137,H50136,H,300.27,309.34,1229,52.08,177.6,0,0,0,0,0,0,No_Failure
3138,L50137,L,301.22,310.69,1521,50.48,67.0,0,0,0,0,0,0,No_Failure
3139,M50138,M,301.45,310.21,1162,48.69,21.1,0,0,0,0,0,0,No_Failure
3140,L50139,L,298.58,307.98,1523,33.64,148.9,0,0,0,0,0,0,No_Failure
3141,L50140,L,298.17,307.61,1631,38.81,34.8,0,0,0,0,0,0,No_Failure
3142,L50141,L,297.94,307.62,1657,38.79,180.7,0,0,0,0,0,0,No_Failure
3143,H50142,H,299.51,308.32,1474,60.91,110.9,0,0,0,0,0,0,No_Failure
3144,L50143,L,301.4,312.38,1772,39.9,219.1,0,0,0,0,0,0,No_Failure
3145,H50144,H,298.83,309.3,1560,38.17,102.4,0,0,0,0,0,0,No_Failure
3146,M50145,M,301.22,309.77,1652,28.52,100.2,0,0,0,0,0,0,No_Failure
3147,M50146,M,295.26,305.29,1367,30.28,108.5,0,1,0,0,0,1,HDF
3148,M50147,M,299.23,307.66,1774,33.16,180.6,0,0,0,0,0,0,No_Failure
3149,H50148,H,302.33,313.68,1499,43.61,39.3,0,0,0,0,0,0,No_Failure
3150,L50149,L,299.66,311.27,1784,25.76,86.4,0,0,0,0,0,0,No_Failure
3151,L50150,L,298.34,308.29,1744,33.34,67.8,0,0,0,0,0,0,No_Failure
3152,M50151,M,298.69,307.83,1546,21.39,98.2,0,0,0,0,0,0,No_Failure
3153,L50152,L,293.94,303.28,1573,54.02,230.7,0,0,0,0,0,0,No_Failure
3154,L50153,L,297.98,307.52,1468,41.06,159.7,0,0,0,0,0,0,No_Failure
3155,L50154,L,302.11,312.01,1353,43.1,127.3,0,0,0,0,0,0,No_Failure
3156,L50155,L,298.83,310.21,1607,29.1,32.6,0,0,0,0,0,0,No_Failure
3157,L50156,L,299.07,310.03,1598,51.61,145.8,0,0,0,0,0,0,No_Failure
3158,L50157,L,295.34,306.31,1209,55.03,202.1,0,0,0,0,0,0,No_Failure
3159,H50158,H,296.74,306.91,1485,40.67,91.3,0,0,0,0,0,0,No_Failure
3160,L50159,L,302.38,311.23,1656,35.21,228.4,0,0,0,0,0,0,No_Failure
3161,H50160,H,301.23,310.46,1764,45.52,88.9,0,0,0,0,0,0,No_Failure
3162,H50161,H,297.41,307.47,1631,47.35,40.6,0,0,0,0,0,0,No_Failure
3163,L50162,L,298.74,307.54,1227,48.7,209.4,0,0,0,0,0,0,No_Failure
3164,M50163,M,299.94,310.25,1310,46.64,143.1,0,0,0,0,0,0,No_Failure
3165,M50164,M,297.61,308.41,1438,49.64,130.7,0,0,0,0,0,0,No_Failure
3166,M50165,M,295.99,306.54,1752,33.07,234.2,0,0,0,0,0,0,No_Failure
3167,L50166,L,299.68,310.19,1391,49.12,208.7,0,0,0,0,0,0,No_Failure
3168,L50167,L,301.15,309.28,1691,35.46,251.2,0,0,0,0,0,0,No_Failure
3169,L50168,L,301.18,312.52,1388,14.9,175.0,0,0,1,0,0,1,PWF
3170,M50169,M,301.75,310.18,1596,35.37,146.6,0,0,0,0,0,0,No_Failure
3171,H50170,H,296.89,306.74,1331,34.46,136.3,0,0,0,0,0,0,No_Failure
3172,M50171,M,300.12,310.73,1465,42.41,90.1,0,0,0,0,0,0,No_Failure
3173,M50172,M,299.46,309.82,1296,48.38,45.8,0,0,0,0,0,0,No_Failure
3174,H50173,H,299.83,308.55,1760,41.93,208.8,0,0,0,0,0,0,No_Failure
3175,M50174,M,299.58,308.48,1375,60.09,1.7,0,0,0,0,0,0,No_Failure
3176,L50175,L,298.68,308.97,1222,34.75,224.6,0,0,0,0,0,0,No_Failure
3177,H50176,H,293.96,304.48,1207,20.12,66.4,0,0,0,0,0,0,No_Failure
3178,L50177,L,302.32,311.22,1485,42.78,60.6,0,0,0,0,0,0,No_Failure
3179,L50178,L,300.66,311.05,1418,34.55,1.8,0,0,0,0,0,0,No_Failure
3180,M50179,M,297.03,305.52,1617,29.14,91.1,0,0,0,0,0,0,No_Failure
3181,H50180,H,300.95,311.57,1458,37.02,22.5,0,0,0,0,0,0,No_Failure
3182,L50181,L,299.11,308.22,1710,32.17,46.7,0,0,0,0,0,0,No_Failure
3183,L50182,L,299.16,309.24,1431,33.15,174.1,0,0,0,0,0,0,No_Failure
3184,L50183,L,298.46,308.38,1685,55.23,105.1,0,0,1,0,0,1,PWF
3185,L50184,L,301.07,312.23,1329,41.24,2.8,0,0,0,0,0,0,No_Failure
3186,L50185,L,298.4,308.64,1229,37.35,80.2,0,0,0,0,0,0,No_Failure
3187,M50186,M,297.81,307.21,1352,55.98,1.6,0,0,0,0,0,0,No_Failure
3188,H50187,H,302.26,312.62,1297,37.05,231.5,0,0,0,0,0,0,No_Failure
3189,L50188,L,299.64,311.78,1277,27.7,217.7,0,0,0,0,0,0,No_Failure
3190,L50189,L,299.71,310.45,1574,26.74,89.4,0,0,0,0,0,0,No_Failure
3191,L50190,L,301.38,311.33,1452,39.2,60.8,0,0,0,0,0,0,No_Failure
3192,L50191,L,298.66,307.83,1526,23.58,27.1,0,0,0,0,0,0,No_Failure
3193,M50192,M,299.06,308.45,1595,28.28,178.4,0,0,0,0,0,0,No_Failure
3194,M50193,M,300.61,311.29,1197,36.19,30.5,0,0,0,0,0,0,No_Failure
3195,M50194,M,296.92,306.03,1603,51.32,169.4,0,0,0,0,0,0,No_Failure
3196,L50195,L,300.44,310.44,1283,52.92,65.4,0,0,0,0,0,0,No_Failure
3197,M50196,M,298.49,309.93,1396,46.6,184.5,0,0,0,0,0,0,No_Failure
3198,L50197,L,301.71,311.86,1159,39.96,99.5,0,0,0,0,0,0,No_Failure
3199,L50198,L,301.09,310.01,1618,34.3,34.6,0,0,0,0,0,0,No_Failure
3200,H50199,H,300.83,313.01,1196,43.88,70.2,0,0,0,0,0,0,No_Failure
3201,M50200,M,296.79,308.55,1284,57.82,174.6,0,0,0,0,0,0,No_Failure
3202,H50201,H,299.79,310.29,1297,41.41,173.3,0,0,0,0,0,0,No_Failure
3203,H50202,H,297.65,308.92,1477,35.38,151.1,0,0,0,0,0,0,No_Failure
3204,M50203,M,299.93,309.66,1471,38.42,81.8,0,0,0,0,0,0,No_Failure
3205,H50204,H,295.37,306.09,1646,37.33,160.7,0,0,0,0,0,0,No_Failure
3206,L50205,L,296.92,306.49,1481,45.49,10.7,0,0,0,0,0,0,No_Failure
3207,L50206,L,302.38,311.02,1674,32.36,152.9,0,1,0,0,0,1,HDF
3208,L50207,L,300.74,313.33,1568,44.06,197.7,0,0,0,0,0,0,No_Failure
3209,L50208,L,299.29,307.89,1330,45.68,35.0,0,0,0,0,0,0,No_Failure
3210,L50209,L,298.18,308.48,1380,43.44,206.6,0,0,0,0,0,0,No_Failure
3211,L50210,L,297.83,308.12,1772,29.14,229.0,0,0,0,0,0,0,No_Failure
3212,M50211,M,300.4,310.92,1721,38.51,242.6,0,0,0,0,0,0,No_Failure
3213,M50212,M,299.31,309.22,1648,34.73,7.6,0,0,0,0,0,0,No_Failure
3214,M50213,M,303.09,313.01,1672,39.26,226.6,0,0,0,0,0,0,No_Failure
3215,L50214,L,299.63,309.77,1584,33.33,16.1,0,0,0,0,0,0,No_Failure
3216,M50215,M,300.12,310.6,1560,52.43,96.0,0,0,0,0,0,0,No_Failure
3217,L50216,L,297.22,307.22,1509,41.87,138.7,0,0,0,0,0,0,No_Failure
3218,L50217,L,299.28,309.21,1806,23.82,56.1,0,0,0,0,0,0,No_Failure
3219,L50218,L,300.35,309.03,1416,26.7,87.2,0,0,0,0,0,0,No_Failure
3220,L50219,L,299.25,311.27,1543,52.05,229.7,1,0,0,0,0,1,TWF
3221,L50220,L,299.03,309.56,1193,38.2,44.3,0,0,0,0,0,0,No_Failure
3222,H50221,H,300.65,310.86,1242,36.1,136.3,0,0,0,0,0,0,No_Failure
3223,M50222,M,303.03,312.41,1827,51.29,209.2,1,0,0,0,0,1,TWF
3224,M50223,M,300.29,309.29,1611,38.48,61.0,0,0,0,0,0,0,No_Failure
3225,L50224,L,302.29,313.15,1462,28.05,236.6,1,0,0,0,0,1,TWF
3226,H50225,H,301.24,311.08,1514,28.72,248.0,0,0,0,0,0,0,No_Failure
3227,M50226,M,302.17,312.79,1256,46.28,67.3,0,0,0,0,0,0,No_Failure
3228,L50227,L,298.78,307.43,1423,60.29,119.7,0,0,0,0,0,0,No_Failure
3229,M50228,M,299.59,311.13,1238,48.4,2.8,0,0,0,0,0,0,No_Failure
3230,L50229,L,299.59,310.5,1447,36.18,243.1,0,0,0,0,0,0,No_Failure
3231,L50230,L,301.09,311.01,1622,37.73,34.7,0,0,0,0,0,0,No_Failure
3232,L50231,L,301.58,312.05,1582,40.48,108.2,0,0,0,0,0,0,No_Failure
3233,M50232,M,300.25,310.99,1786,19.8,170.2,0,0,0,0,0,0,No_Failure
3234,L50233,L,301.75,310.42,1553,40.23,164.6,0,0,0,0,0,0,No_Failure
3235,L50234,L,298.87,310.55,1054,45.84,165.1,0,0,0,0,0,0,No_Failure
3236,L50235,L,301.77,312.25,1851,57.73,4.3,0,0,0,0,0,0,No_Failure
3237,H50236,H,302.03,311.33,1349,50.91,185.7,0,0,0,0,0,0,No_Failure
3238,L50237,L,301.35,310.26,1529,59.3,188.7,0,0,0,0,0,0,No_Failure
3239,L50238,L,300.27,311.26,1518,56.81,138.0,0,0,0,0,0,0,No_Failure
3240,L50239,L,301.43,311.64,1543,53.95,185.0,0,0,0,0,0,0,No_Failure
3241,H50240,H,298.21,308.69,1509,40.26,0.2,0,0,0,0,0,0,No_Failure
3242,M50241,M,300.4,310.42,1512,43.45,42.1,0,0,0,0,0,0,No_Failure
3243,H50242,H,300.6,309.6,1262,23.3,18.8,0,0,0,0,0,0,No_Failure
3244,L50243,L,297.34,307.85,1966,41.3,79.2,0,0,0,0,1,1,RNF
3245,L50244,L,300.95,310.75,1617,45.66,51.5,0,0,0,0,0,0,No_Failure
3246,M50245,M,297.5,307.48,1509,37.17,47.1,0,0,0,0,0,0,No_Failure
3247,L50246,L,299.14,311.52,1832,24.58,106.2,0,0,0,0,0,0,No_Failure
3248,H50247,H,300.08,310.95,1307,55.83,157.8,0,0,0,0,0,0,No_Failure
3249,H50248,H,298.54,309.47,1656,44.06,137.5,0,0,0,0,0,0,No_Failure
3250,L50249,L,300.17,312.89,1400,57.21,211.7,0,0,0,1,0,1,OSF
3251,H50250,H,300.13,310.52,1572,47.42,99.6,0,0,0,0,0,0,No_Failure
3252,M50251,M,298.36,308.48,1576,53.68,103.2,0,0,1,0,0,1,PWF
3253,L50252,L,301.14,310.46,1079,51.63,2.7,0,0,0,0,0,0,No_Failure
3254,L50253,L,298.47,308.02,1242,33.21,192.3,0,0,0,0,0,0,No_Failure
3255,L50254,L,304.58,312.53,1786,34.91,152.4,0,0,0,0,0,0,No_Failure
3256,H50255,H,299.78,310.57,1455,35.72,31.8,0,0,0,0,0,0,No_Failure
3257,L50256,L,297.66,306.39,1860,30.34,48.5,0,0,0,0,0,0,No_Failure
3258,L50257,L,298.03,308.93,1736,57.65,43.3,0,0,0,0,0,0,No_Failure
3259,M50258,M,302.3,312.25,1460,40.42,103.1,0,0,0,0,0,0,No_Failure
3260,L50259,L,299.18,309.31,1444,44.6,9.6,0,0,0,0,0,0,No_Failure
3261,L50260,L,297.27,307.23,1797,26.69,197.0,0,0,0,0,0,0,No_Failure
3262,M50261,M,301.71,313.09,1879,48.19,80.5,0,0,1,0,0,1,PWF
3263,L50262,L,299.17,310.38,1448,35.91,232.4,0,0,0,0,0,0,No_Failure
3264,L50263,L,301.31,311.28,1777,52.61,68.7,0,0,0,0,0,0,No_Failure
3265,L50264,L,301.87,310.97,1685,33.15,92.7,0,0,0,0,0,0,No_Failure
3266,L50265,L,300.55,311.47,1716,53.32,233.0,1,0,1,1,0,1,TWF
3267,L50266,L,304.79,313.82,1518,49.41,42.6,0,0,0,0,0,0,No_Failure
3268,M50267,M,296.55,305.0,1379,35.34,214.0,0,0,0,0,0,0,No_Failure
3269,H50268,H,298.36,308.86,1310,54.18,38.3,0,0,0,0,0,0,No_Failure
3270,L50269,L,299.49,310.71,1265,51.49,125.3,0,0,0,0,0,0,No_Failure
3271,H50270,H,304.52,314.12,1844,44.9,221.1,0,0,0,0,0,0,No_Failure
3272,M50271,M,303.6,314.0,1502,30.06,40.4,0,0,0,0,0,0,No_Failure
3273,M50272,M,302.58,312.16,1294,48.0,9.5,0,0,0,0,0,0,No_Failure
3274,M50273,M,298.41,309.13,1680,40.66,60.6,0,0,0,0,0,0,No_Failure
3275,M50274,M,298.64,309.74,1414,40.49,66.3,0,0,0,0,0,0,No_Failure
3276,H50275,H,298.34,308.08,1383,40.74,103.0,0,0,1,0,0,1,PWF
3277,L50276,L,298.43,307.41,1872,39.7,188.2,0,0,0,0,0,0,No_Failure
3278,M50277,M,302.99,311.53,1260,31.34,12.1,0,1,0,0,0,1,HDF
3279,L50278,L,299.51,310.44,1542,24.85,144.7,0,0,0,0,0,0,No_Failure
3280,L50279,L,299.78,308.64,1394,22.78,183.5,0,0,1,0,0,1,PWF
3281,M50280,M,301.55,311.92,1365,42.99,204.2,0,0,0,0,0,0,No_Failure
3282,L50281,L,296.67,307.45,1237,15.76,244.5,0,0,0,0,0,0,No_Failure
3283,L50282,L,300.11,309.6,1511,47.26,208.8,0,0,0,0,0,0,No_Failure
3284,L50283,L,297.81,307.64,1343,45.06,26.1,0,0,0,0,0,0,No_Failure
3285,L50284,L,299.41,310.41,1606,36.97,44.5,0,0,0,0,0,0,No_Failure
3286,M50285,M,298.83,308.02,1492,50.27,182.3,0,0,0,0,0,0,No_Failure
3287,M50286,M,298.72,307.81,1444,37.4,53.6,0,0,0,0,0,0,No_Failure
3288,L50287,L,300.45,310.22,1344,44.19,62.5,0,0,0,0,0,0,No_Failure
3289,L50288,L,300.44,311.72,1758,20.42,214.8,0,0,0,0,0,0,No_Failure
3290,L50289,L,299.56,311.17,1632,17.58,116.8,0,0,1,0,0,1,PWF
3291,L50290,L,300.74,310.64,1377,37.65,100.4,0,0,0,0,0,0,No_Failure
3292,M50291,M,298.26,307.55,1255,44.23,118.7,0,0,0,0,0,0,No_Failure
3293,M50292,M,301.36,312.43,1160,49.5,64.9,0,0,0,0,0,0,No_Failure
3294,L50293,L,299.59,307.92,1705,38.23,22.1,0,0,0,0,0,0,No_Failure
3295,L50294,L,299.03,309.28,1664,42.47,247.2,1,0,0,0,0,1,TWF
3296,H50295,H,298.41,308.37,1688,47.86,73.9,0,0,0,0,0,0,No_Failure
3297,M50296,M,299.52,310.81,1478,38.72,129.5,0,0,0,0,0,0,No_Failure
3298,L50297,L,303.74,315.14,1645,45.87,14.8,0,0,0,0,0,0,No_Failure
3299,L50298,L,299.87,308.93,1685,28.71,37.7,0,0,0,0,0,0,No_Failure
3300,L50299,L,297.71,307.88,1487,23.44,25.8,0,0,0,0,0,0,No_Failure
3301,H50300,H,301.84,311.27,1436,34.66,12.9,0,0,1,0,0,1,PWF
3302,L50301,L,299.06,308.76,1324,47.75,164.7,0,0,0,0,0,0,No_Failure
3303,L50302,L,300.57,311.18,1577,32.89,4.3,0,0,0,0,0,0,No_Failure
3304,H50303,H,298.79,308.45,1601,46.51,115.6,0,0,0,0,0,0,No_Failure
3305,M50304,M,302.56,312.76,1427,29.73,168.2,0,0,0,0,0,0,No_Failure
3306,L50305,L,298.82,309.78,1448,34.17,91.9,0,0,0,0,0,0,No_Failure
3307,L50306,L,302.8,314.31,1461,42.42,38.0,0,0,0,0,0,0,No_Failure
3308,L50307,L,297.9,308.19,1642,33.33,56.5,0,0,0,0,0,0,No_Failure
3309,M50308,M,299.41,309.53,1253,35.02,38.9,0,0,0,0,0,0,No_Failure
3310,L50309,L,302.8,311.69,1301,13.92,74.7,0,0,1,0,0,1,PWF
3311,H50310,H,300.34,311.92,1305,48.39,90.1,0,0,0,0,0,0,No_Failure
3312,H50311,H,304.54,315.04,1473,38.81,100.4,0,0,0,0,0,0,No_Failure
3313,M50312,M,299.46,309.6,1557,30.55,56.4,0,0,0,0,0,0,No_Failure
3314,M50313,M,300.51,310.6,1308,58.33,59.3,0,0,0,0,0,0,No_Failure
3315,L50314,L,303.81,314.17,1664,32.11,161.8,0,0,0,0,0,0,No_Failure
3316,L50315,L,296.97,307.74,1763,34.84,5.8,0,0,0,0,0,0,No_Failure
3317,M50316,M,296.72,307.62,1574,30.38,111.7,0,0,0,0,0,0,No_Failure
3318,L50317,L,298.41,310.02,1702,51.04,235.1,0,0,0,0,0,0,No_Failure
3319,L50318,L,301.63,311.87,1335,54.34,192.6,0,0,0,0,0,0,No_Failure
3320,L50319,L,296.78,308.53,1340,53.34,84.2,0,0,0,0,0,0,No_Failure
3321,L50320,L,301.19,312.25,1593,53.24,138.8,0,0,0,0,0,0,No_Failure
3322,L50321,L,301.05,310.99,1493,34.03,248.4,0,0,0,0,0,0,No_Failure
3323,M50322,M,304.03,312.36,1339,56.72,181.2,0,1,0,0,0,1,HDF
3324,H50323,H,302.09,312.18,1757,38.04,149.2,0,0,0,0,0,0,No_Failure
3325,M50324,M,300.73,312.29,1554,24.57,141.5,0,0,0,0,0,0,No_Failure
3326,H50325,H,302.72,311.94,1626,35.74,226.2,0,0,0,0,0,0,No_Failure
3327,L50326,L,301.08,311.16,1379,43.26,49.3,0,0,0,0,0,0,No_Failure
3328,H50327,H,299.08,309.25,1802,33.55,146.4,0,0,0,0,0,0,No_Failure
3329,M50328,M,297.71,308.65,1472,41.47,88.6,0,0,0,0,0,0,No_Failure
3330,L50329,L,298.86,308.47,1683,45.37,118.4,0,0,0,0,1,1,RNF
3331,H50330,H,299.92,309.05,1395,44.11,10.1,0,0,0,0,0,0,No_Failure
3332,L50331,L,300.35,310.92,1530,46.55,200.7,0,0,0,0,0,0,No_Failure
3333,L50332,L,295.73,304.99,1600,38.2,46.6,0,0,1,0,0,1,PWF
3334,L50333,L,299.56,307.73,1859,32.73,142.4,0,0,0,0,0,0,No_Failure
3335,L50334,L,300.06,311.9,1421,25.3,233.6,0,0,0,0,0,0,No_Failure
3336,L50335,L,301.1,312.02,1536,39.12,65.1,0,0,0,0,0,0,No_Failure
3337,M50336,M,303.25,315.14,1607,34.63,82.9,0,0,0,0,0,0,No_Failure
3338,H50337,H,300.37,311.25,1245,38.82,102.7,0,0,0,0,0,0,No_Failure
3339,L50338,L,298.18,308.86,1109,19.29,137.6,0,0,1,0,0,1,PWF
3340,M50339,M,296.36,306.73,1321,24.82,58.2,0,0,0,0,0,0,No_Failure
3341,L50340,L,301.37,311.19,1674,45.1,186.8,0,0,0,0,0,0,No_Failure
3342,H50341,H,298.26,308.77,1809,23.65,159.3,0,0,0,0,0,0,No_Failure
3343,L50342,L,301.73,311.18,1334,38.1,23.6,0,0,0,0,0,0,No_Failure
3344,L50343,L,302.79,311.73,1281,31.69,128.9,0,0,0,0,0,0,No_Failure
3345,M50344,M,296.91,306.58,1776,31.06,91.0,0,0,1,0,0,1,PWF
3346,M50345,M,301.11,312.4,1398,40.85,88.7,0,0,0,0,0,0,No_Failure
3347,M50346,M,302.59,311.35,1433,40.29,248.7,0,0,0,0,0,0,No_Failure
3348,M50347,M,302.04,310.82,1763,45.46,102.6,0,0,0,0,0,0,No_Failure
3349,M50348,M,295.81,306.4,1733,28.98,6.1,0,0,0,0,0,0,No_Failure
3350,L50349,L,298.29,307.88,1668,31.16,89.8,0,0,0,0,0,0,No_Failure
3351,L50350,L,297.44,307.93,1192,51.23,151.7,0,0,0,0,0,0,No_Failure
3352,L50351,L,301.05,312.04,1273,37.75,133.5,0,0,0,0,0,0,No_Failure
3353,L50352,L,300.83,311.29,1702,43.66,19.5,0,0,0,0,0,0,No_Failure
3354,L50353,L,294.6,303.97,1557,35.03,42.6,0,0,0,0,0,0,No_Failure
3355,L50354,L,299.4,310.68,1360,44.55,194.6,0,0,0,0,0,0,No_Failure
3356,L50355,L,301.6,312.34,1438,15.11,1.8,0,0,0,0,0,0,No_Failure
3357,M50356,M,300.3,310.32,1700,51.51,58.3,0,0,0,0,0,0,No_Failure
3358,L50357,L,300.29,310.27,1775,35.45,248.1,0,0,0,0,0,0,No_Failure
3359,M50358,M,299.27,309.64,1499,27.51,165.9,0,0,0,0,0,0,No_Failure
3360,M50359,M,297.88,307.57,1376,29.38,62.1,0,0,0,0,0,0,No_Failure
3361,L50360,L,299.97,308.33,1450,37.36,49.1,0,0,0,0,0,0,No_Failure
3362,L50361,L,300.1,310.85,1742,38.9,105.4,0,0,0,0,0,0,No_Failure
3363,M50362,M,301.23,311.92,1738,41.41,163.3,0,0,0,0,0,0,No_Failure
3364,M50363,M,301.39,309.09,1535,28.07,43.3,0,0,0,0,0,0,No_Failure
3365,L50364,L,300.17,310.68,1405,48.71,189.2,0,0,0,0,0,0,No_Failure
3366,L50365,L,302.19,313.95,1695,34.76,10.6,0,0,0,0,0,0,No_Failure
3367,M50366,M,299.25,308.12,1792,34.26,49.1,0,0,0,0,0,0,No_Failure
3368,M50367,M,297.11,307.04,1238,37.74,149.3,0,0,0,0,0,0,No_Failure
3369,L50368,L,300.95,310.77,1458,46.63,178.7,0,0,0,0,0,0,No_Failure
3370,L50369,L,300.25,311.91,1708,39.66,170.1,0,0,0,0,0,0,No_Failure
3371,H50370,H,300.99,312.11,1513,34.58,66.2,0,0,0,0,0,0,No_Failure
3372,L50371,L,297.47,306.59,1412,36.76,97.5,0,0,0,0,0,0,No_Failure
3373,H50372,H,303.58,313.92,1533,52.19,9.5,0,0,0,0,0,0,No_Failure
3374,L50373,L,301.42,313.72,1567,50.55,0.1,0,0,0,0,0,0,No_Failure
3375,M50374,M,299.42,308.8,1297,43.66,105.4,0,0,0,0,0,0,No_Failure
3376,L50375,L,298.13,308.12,1516,41.49,137.5,0,0,0,0,0,0,No_Failure
3377,L50376,L,302.15,312.67,1566,63.14,207.7,0,0,0,0,0,0,No_Failure
3378,H50377,H,297.8,307.19,1412,44.64,243.6,1,0,0,0,0,1,TWF
3379,L50378,L,304.52,316.29,1360,41.81,151.6,0,0,0,0,0,0,No_Failure
3380,H50379,H,298.77,308.3,1403,37.98,206.6,0,0,0,0,0,0,No_Failure
3381,L50380,L,303.44,312.05,1325,43.57,33.0,0,0,0,0,0,0,No_Failure
3382,H50381,H,299.63,309.11,1653,9.55,206.6,0,0,1,0,0,1,PWF
3383,H50382,H,303.16,313.81,1323,50.28,64.1,0,0,0,0,0,0,No_Failure
3384,M50383,M,298.53,307.73,1534,27.28,103.7,0,0,0,0,0,0,No_Failure
3385,L50384,L,300.04,310.34,1433,32.82,5.4,0,0,0,0,0,0,No_Failure
3386,M50385,M,301.61,312.17,1373,26.0,118.4,0,0,0,0,0,0,No_Failure
3387,M50386,M,301.32,310.12,1747,32.64,164.8,0,0,0,0,0,0,No_Failure
3388,H50387,H,302.2,311.64,1476,36.6,63.8,0,0,0,0,0,0,No_Failure
3389,L50388,L,299.03,309.37,1380,48.89,204.6,0,0,0,0,0,0,No_Failure
3390,L50389,L,300.17,310.87,1362,52.89,234.3,0,0,0,0,0,0,No_Failure
3391,L50390,L,302.5,311.96,1561,59.41,144.4,0,0,1,0,0,1,PWF
3392,M50391,M,298.59,308.74,1649,41.02,61.7,0,0,0,0,0,0,No_Failure
3393,H50392,H,301.15,310.86,1729,37.81,178.4,0,0,0,0,0,0,No_Failure
3394,L50393,L,299.56,310.29,1470,47.8,74.5,0,0,0,0,0,0,No_Failure
3395,M50394,M,300.41,310.93,1459,31.46,41.2,0,0,0,0,0,0,No_Failure
3396,H50395,H,300.17,309.8,1524,30.34,72.2,0,0,0,0,0,0,No_Failure
3397,L50396,L,298.42,308.9,1530,36.33,111.1,0,0,0,0,0,0,No_Failure
3398,L50397,L,299.48,309.07,1361,39.66,57.1,0,0,0,0,0,0,No_Failure
3399,M50398,M,300.29,310.75,1763,19.33,85.3,0,1,0,0,0,1,HDF
3400,M50399,M,299.79,310.27,1504,50.67,100.1,0,0,0,0,0,0,No_Failure
3401,L50400,L,303.15,315.52,1596,42.4,190.7,0,0,0,0,0,0,No_Failure
3402,H50401,H,302.02,311.68,1576,47.98,217.0,0,0,0,0,0,0,No_Failure
3403,M50402,M,300.58,310.44,1573,24.3,208.7,0,0,0,0,0,0,No_Failure
3404,H50403,H,298.47,307.83,1319,33.35,48.9,0,0,0,0,0,0,No_Failure
3405,H50404,H,298.35,307.32,1499,32.84,204.9,0,0,0,0,0,0,No_Failure
3406,H50405,H,303.95,313.49,1911,37.97,162.1,0,0,0,0,0,0,No_Failure
3407,M50406,M,297.98,308.65,1786,39.66,60.2,0,0,0,0,0,0,No_Failure
3408,L50407,L,300.23,310.97,1528,48.7,95.1,0,0,0,0,0,0,No_Failure
3409,M50408,M,300.72,311.02,1434,40.99,87.4,0,0,1,0,0,1,PWF
3410,L50409,L,299.38,309.08,1101,32.59,110.1,0,0,0,0,0,0,No_Failure
3411,M50410,M,298.0,307.5,1410,61.88,213.7,1,0,0,0,0,1,TWF
3412,L50411,L,298.43,307.51,1486,37.34,104.1,0,0,1,0,0,1,PWF
3413,M50412,M,298.91,308.35,1443,30.93,13.8,0,0,0,0,0,0,No_Failure
3414,L50413,L,298.58,307.29,1455,21.15,186.5,0,0,0,0,0,0,No_Failure
3415,L50414,L,302.66,314.01,1612,40.9,199.1,0,0,0,0,0,0,No_Failure
3416,L50415,L,299.98,311.82,1320,46.91,144.8,0,0,0,0,0,0,No_Failure
3417,M50416,M,298.95,307.02,1549,28.6,120.2,0,0,0,0,0,0,No_Failure
3418,M50417,M,300.21,310.5,1480,46.25,195.3,0,0,0,0,0,0,No_Failure
3419,L50418,L,301.34,311.61,1341,40.84,5.6,0,0,0,0,0,0,No_Failure
3420,H50419,H,299.31,309.52,1801,22.27,147.8,0,0,0,0,0,0,No_Failure
3421,H50420,H,301.8,311.21,1635,46.26,240.8,0,0,0,0,0,0,No_Failure
3422,L50421,L,297.46,308.48,1358,37.35,201.0,0,0,0,0,0,0,No_Failure
3423,M50422,M,302.34,312.75,1593,28.74,69.7,0,0,0,0,0,0,No_Failure
3424,L50423,L,299.98,311.02,1250,49.57,232.2,0,0,0,1,0,1,OSF
3425,L50424,L,299.9,309.17,1381,49.38,51.2,0,0,0,0,0,0,No_Failure
3426,M50425,M,298.61,307.23,1739,28.52,138.4,0,0,0,0,0,0,No_Failure
3427,L50426,L,297.54,307.98,1563,42.93,158.1,0,0,0,0,0,0,No_Failure
3428,H50427,H,296.67,305.7,1549,42.03,8.6,0,0,0,0,0,0,No_Failure
3429,H50428,H,298.47,309.53,1678,39.32,32.2,0,0,0,0,0,0,No_Failure
3430,H50429,H,301.18,309.05,1610,34.84,137.7,0,0,0,0,0,0,No_Failure
3431,M50430,M,298.08,307.61,1452,38.52,45.8,0,0,0,0,0,0,No_Failure
3432,M50431,M,296.9,306.29,1669,49.39,106.0,0,0,0,0,0,0,No_Failure
3433,H50432,H,298.18,307.85,1196,44.09,178.6,0,0,0,0,0,0,No_Failure
3434,L50433,L,299.23,309.49,1380,20.72,158.2,0,0,0,0,0,0,No_Failure
3435,L50434,L,299.31,309.71,1483,18.57,221.2,0,0,1,0,0,1,PWF
3436,M50435,M,299.74,310.38,1599,21.43,233.1,0,0,0,0,0,0,No_Failure
3437,L50436,L,302.07,312.82,1442,26.42,234.4,0,0,0,0,0,0,No_Failure
3438,L50437,L,302.5,312.33,1179,32.45,99.3,0,0,0,0,0,0,No_Failure
3439,L50438,L,304.01,316.12,1154,35.47,30.8,0,0,0,0,0,0,No_Failure
3440,M50439,M,296.75,308.14,1488,39.34,168.8,0,0,0,0,0,0,No_Failure
3441,L50440,L,298.29,307.98,1414,39.66,232.5,0,0,0,0,0,0,No_Failure
3442,L50441,L,301.4,311.26,1336,39.51,194.6,0,0,0,0,0,0,No_Failure
3443,L50442,L,299.09,308.76,1306,51.44,176.3,0,0,0,0,0,0,No_Failure
3444,L50443,L,301.72,312.08,1524,23.23,203.1,0,0,0,0,0,0,No_Failure
3445,H50444,H,300.41,309.44,1734,43.34,103.7,0,0,0,0,0,0,No_Failure
3446,L50445,L,303.16,312.37,1524,43.29,126.9,0,0,0,0,0,0,No_Failure
3447,M50446,M,302.09,309.92,1737,27.37,50.6,0,0,0,0,0,0,No_Failure
3448,M50447,M,302.12,311.72,1433,45.34,169.9,0,0,0,0,0,0,No_Failure
3449,L50448,L,299.18,310.24,1580,43.73,88.0,0,0,0,0,0,0,No_Failure
3450,H50449,H,299.81,309.65,1743,39.57,67.7,0,0,0,0,0,0,No_Failure
3451,M50450,M,299.39,309.29,1472,15.82,63.4,0,0,0,0,0,0,No_Failure
3452,M50451,M,296.99,307.27,1505,49.64,129.2,0,0,0,0,0,0,No_Failure
3453,L50452,L,302.94,311.94,1433,42.27,136.6,0,0,0,0,0,0,No_Failure
3454,L50453,L,301.49,311.52,1607,44.04,209.0,0,0,0,0,0,0,No_Failure
3455,H50454,H,299.31,310.2,1662,6.09,231.8,0,0,0,0,0,0,No_Failure
3456,M50455,M,302.61,312.92,1563,34.68,78.2,0,0,0,0,0,0,No_Failure
3457,H50456,H,298.74,309.72,1459,25.66,84.0,0,0,0,0,0,0,No_Failure
3458,H50457,H,296.32,307.59,1230,52.93,71.1,0,0,0,0,0,0,No_Failure
3459,L50458,L,302.01,312.68,1491,28.95,76.4,0,0,0,0,0,0,No_Failure
3460,M50459,M,297.44,306.73,1465,54.79,184.3,0,0,0,0,0,0,No_Failure
3461,L50460,L,299.61,309.26,1542,49.53,159.2,0,0,0,0,0,0,No_Failure
3462,M50461,M,300.41,312.34,1521,42.21,19.7,0,0,0,0,0,0,No_Failure
3463,L50462,L,300.77,311.09,1783,51.35,144.9,0,0,1,0,0,1,PWF
3464,L50463,L,301.7,311.88,1375,30.56,214.5,0,0,0,0,0,0,No_Failure
3465,M50464,M,301.16,310.3,1216,32.35,15.2,0,0,0,0,0,0,No_Failure
3466,M50465,M,301.1,311.01,1294,49.22,229.1,0,0,0,0,0,0,No_Failure
3467,M50466,M,298.42,309.13,1386,30.6,65.0,0,0,0,0,0,0,No_Failure
3468,L50467,L,300.59,310.6,1695,26.74,82.9,0,0,0,0,0,0,No_Failure
3469,L50468,L,296.99,306.47,1266,36.79,101.1,0,0,0,0,0,0,No_Failure
3470,H50469,H,303.12,312.84,1291,31.18,36.0,0,0,0,0,0,0,No_Failure
3471,L50470,L,297.19,308.39,1575,58.65,24.9,0,0,1,0,0,1,PWF
3472,L50471,L,299.31,309.97,1653,47.75,60.9,0,0,0,0,0,0,No_Failure
3473,M50472,M,297.36,307.9,1221,34.24,1.4,0,0,0,0,0,0,No_Failure
3474,L50473,L,298.54,308.98,1181,29.99,146.0,0,0,0,0,0,0,No_Failure
3475,M50474,M,300.03,308.84,1358,43.39,34.0,0,0,0,0,1,1,RNF
3476,L50475,L,298.94,309.21,1618,51.88,23.6,0,0,0,0,0,0,No_Failure
3477,H50476,H,302.29,313.36,1526,42.91,142.5,0,0,0,0,0,0,No_Failure
3478,H50477,H,300.45,310.19,1365,30.49,149.9,0,0,0,0,0,0,No_Failure
3479,H50478,H,299.07,310.05,1633,25.63,167.0,0,0,0,0,0,0,No_Failure
3480,M50479,M,299.73,310.28,1522,36.22,127.5,0,0,0,0,0,0,No_Failure
3481,L50480,L,302.44,313.27,1481,43.16,223.7,0,0,0,0,0,0,No_Failure
3482,M50481,M,301.82,311.87,1209,35.3,31.6,0,0,0,0,0,0,No_Failure
3483,H50482,H,297.72,308.61,1361,50.08,198.9,0,0,0,0,0,0,No_Failure
3484,M50483,M,298.64,307.17,1852,45.27,104.0,0,0,0,0,0,0,No_Failure
3485,M50484,M,300.95,310.98,1439,42.37,228.6,0,0,0,0,0,0,No_Failure
3486,M50485,M,300.71,311.42,1328,45.07,59.3,0,0,0,0,0,0,No_Failure
3487,M50486,M,297.9,308.2,1431,26.11,239.8,0,0,0,0,0,0,No_Failure
3488,M50487,M,301.5,312.59,1521,35.02,219.4,0,0,0,0,0,0,No_Failure
3489,L50488,L,298.22,308.06,1659,29.6,43.8,0,0,0,0,0,0,No_Failure
3490,L50489,L,302.61,312.06,1612,43.84,110.0,0,0,0,0,0,0,No_Failure
3491,M50490,M,301.06,309.42,1378,29.75,61.5,0,0,0,0,0,0,No_Failure
3492,L50491,L,297.74,307.46,1729,40.82,35.9,0,0,0,0,0,0,No_Failure
3493,H50492,H,298.94,309.46,1647,38.35,98.2,0,0,0,0,0,0,No_Failure
3494,M50493,M,298.91,309.67,1420,46.0,135.4,0,0,0,0,0,0,No_Failure
3495,L50494,L,300.32,308.92,1477,28.03,101.6,0,0,0,0,0,0,No_Failure
3496,H50495,H,299.59,310.77,1608,44.52,83.9,0,0,0,0,0,0,No_Failure
3497,M50496,M,297.71,306.73,1693,29.31,83.0,0,0,0,0,0,0,No_Failure
3498,M50497,M,297.21,307.09,1227,30.36,40.7,0,0,0,0,0,0,No_Failure
3499,L50498,L,301.1,310.53,1513,38.57,56.4,0,0,0,0,0,0,No_Failure
3500,H50499,H,300.57,310.99,1494,51.94,133.9,0,0,0,0,0,0,No_Failure
3501,L50500,L,300.21,310.31,1397,31.58,40.2,0,0,0,0,0,0,No_Failure
3502,M50501,M,300.54,311.22,1396,22.22,209.9,0,0,0,0,0,0,No_Failure
3503,L50502,L,298.76,310.61,1690,30.55,186.3,0,0,0,0,0,0,No_Failure
3504,M50503,M,300.37,310.77,1596,36.15,250.2,1,0,0,0,0,1,TWF
3505,M50504,M,305.08,314.5,1879,58.69,80.1,0,0,0,0,0,0,No_Failure
3506,M50505,M,302.35,312.81,1397,43.88,46.1,0,0,0,0,0,0,No_Failure
3507,L50506,L,299.42,311.37,1525,32.47,19.1,0,0,0,0,0,0,No_Failure
3508,H50507,H,298.95,309.61,1556,38.59,88.5,0,0,0,0,0,0,No_Failure
3509,M50508,M,294.28,305.22,1661,55.71,233.0,0,0,1,0,0,1,PWF
3510,L50509,L,302.14,310.54,1745,37.6,149.6,0,0,0,0,0,0,No_Failure
3511,H50510,H,301.57,311.96,1517,37.72,242.5,1,0,0,0,0,1,TWF
3512,M50511,M,298.91,308.64,1303,35.95,231.2,0,0,0,0,0,0,No_Failure
3513,H50512,H,297.14,306.46,1372,46.96,96.1,0,0,0,0,0,0,No_Failure
3514,H50513,H,297.69,307.67,1526,34.75,110.8,0,0,0,0,0,0,No_Failure
3515,H50514,H,300.89,311.0,1702,48.72,75.7,0,0,0,0,0,0,No_Failure
3516,M50515,M,299.82,309.2,1240,50.63,187.7,0,0,0,0,0,0,No_Failure
3517,M50516,M,301.38,311.57,1289,46.13,144.1,0,0,0,0,0,0,No_Failure
3518,L50517,L,300.17,310.0,1636,37.76,16.0,0,0,0,0,0,0,No_Failure
3519,M50518,M,301.93,312.64,1267,26.02,232.4,1,0,0,0,0,1,TWF
3520,M50519,M,300.74,310.97,1297,37.76,198.7,0,0,0,0,0,0,No_Failure
3521,M50520,M,301.66,312.03,1705,33.31,236.0,0,0,0,0,0,0,No_Failure
3522,H50521,H,295.82,306.8,1460,32.21,63.1,0,0,1,0,0,1,PWF
3523,L50522,L,297.53,308.09,1446,37.61,190.5,0,0,0,0,0,0,No_Failure
3524,L50523,L,299.27,309.27,1746,44.79,160.4,0,0,0,0,0,0,No_Failure
3525,M50524,M,302.16,310.07,1309,33.77,31.2,0,0,0,0,0,0,No_Failure
3526,L50525,L,303.76,314.27,1272,26.25,65.7,0,0,0,0,0,0,No_Failure
3527,L50526,L,299.67,308.76,1793,30.41,48.5,0,0,0,0,0,0,No_Failure
3528,L50527,L,298.78,308.69,1542,56.9,38.8,0,0,0,0,0,0,No_Failure
3529,H50528,H,296.09,306.46,1622,45.49,164.3,0,0,0,0,0,0,No_Failure
3530,L50529,L,301.73,313.06,1444,30.42,219.1,0,0,0,0,0,0,No_Failure
3531,L50530,L,298.9,310.74,1481,52.89,249.9,0,0,0,1,0,1,OSF
3532,L50531,L,305.92,315.0,1373,37.6,54.4,0,0,0,0,0,0,No_Failure
3533,L50532,L,298.52,307.21,1557,62.78,170.6,0,0,0,0,0,0,No_Failure
3534,L50533,L,304.21,314.54,1650,42.62,19.8,0,0,0,0,0,0,No_Failure
3535,M50534,M,301.5,311.74,1535,45.66,60.5,0,0,0,0,0,0,No_Failure
3536,M50535,M,297.94,306.74,1691,48.37,214.4,0,0,0,0,0,0,No_Failure
3537,L50536,L,300.46,310.45,1619,54.86,238.2,0,0,0,0,0,0,No_Failure
3538,M50537,M,301.54,312.14,1311,35.61,245.6,0,0,0,0,0,0,No_Failure
3539,L50538,L,299.55,308.32,1474,54.0,117.5,0,0,0,0,0,0,No_Failure
3540,L50539,L,301.68,310.68,1419,33.76,186.2,0,0,0,0,0,0,No_Failure
3541,H50540,H,301.63,310.99,1636,36.39,93.4,0,0,0,0,0,0,No_Failure
3542,M50541,M,301.19,310.98,1583,40.09,177.4,0,0,0,0,0,0,No_Failure
3543,H50542,H,299.97,310.66,1523,49.2,38.5,0,0,1,0,0,1,PWF
3544,L50543,L,297.65,307.32,1682,36.7,30.9,0,0,0,0,0,0,No_Failure
3545,L50544,L,299.85,309.9,1164,56.51,248.9,0,0,0,1,0,1,OSF
3546,L50545,L,300.35,312.6,1391,53.26,78.8,0,0,0,0,0,0,No_Failure
3547,L50546,L,296.25,305.29,1407,40.4,227.0,0,0,0,0,0,0,No_Failure
3548,H50547,H,300.34,309.69,1545,30.34,5.8,0,0,0,0,0,0,No_Failure
3549,L50548,L,299.81,310.48,1600,50.01,210.4,0,0,0,0,0,0,No_Failure
3550,H50549,H,297.41,308.39,1500,19.04,237.0,0,0,1,0,0,1,PWF
3551,H50550,H,299.33,309.75,1263,47.41,3.9,0,0,0,0,0,0,No_Failure
3552,M50551,M,299.38,311.19,1573,31.76,98.5,0,0,0,0,0,0,No_Failure
3553,L50552,L,303.86,314.18,1523,52.56,204.5,0,0,1,0,0,1,PWF
3554,M50553,M,300.44,308.46,1236,26.14,1.1,0,1,1,0,0,1,HDF
3555,L50554,L,302.07,312.17,1447,33.38,77.1,0,0,0,0,0,0,No_Failure
3556,M50555,M,299.76,309.19,1567,44.38,65.3,0,0,0,0,0,0,No_Failure
3557,L50556,L,296.25,307.64,1798,46.02,33.8,0,0,0,0,0,0,No_Failure
3558,H50557,H,301.34,312.31,1304,33.74,22.3,0,0,0,0,0,0,No_Failure
3559,M50558,M,298.68,307.09,1642,36.68,63.0,0,0,0,0,0,0,No_Failure
3560,M50559,M,299.33,310.68,1306,49.53,50.6,0,0,0,0,0,0,No_Failure
3561,M50560,M,297.89,308.83,1271,50.07,246.5,1,0,0,0,0,1,TWF
3562,M50561,M,300.15,309.82,1282,36.48,5.6,0,0,0,0,0,0,No_Failure
3563,H50562,H,302.13,312.05,1609,33.93,32.8,0,0,0,0,0,0,No_Failure
3564,L50563,L,301.87,313.26,1523,26.31,204.2,0,0,0,0,0,0,No_Failure
3565,H50564,H,303.17,311.2,1443,42.54,192.9,0,0,0,0,0,0,No_Failure
3566,H50565,H,303.46,313.9,1582,48.13,118.5,0,0,0,0,0,0,No_Failure
3567,H50566,H,295.91,307.0,1507,41.51,97.5,0,0,0,0,0,0,No_Failure
3568,L50567,L,297.61,307.52,1520,30.75,87.6,0,0,0,0,0,0,No_Failure
3569,H50568,H,296.38,307.03,1445,57.87,246.3,1,0,0,0,0,1,TWF
3570,L50569,L,301.26,311.37,1315,18.97,219.4,0,0,1,0,0,1,PWF
3571,M50570,M,298.61,307.83,1804,48.78,66.2,0,0,0,0,0,0,No_Failure
3572,L50571,L,299.02,308.21,1752,42.17,116.7,0,0,0,0,0,0,No_Failure
3573,L50572,L,299.57,310.28,1786,44.69,188.7,0,0,0,0,0,0,No_Failure
3574,L50573,L,300.77,310.13,1403,32.13,208.7,0,0,0,0,0,0,No_Failure
3575,L50574,L,297.03,305.5,1377,38.48,30.9,0,1,0,0,0,1,HDF
3576,L50575,L,297.48,307.6,1425,42.93,241.8,1,0,0,0,0,1,TWF
3577,H50576,H,300.0,309.49,1693,39.14,207.3,0,0,0,0,0,0,No_Failure
3578,L50577,L,302.4,311.2,1500,22.06,127.4,0,0,1,0,0,1,PWF
3579,M50578,M,299.95,310.02,1402,57.13,126.7,0,0,0,0,0,0,No_Failure
3580,L50579,L,298.42,309.18,1565,46.5,128.3,0,0,0,0,0,0,No_Failure
3581,M50580,M,295.7,305.72,1367,40.35,206.4,0,0,0,0,0,0,No_Failure
3582,M50581,M,301.91,310.84,1256,40.99,138.3,0,0,0,0,0,0,No_Failure
3583,L50582,L,298.53,309.01,1523,56.84,205.6,0,0,0,0,0,0,No_Failure
3584,M50583,M,297.71,308.74,1407,32.57,218.5,0,0,0,0,0,0,No_Failure
3585,H50584,H,296.57,308.78,1498,30.32,177.7,0,0,0,0,0,0,No_Failure
3586,H50585,H,297.12,308.56,1017,48.5,11.9,0,0,0,0,0,0,No_Failure
3587,L50586,L,298.08,307.07,1339,44.63,113.3,0,0,0,0,0,0,No_Failure
3588,L50587,L,299.52,310.38,1492,29.9,64.7,0,0,0,0,0,0,No_Failure
3589,M50588,M,297.58,307.84,1227,50.89,11.0,0,0,0,0,0,0,No_Failure
3590,L50589,L,300.37,309.22,1233,42.95,164.1,0,0,0,0,0,0,No_Failure
3591,H50590,H,299.51,309.79,1507,31.02,129.7,0,0,0,0,0,0,No_Failure
3592,L50591,L,304.44,316.36,1626,44.9,15.5,0,0,0,0,0,0,No_Failure
3593,H50592,H,296.59,307.79,1339,43.41,157.3,0,0,0,0,0,0,No_Failure
3594,L50593,L,300.32,309.31,1453,39.12,48.1,0,0,0,0,0,0,No_Failure
3595,L50594,L,300.35,310.36,1457,43.84,237.1,1,0,0,0,0,1,TWF
3596,H50595,H,297.94,308.43,1219,46.26,176.4,0,0,0,0,0,0,No_Failure
3597,H50596,H,300.19,308.46,1713,49.14,0.9,0,0,0,0,0,0,No_Failure
3598,H50597,H,301.54,309.84,1467,41.07,220.5,1,0,0,0,0,1,TWF
3599,H50598,H,300.19,310.35,1469,37.29,16.5,0,0,0,0,0,0,No_Failure
3600,L50599,L,302.77,312.94,1567,42.39,2.9,0,0,0,0,0,0,No_Failure
3601,L50600,L,295.64,303.81,1219,51.91,100.0,0,1,0,0,0,1,HDF
3602,L50601,L,298.32,308.7,1666,46.3,39.4,0,0,0,0,0,0,No_Failure
3603,M50602,M,302.95,314.04,1689,36.73,206.9,0,0,0,0,0,0,No_Failure
3604,L50603,L,301.82,311.61,1525,40.56,239.0,0,0,0,0,0,0,No_Failure
3605,H50604,H,301.08,311.14,1583,56.66,198.2,0,0,1,0,0,1,PWF
3606,L50605,L,302.47,313.04,1441,47.49,93.2,0,0,0,0,0,0,No_Failure
3607,L50606,L,296.17,306.61,1655,41.52,73.9,0,0,0,0,0,0,No_Failure
3608,L50607,L,301.59,309.92,1352,51.4,86.7,0,1,0,0,0,1,HDF
3609,L50608,L,302.13,311.22,1494,34.57,21.9,0,0,0,0,0,0,No_Failure
3610,L50609,L,298.68,308.29,1505,43.29,228.6,1,0,0,0,0,1,TWF
3611,M50610,M,305.26,314.4,1493,58.76,61.7,0,0,0,0,0,0,No_Failure
3612,L50611,L,300.39,311.86,1692,46.54,63.3,0,0,0,0,0,0,No_Failure
3613,M50612,M,295.61,306.25,1894,56.21,181.1,0,0,1,0,0,1,PWF
3614,H50613,H,300.76,309.65,1480,39.16,156.3,0,0,0,0,0,0,No_Failure
3615,M50614,M,298.56,308.35,1585,35.24,242.6,1,0,0,0,0,1,TWF
3616,M50615,M,302.33,313.46,1356,51.6,248.3,1,0,0,0,0,1,TWF
3617,L50616,L,301.1,310.45,1686,21.72,105.6,0,0,0,0,0,0,No_Failure
3618,L50617,L,298.8,309.66,1407,41.8,233.0,0,0,0,0,0,0,No_Failure
3619,L50618,L,303.0,314.39,2066,50.31,241.6,0,0,0,0,0,0,No_Failure
3620,H50619,H,301.88,313.1,1199,45.63,216.6,0,0,0,0,0,0,No_Failure
3621,M50620,M,298.34,308.52,1887,18.97,235.9,0,0,0,0,0,0,No_Failure
3622,L50621,L,299.7,310.95,1678,26.54,151.8,0,0,0,0,0,0,No_Failure
3623,L50622,L,301.03,310.51,1298,38.86,28.9,0,1,0,0,0,1,HDF
3624,H50623,H,299.27,311.76,1918,44.75,217.5,1,0,0,0,0,1,TWF
3625,M50624,M,299.33,309.57,1333,45.14,77.8,0,0,0,0,0,0,No_Failure
3626,M50625,M,300.07,311.22,1443,39.94,234.1,0,0,0,0,0,0,No_Failure
3627,H50626,H,297.87,307.51,1267,47.3,131.4,0,0,0,0,0,0,No_Failure
3628,M50627,M,295.53,306.03,1474,44.37,123.9,0,0,0,0,0,0,No_Failure
3629,M50628,M,300.48,311.02,1491,38.71,210.3,0,0,0,0,0,0,No_Failure
3630,L50629,L,296.02,305.09,1649,45.38,98.2,0,0,0,0,0,0,No_Failure
3631,L50630,L,298.01,307.06,1939,33.53,26.9,0,0,0,0,0,0,No_Failure
3632,H50631,H,296.46,306.25,1408,46.37,198.3,0,0,0,0,0,0,No_Failure
3633,M50632,M,296.7,307.81,1005,31.53,73.5,0,0,0,0,0,0,No_Failure
3634,L50633,L,300.85,309.02,1617,44.87,214.0,0,0,0,0,0,0,No_Failure
3635,M50634,M,299.56,309.19,1401,44.63,231.7,0,0,0,0,0,0,No_Failure
3636,L50635,L,299.48,310.79,1827,37.01,99.2,0,0,0,0,0,0,No_Failure
3637,H50636,H,297.37,306.14,1494,46.35,169.6,0,0,0,0,0,0,No_Failure
3638,L50637,L,298.69,309.94,1363,55.43,4.5,0,0,0,0,0,0,No_Failure
3639,H50638,H,300.75,309.63,1318,29.8,200.9,0,0,0,0,0,0,No_Failure
3640,M50639,M,299.9,308.98,1612,49.54,116.2,0,0,0,0,0,0,No_Failure
3641,L50640,L,301.65,311.5,1450,50.86,66.9,0,0,0,0,0,0,No_Failure
3642,L50641,L,301.93,313.8,1764,37.93,221.4,0,0,0,0,0,0,No_Failure
3643,H50642,H,299.5,308.86,1462,48.01,103.6,0,0,0,0,0,0,No_Failure
3644,L50643,L,296.3,304.56,1755,37.45,208.3,0,0,0,0,0,0,No_Failure
3645,L50644,L,298.49,307.08,1252,52.56,106.4,0,0,1,0,0,1,PWF
3646,M50645,M,299.8,310.74,1187,12.61,240.2,0,0,1,0,0,1,PWF
3647,L50646,L,298.45,307.09,1649,54.45,169.6,0,0,0,0,0,0,No_Failure
3648,L50647,L,297.89,309.08,1416,28.88,168.8,0,0,0,0,0,0,No_Failure
3649,L50648,L,300.14,310.21,1453,40.9,31.3,0,0,0,0,0,0,No_Failure
3650,H50649,H,304.86,314.83,1318,31.86,189.1,0,0,0,0,0,0,No_Failure
3651,L50650,L,299.02,309.32,1305,54.97,131.6,0,0,0,0,0,0,No_Failure
3652,L50651,L,299.99,309.19,1614,37.71,181.7,0,0,0,0,0,0,No_Failure
3653,L50652,L,297.38,307.51,1497,34.58,219.5,0,0,0,0,0,0,No_Failure
3654,L50653,L,302.49,311.29,1309,51.2,177.9,0,0,0,0,0,0,No_Failure
3655,L50654,L,301.75,313.1,1642,47.32,126.3,0,0,0,0,0,0,No_Failure
3656,L50655,L,301.61,310.58,1711,36.66,215.6,0,0,0,0,0,0,No_Failure
3657,L50656,L,302.72,313.16,1480,30.09,186.8,0,0,0,0,0,0,No_Failure
3658,L50657,L,299.15,308.11,1681,28.74,193.5,0,0,0,0,0,0,No_Failure
3659,H50658,H,299.4,308.86,1320,52.75,230.6,1,0,0,0,0,1,TWF
3660,L50659,L,303.42,313.05,1604,44.19,34.9,0,0,0,0,0,0,No_Failure
3661,L50660,L,301.27,314.25,1529,41.73,126.3,0,0,0,0,0,0,No_Failure
3662,H50661,H,295.56,305.55,1358,44.92,31.4,0,0,0,0,0,0,No_Failure
3663,H50662,H,300.91,310.09,1870,20.51,189.7,0,0,0,0,0,0,No_Failure
3664,M50663,M,298.84,308.39,1542,36.75,109.3,0,0,0,0,0,0,No_Failure
3665,L50664,L,301.8,310.29,1394,37.02,182.2,0,0,0,0,0,0,No_Failure
3666,L50665,L,300.82,310.65,1504,49.81,30.8,0,0,0,0,0,0,No_Failure
3667,L50666,L,296.52,308.37,1343,25.31,156.9,0,0,0,0,0,0,No_Failure
3668,L50667,L,300.54,310.87,1292,50.54,28.5,0,0,0,0,0,0,No_Failure
3669,L50668,L,300.42,311.32,1419,57.94,89.3,0,0,0,0,0,0,No_Failure
3670,M50669,M,300.73,309.82,1431,22.81,135.5,0,0,0,0,0,0,No_Failure
3671,L50670,L,301.15,310.95,1355,40.17,175.0,0,0,0,0,0,0,No_Failure
3672,M50671,M,302.99,313.2,1725,44.99,126.8,0,0,0,0,0,0,No_Failure
3673,L50672,L,300.83,310.1,1362,48.73,184.9,0,0,0,0,0,0,No_Failure
3674,L50673,L,300.05,310.45,1332,18.35,44.0,0,0,0,0,0,0,No_Failure
3675,M50674,M,302.3,312.91,1287,43.38,162.4,0,0,0,0,0,0,No_Failure
3676,H50675,H,304.49,315.03,1269,37.81,97.6,0,0,0,0,0,0,No_Failure
3677,L50676,L,301.83,311.68,1685,37.17,39.0,0,0,0,0,0,0,No_Failure
3678,M50677,M,300.41,311.5,1546,60.69,215.9,0,0,1,0,0,1,PWF
3679,L50678,L,300.87,310.61,1624,37.84,246.9,0,0,0,0,0,0,No_Failure
3680,L50679,L,300.51,310.16,1683,44.5,60.6,0,0,0,0,0,0,No_Failure
3681,M50680,M,300.04,311.48,1440,38.8,39.9,0,0,0,0,0,0,No_Failure
3682,L50681,L,304.33,313.22,1765,42.41,193.4,0,0,0,0,0,0,No_Failure
3683,L50682,L,298.5,306.8,1387,45.53,250.6,0,0,0,0,0,0,No_Failure
3684,L50683,L,302.31,311.44,1303,48.93,105.9,0,0,0,0,0,0,No_Failure
3685,L50684,L,299.75,310.14,1567,32.23,200.1,0,0,0,0,0,0,No_Failure
3686,L50685,L,297.04,308.32,1526,41.53,37.2,0,0,0,0,0,0,No_Failure
3687,L50686,L,299.62,308.96,1526,41.88,57.7,0,0,0,0,0,0,No_Failure
3688,H50687,H,298.91,310.72,1683,23.52,35.7,0,0,0,0,0,0,No_Failure
3689,M50688,M,301.16,311.18,1519,30.46,168.5,0,0,0,0,0,0,No_Failure
3690,L50689,L,300.18,310.07,1556,48.91,148.6,0,0,0,0,0,0,No_Failure
3691,L50690,L,297.96,307.11,1745,35.38,167.5,0,0,0,0,0,0,No_Failure
3692,M50691,M,302.94,314.89,1548,66.12,42.7,0,0,0,0,0,0,No_Failure
3693,L50692,L,302.18,312.03,1589,49.63,20.6,0,0,0,0,0,0,No_Failure
3694,M50693,M,303.17,311.84,1245,44.52,135.1,0,0,0,0,0,0,No_Failure
3695,M50694,M,300.47,312.93,2169,55.1,134.0,0,0,1,0,0,1,PWF
3696,L50695,L,299.93,310.32,1214,47.73,106.7,0,0,0,0,0,0,No_Failure
3697,L50696,L,301.41,312.21,1403,41.84,172.8,0,0,0,0,0,0,No_Failure
3698,L50697,L,298.85,310.53,1397,25.86,105.9,0,0,0,0,0,0,No_Failure
3699,L50698,L,300.26,310.87,1879,46.65,216.7,0,0,0,0,0,0,No_Failure
3700,L50699,L,299.65,310.62,1392,53.97,196.8,0,0,1,0,0,1,PWF
3701,H50700,H,297.08,307.13,1580,34.07,85.0,0,0,0,0,0,0,No_Failure
3702,L50701,L,300.25,310.99,1399,21.74,226.2,0,0,1,0,0,1,PWF
3703,M50702,M,299.12,309.08,1313,29.31,124.5,0,0,0,0,0,0,No_Failure
3704,M50703,M,299.51,309.49,1603,57.59,117.5,0,0,0,0,0,0,No_Failure
3705,L50704,L,300.73,310.85,1371,40.8,182.4,0,0,0,0,0,0,No_Failure
3706,L50705,L,302.55,312.15,1537,54.6,241.9,0,0,0,0,0,0,No_Failure
3707,L50706,L,298.3,308.81,1613,40.19,8.4,0,0,0,0,0,0,No_Failure
3708,M50707,M,299.33,309.83,1843,35.03,44.3,0,0,0,0,0,0,No_Failure
3709,L50708,L,298.47,309.29,1273,61.35,203.7,0,0,0,0,0,0,No_Failure
3710,M50709,M,298.34,308.98,1472,36.28,111.8,0,0,0,0,0,0,No_Failure
3711,H50710,H,298.81,310.81,1480,37.51,217.2,0,0,0,0,0,0,No_Failure
3712,M50711,M,299.61,310.66,1500,44.61,88.9,0,0,0,0,0,0,No_Failure
3713,H50712,H,301.17,310.96,1962,37.1,246.8,0,0,0,0,0,0,No_Failure
3714,M50713,M,300.64,311.09,1469,47.78,54.6,0,0,0,0,0,0,No_Failure
3715,H50714,H,297.89,309.3,1046,44.46,240.1,1,0,0,0,0,1,TWF
3716,H50715,H,302.59,311.64,1464,44.86,199.8,0,0,0,0,0,0,No_Failure
3717,M50716,M,301.89,313.9,1479,33.83,246.4,1,0,0,0,0,1,TWF
3718,H50717,H,298.2,307.42,1457,23.38,40.9,0,0,0,0,0,0,No_Failure
3719,H50718,H,302.45,313.35,1371,31.68,89.4,0,0,0,0,0,0,No_Failure
3720,L50719,L,300.65,310.66,1262,32.56,50.0,0,0,0,0,0,0,No_Failure
3721,M50720,M,299.69,309.64,1889,42.93,209.9,0,0,0,0,0,0,No_Failure
3722,M50721,M,300.72,309.41,1557,31.85,67.9,0,0,0,0,0,0,No_Failure
3723,H50722,H,299.95,310.86,1465,25.35,133.0,0,0,0,0,0,0,No_Failure
3724,L50723,L,301.09,309.8,1883,28.53,48.9,0,0,0,0,0,0,No_Failure
3725,H50724,H,300.37,308.93,1344,43.88,179.0,0,0,0,0,0,0,No_Failure
3726,M50725,M,299.33,310.48,1608,46.87,188.0,0,0,0,0,0,0,No_Failure
3727,H50726,H,295.95,307.74,1275,34.93,29.1,0,0,0,0,0,0,No_Failure
3728,L50727,L,301.05,310.39,1635,36.0,173.5,0,0,0,0,0,0,No_Failure
3729,M50728,M,299.25,310.26,1296,46.14,41.9,0,0,0,0,0,0,No_Failure
3730,M50729,M,301.56,312.35,1585,41.65,241.4,0,0,0,0,0,0,No_Failure
3731,H50730,H,300.96,310.87,1852,51.86,222.6,0,0,1,0,0,1,PWF
3732,H50731,H,299.3,310.64,1517,38.42,51.0,0,0,0,0,0,0,No_Failure
3733,M50732,M,302.05,311.88,1105,31.69,86.0,0,0,0,0,0,0,No_Failure
3734,M50733,M,300.41,310.93,1506,50.86,150.7,0,0,0,0,0,0,No_Failure
3735,L50734,L,300.33,309.07,1586,36.89,204.1,0,0,0,0,0,0,No_Failure
3736,H50735,H,299.72,308.51,1662,32.11,238.7,0,0,0,0,0,0,No_Failure
3737,L50736,L,303.37,314.54,1765,48.93,106.0,0,0,0,0,0,0,No_Failure
3738,M50737,M,298.57,309.12,1774,54.49,123.7,0,0,0,0,0,0,No_Failure
3739,M50738,M,299.35,309.21,1476,41.83,39.6,0,0,0,0,0,0,No_Failure
3740,L50739,L,297.53,309.43,1381,29.96,88.4,0,0,0,0,0,0,No_Failure
3741,L50740,L,301.45,313.35,1299,55.35,251.0,0,0,0,0,0,0,No_Failure
3742,L50741,L,298.84,309.27,1403,43.77,237.2,1,0,0,0,0,1,TWF
3743,H50742,H,299.06,307.6,1586,42.2,104.7,0,0,0,0,0,0,No_Failure
3744,M50743,M,298.97,308.85,1257,35.96,56.5,0,0,0,0,0,0,No_Failure
3745,L50744,L,300.13,309.29,1333,51.3,145.0,0,0,0,0,0,0,No_Failure
3746,M50745,M,297.5,307.59,1601,28.92,107.1,0,0,0,0,0,0,No_Failure
3747,L50746,L,295.51,304.58,1384,27.96,190.4,0,0,0,0,0,0,No_Failure
3748,H50747,H,300.92,309.72,1567,58.95,159.4,0,0,1,0,0,1,PWF
3749,L50748,L,295.77,303.51,1353,31.38,167.2,0,0,0,0,0,0,No_Failure
3750,L50749,L,301.71,311.88,1552,49.6,94.7,0,0,0,0,0,0,No_Failure
3751,L50750,L,303.12,310.82,1361,53.78,156.1,0,0,0,0,0,0,No_Failure
3752,M50751,M,299.67,309.35,1158,42.1,174.5,0,0,0,0,0,0,No_Failure
3753,L50752,L,302.6,313.29,1672,31.19,163.9,0,0,0,0,0,0,No_Failure
3754,M50753,M,299.95,309.23,1375,46.3,176.0,0,0,0,0,0,0,No_Failure
3755,L50754,L,303.2,312.11,1455,53.92,225.2,1,0,0,0,0,1,TWF
3756,L50755,L,299.09,309.02,1376,43.42,67.9,0,0,0,0,0,0,No_Failure
3757,L50756,L,295.27,304.44,1598,32.54,39.5,0,0,0,0,0,0,No_Failure
3758,L50757,L,299.84,310.03,1560,43.06,8.8,0,0,0,0,0,0,No_Failure
3759,H50758,H,303.42,312.38,1598,26.15,177.1,0,0,0,0,0,0,No_Failure
3760,L50759,L,301.07,310.97,1401,30.26,84.9,0,0,0,0,0,0,No_Failure
3761,H50760,H,298.97,308.62,1491,37.41,128.0,0,0,0,0,0,0,No_Failure
3762,L50761,L,300.66,310.65,1575,40.62,18.6,0,0,0,0,0,0,No_Failure
3763,L50762,L,301.94,313.58,1778,27.98,234.5,0,0,0,0,0,0,No_Failure
3764,L50763,L,299.83,310.03,1555,42.5,148.9,0,0,0,0,0,0,No_Failure
3765,L50764,L,305.25,315.76,1319,45.22,31.5,0,0,0,0,0,0,No_Failure
3766,M50765,M,298.97,308.34,1548,37.85,102.8,0,0,0,0,0,0,No_Failure
3767,M50766,M,302.01,312.23,1470,18.42,79.2,0,0,0,0,0,0,No_Failure
3768,L50767,L,301.52,311.25,1140,41.04,219.3,0,0,0,0,0,0,No_Failure
3769,M50768,M,298.6,308.63,1168,58.15,221.7,0,0,0,0,0,0,No_Failure
3770,M50769,M,299.15,309.8,1488,44.58,200.0,0,0,0,0,0,0,No_Failure
3771,H50770,H,302.04,311.54,1503,40.16,98.2,0,0,0,0,0,0,No_Failure
3772,H50771,H,300.29,309.89,1447,36.28,238.6,0,0,0,0,0,0,No_Failure
3773,M50772,M,300.68,310.19,1659,45.77,69.6,0,0,0,0,0,0,No_Failure
3774,H50773,H,296.73,306.22,1332,42.08,167.4,0,0,0,0,0,0,No_Failure
3775,M50774,M,301.31,311.49,1250,47.07,132.4,0,0,0,0,0,0,No_Failure
3776,L50775,L,300.57,310.21,1351,29.04,110.7,0,0,0,0,0,0,No_Failure
3777,M50776,M,299.87,311.37,1390,41.21,47.7,0,0,0,0,0,0,No_Failure
3778,L50777,L,300.72,313.4,1490,35.39,60.7,0,0,0,0,0,0,No_Failure
3779,M50778,M,299.18,308.61,1356,43.72,207.9,0,0,0,0,0,0,No_Failure
3780,H50779,H,298.82,309.11,1114,20.54,169.2,0,0,0,0,0,0,No_Failure
3781,L50780,L,299.52,310.55,1038,36.07,235.6,0,0,0,0,0,0,No_Failure
3782,H50781,H,299.07,308.81,1522,45.42,172.4,0,0,0,0,0,0,No_Failure
3783,H50782,H,304.36,313.37,1297,47.04,15.4,0,0,0,0,0,0,No_Failure
3784,L50783,L,301.82,313.56,1139,39.7,29.4,0,0,0,0,0,0,No_Failure
3785,M50784,M,298.06,308.75,1612,18.4,183.0,0,0,1,0,0,1,PWF
3786,H50785,H,304.07,314.39,1778,46.41,63.5,0,0,0,0,0,0,No_Failure
3787,H50786,H,299.13,310.58,1483,55.84,62.9,0,0,0,0,0,0,No_Failure
3788,L50787,L,300.06,310.83,1548,31.61,102.8,0,0,0,0,0,0,No_Failure
3789,L50788,L,301.79,311.75,1550,35.74,188.5,0,0,0,0,0,0,No_Failure
3790,M50789,M,296.06,305.08,1084,48.07,161.6,0,0,0,0,0,0,No_Failure
3791,L50790,L,299.53,309.03,1660,48.33,49.1,0,0,0,0,0,0,No_Failure
3792,L50791,L,298.85,310.06,1723,50.97,226.8,0,0,1,0,0,1,PWF
3793,L50792,L,300.41,311.09,1831,50.15,246.0,0,0,0,0,0,0,No_Failure
3794,L50793,L,300.74,310.55,1421,24.68,200.4,0,0,0,0,0,0,No_Failure
3795,M50794,M,299.85,311.61,1296,35.21,48.8,0,0,0,0,0,0,No_Failure
3796,M50795,M,299.75,309.6,1745,46.26,200.8,0,0,0,0,0,0,No_Failure
3797,M50796,M,302.13,313.12,1590,39.14,132.0,0,1,0,0,0,1,HDF
3798,M50797,M,300.6,310.82,1657,43.66,7.2,0,0,0,0,0,0,No_Failure
3799,L50798,L,300.08,312.02,1384,38.7,168.9,0,0,0,0,0,0,No_Failure
3800,L50799,L,300.3,311.05,1549,35.64,247.2,0,0,0,0,0,0,No_Failure
3801,L50800,L,303.67,313.72,1310,37.58,109.2,0,0,0,0,0,0,No_Failure
3802,L50801,L,300.35,310.17,1499,28.78,16.0,0,0,0,0,0,0,No_Failure
3803,L50802,L,298.97,308.96,1437,32.77,58.3,0,0,0,0,0,0,No_Failure
3804,L50803,L,296.18,305.46,1922,39.33,141.3,0,0,0,0,0,0,No_Failure
3805,L50804,L,297.13,305.77,1599,39.51,200.1,0,0,0,0,0,0,No_Failure
3806,L50805,L,299.07,309.37,1113,45.68,46.9,0,0,0,0,0,0,No_Failure
3807,M50806,M,299.78,309.25,1500,37.15,55.5,0,0,0,0,0,0,No_Failure
3808,M50807,M,298.89,308.35,1566,56.76,233.4,0,0,1,0,0,1,PWF
3809,H50808,H,300.7,310.61,1415,52.3,223.1,0,0,0,0,0,0,No_Failure
3810,M50809,M,298.86,308.92,1302,34.98,231.7,1,0,0,0,0,1,TWF
3811,M50810,M,298.17,308.18,1619,41.98,44.5,0,0,0,0,0,0,No_Failure
3812,L50811,L,301.23,312.96,1327,52.13,236.0,0,0,0,1,0,1,OSF
3813,M50812,M,302.74,313.4,1604,33.59,86.0,0,0,0,0,0,0,No_Failure
3814,L50813,L,297.79,309.89,1312,32.52,130.8,0,0,0,0,0,0,No_Failure
3815,L50814,L,300.49,310.05,1404,52.99,115.5,0,0,0,0,0,0,No_Failure
3816,L50815,L,296.19,306.97,1672,46.91,247.4,0,0,0,0,0,0,No_Failure
3817,L50816,L,297.05,306.67,1588,50.74,66.5,0,0,0,0,0,0,No_Failure
3818,L50817,L,298.82,308.26,1506,43.15,242.3,0,0,0,0,0,0,No_Failure
3819,M50818,M,302.27,314.42,1495,37.45,242.7,0,0,0,0,0,0,No_Failure
3820,H50819,H,298.44,307.67,1516,26.58,232.1,0,0,0,0,0,0,No_Failure
3821,M50820,M,298.37,306.14,1358,41.37,90.4,0,0,0,0,0,0,No_Failure
3822,M50821,M,300.07,309.36,1227,52.32,94.9,0,0,0,0,0,0,No_Failure
3823,M50822,M,300.07,308.07,1602,52.44,51.6,0,0,0,0,0,0,No_Failure
3824,L50823,L,298.43,307.48,1775,50.71,120.3,0,0,0,0,0,0,No_Failure
3825,M50824,M,303.97,313.11,1609,47.87,62.9,0,0,0,0,0,0,No_Failure
3826,M50825,M,299.47,309.5,1546,62.11,158.7,0,0,1,0,0,1,PWF
3827,L50826,L,300.23,308.18,1282,24.48,219.5,0,1,1,0,0,1,HDF
3828,L50827,L,299.2,310.39,1658,42.31,240.3,0,0,0,0,0,0,No_Failure
3829,H50828,H,300.88,309.0,1587,30.63,110.7,0,0,0,0,0,0,No_Failure
3830,M50829,M,302.47,312.34,1637,55.52,109.2,0,0,1,0,0,1,PWF
3831,L50830,L,303.33,313.0,1686,34.47,130.2,0,0,0,0,0,0,No_Failure
3832,M50831,M,298.48,309.3,1785,50.09,230.6,0,0,0,0,0,0,No_Failure
3833,L50832,L,302.2,312.55,1299,35.51,19.9,0,0,0,0,0,0,No_Failure
3834,L50833,L,301.1,312.29,1268,44.2,77.5,0,1,0,0,0,1,HDF
3835,L50834,L,301.95,311.59,1527,38.91,49.9,0,0,0,0,0,0,No_Failure
3836,L50835,L,299.82,309.35,1334,39.86,196.1,0,0,0,0,0,0,No_Failure
3837,M50836,M,299.63,310.04,1303,43.34,95.7,0,0,0,0,0,0,No_Failure
3838,L50837,L,301.87,312.9,1720,49.2,244.0,0,0,0,0,0,0,No_Failure
3839,M50838,M,301.91,312.73,1318,38.91,247.7,0,0,0,0,0,0,No_Failure
3840,L50839,L,303.13,313.45,1498,48.91,222.9,0,0,0,0,0,0,No_Failure
3841,M50840,M,300.4,310.63,1206,50.38,128.8,0,0,0,0,0,0,No_Failure
3842,M50841,M,299.79,309.75,1511,35.83,235.5,0,0,0,0,0,0,No_Failure
3843,M50842,M,295.08,305.49,1713,58.85,95.4,0,0,0,0,0,0,No_Failure
3844,M50843,M,296.78,308.81,1718,47.45,99.4,0,0,0,0,0,0,No_Failure
3845,H50844,H,299.21,308.97,1688,35.69,119.7,0,0,0,0,0,0,No_Failure
3846,M50845,M,297.8,307.43,1486,46.14,176.4,0,0,0,0,0,0,No_Failure
3847,M50846,M,301.63,311.19,1700,50.38,16.1,0,0,0,0,0,0,No_Failure
3848,M50847,M,297.38,307.77,1577,45.9,135.6,0,0,0,0,0,0,No_Failure
3849,L50848,L,299.0,306.88,1421,42.02,244.4,0,0,0,0,0,0,No_Failure
3850,L50849,L,299.08,308.94,1569,5.49,17.0,0,0,0,0,0,0,No_Failure
3851,L50850,L,302.41,313.29,1659,30.33,21.8,0,0,0,0,0,0,No_Failure
3852,L50851,L,298.78,308.26,1261,46.79,238.8,0,0,0,0,0,0,No_Failure
3853,L50852,L,300.9,311.09,1309,30.13,210.3,1,0,0,0,0,1,TWF
3854,L50853,L,300.39,312.5,1474,45.14,0.2,0,0,0,0,0,0,No_Failure
3855,M50854,M,301.81,312.14,1280,48.85,114.2,0,0,0,0,0,0,No_Failure
3856,L50855,L,301.7,309.46,1278,38.87,78.3,0,1,0,0,0,1,HDF
3857,H50856,H,299.93,308.52,1424,22.35,42.4,0,0,1,0,0,1,PWF
3858,L50857,L,296.61,306.36,1679,32.63,13.2,0,0,0,0,0,0,No_Failure
3859,M50858,M,299.54,308.73,1675,46.85,63.2,0,0,0,0,0,0,No_Failure
3860,L50859,L,299.96,310.06,1558,52.57,165.1,0,0,0,0,0,0,No_Failure
3861,L50860,L,300.57,310.28,1532,19.18,76.9,0,0,1,0,0,1,PWF
3862,L50861,L,298.52,309.69,1876,40.81,77.8,0,0,0,0,0,0,No_Failure
3863,M50862,M,302.28,311.19,1403,25.32,66.4,0,0,0,0,0,0,No_Failure
3864,L50863,L,300.03,309.82,1543,40.9,24.6,0,0,1,0,0,1,PWF
3865,H50864,H,298.16,308.38,1394,38.43,150.0,0,0,0,0,0,0,No_Failure
3866,L50865,L,299.08,309.42,1268,63.6,185.0,0,0,0,0,0,0,No_Failure
3867,M50866,M,303.86,314.0,1713,34.61,247.9,0,0,0,0,0,0,No_Failure
3868,L50867,L,301.33,308.92,1445,50.49,57.3,0,0,0,0,0,0,No_Failure
3869,M50868,M,302.1,312.18,1625,50.09,41.2,0,0,0,0,0,0,No_Failure
3870,L50869,L,297.92,307.77,1456,38.05,178.9,0,0,0,0,0,0,No_Failure
3871,L50870,L,298.62,309.49,1724,41.19,81.8,0,0,0,0,0,0,No_Failure
3872,L50871,L,298.64,309.36,1320,40.0,128.7,0,0,0,0,0,0,No_Failure
3873,L50872,L,300.37,310.61,1710,32.56,179.3,0,0,0,0,0,0,No_Failure
3874,L50873,L,299.65,309.97,1661,31.7,106.1,0,0,0,0,0,0,No_Failure
3875,H50874,H,299.02,310.37,1177,35.9,94.0,0,0,0,0,0,0,No_Failure
3876,L50875,L,299.27,310.42,1407,28.62,111.2,0,0,0,0,0,0,No_Failure
3877,L50876,L,298.41,308.69,1684,35.0,115.6,0,0,0,0,0,0,No_Failure
3878,H50877,H,299.64,311.79,1795,38.05,0.2,0,0,0,0,0,0,No_Failure
3879,L50878,L,302.23,311.6,1629,41.62,47.7,0,0,0,0,0,0,No_Failure
3880,L50879,L,296.97,305.79,1429,44.44,154.2,0,0,0,0,0,0,No_Failure
3881,M50880,M,300.69,310.68,1326,38.04,4.4,0,0,0,0,0,0,No_Failure
3882,H50881,H,302.76,312.39,1602,32.31,69.9,0,0,0,0,0,0,No_Failure
3883,M50882,M,299.63,307.17,1423,44.26,111.4,0,0,0,0,0,0,No_Failure
3884,L50883,L,298.94,308.29,1431,47.91,111.8,0,0,0,0,0,0,No_Failure
3885,H50884,H,301.85,312.19,1460,35.14,12.1,0,0,0,0,0,0,No_Failure
3886,L50885,L,298.03,307.97,1659,30.17,221.5,0,0,0,0,0,0,No_Failure
3887,H50886,H,299.95,309.18,1825,35.54,22.9,0,0,0,0,0,0,No_Failure
3888,H50887,H,297.92,307.96,1685,38.18,221.6,0,0,0,0,0,0,No_Failure
3889,H50888,H,296.26,306.38,1502,51.45,250.7,0,0,0,0,0,0,No_Failure
3890,L50889,L,299.7,310.41,1338,46.94,45.2,0,0,0,0,0,0,No_Failure
3891,L50890,L,297.47,306.83,1620,39.97,17.9,0,0,0,0,0,0,No_Failure
3892,M50891,M,299.98,310.85,1800,59.01,30.6,0,0,1,0,0,1,PWF
3893,M50892,M,302.23,311.14,1681,39.65,215.7,0,0,0,0,0,0,No_Failure
3894,M50893,M,303.71,313.21,1537,54.14,246.0,1,0,0,0,0,1,TWF
3895,H50894,H,300.19,311.89,1412,52.21,149.6,0,0,0,0,0,0,No_Failure
3896,M50895,M,302.04,311.01,1562,51.51,239.7,0,0,0,0,0,0,No_Failure
3897,L50896,L,300.8,310.14,1708,43.21,194.7,0,0,0,0,0,0,No_Failure
3898,L50897,L,299.23,307.98,1542,41.17,143.9,0,0,0,0,0,0,No_Failure
3899,L50898,L,296.15,305.32,1481,40.05,231.3,1,0,0,0,0,1,TWF
3900,L50899,L,303.25,313.39,1376,48.5,118.5,0,0,1,0,0,1,PWF
3901,L50900,L,297.9,308.61,1966,32.11,104.1,0,0,0,0,0,0,No_Failure
3902,H50901,H,302.77,312.75,1340,37.37,182.1,0,0,0,0,0,0,No_Failure
3903,M50902,M,301.07,310.75,1323,56.67,189.4,0,0,0,0,0,0,No_Failure
3904,M50903,M,298.05,306.81,1530,46.23,89.7,0,0,0,0,0,0,No_Failure
3905,L50904,L,300.62,309.9,1464,49.54,120.3,0,0,0,0,0,0,No_Failure
3906,M50905,M,304.27,312.72,1684,27.79,54.6,0,0,0,0,0,0,No_Failure
3907,H50906,H,303.07,313.81,1690,35.68,30.3,0,0,0,0,0,0,No_Failure
3908,H50907,H,298.97,309.78,1281,43.34,89.0,0,0,0,0,0,0,No_Failure
3909,M50908,M,298.58,308.54,1364,39.59,124.7,0,0,0,0,0,0,No_Failure
3910,H50909,H,300.2,310.64,1342,27.75,39.8,0,0,0,0,0,0,No_Failure
3911,M50910,M,299.67,310.55,1641,47.6,41.2,0,0,0,0,0,0,No_Failure
3912,L50911,L,302.4,312.5,1577,50.77,31.4,0,0,0,0,0,0,No_Failure
3913,H50912,H,301.48,312.87,1433,37.15,221.6,1,0,0,0,0,1,TWF
3914,L50913,L,296.62,305.59,1539,47.96,175.6,0,0,0,0,0,0,No_Failure
3915,L50914,L,300.92,310.57,1297,60.29,36.8,0,0,0,0,0,0,No_Failure
3916,L50915,L,299.64,309.17,1366,55.25,167.3,0,0,0,0,0,0,No_Failure
3917,M50916,M,300.07,310.72,1266,37.59,122.9,0,0,0,0,0,0,No_Failure
3918,M50917,M,300.5,309.06,1526,28.96,143.1,0,0,0,0,0,0,No_Failure
3919,M50918,M,302.4,313.85,1526,42.3,209.6,1,0,0,0,0,1,TWF
3920,L50919,L,301.96,312.52,1323,63.47,120.4,0,0,0,0,0,0,No_Failure
3921,L50920,L,298.5,310.25,1576,53.38,72.9,0,0,0,0,0,0,No_Failure
3922,H50921,H,299.88,309.84,1690,39.94,197.4,0,0,0,0,0,0,No_Failure
3923,L50922,L,299.1,308.55,1315,55.62,40.3,0,0,0,0,0,0,No_Failure
3924,H50923,H,296.64,307.29,1441,51.69,234.0,0,0,0,0,0,0,No_Failure
3925,L50924,L,299.78,310.81,1592,21.01,238.2,0,0,0,0,0,0,No_Failure
3926,M50925,M,303.69,312.98,1499,50.62,87.3,0,0,0,0,0,0,No_Failure
3927,M50926,M,296.58,304.58,1253,41.19,195.4,0,0,0,0,0,0,No_Failure
3928,H50927,H,299.95,308.13,1421,31.33,233.3,0,0,0,0,0,0,No_Failure
3929,L50928,L,299.89,310.15,1415,40.91,232.6,1,0,0,0,0,1,TWF
3930,H50929,H,300.58,312.12,1469,44.14,28.9,0,0,0,0,0,0,No_Failure
3931,M50930,M,298.07,306.77,1477,32.06,42.4,0,0,0,0,0,0,No_Failure
3932,M50931,M,297.15,306.88,1782,38.8,124.1,0,0,0,0,0,0,No_Failure
3933,M50932,M,297.24,306.89,1462,36.69,139.7,0,0,0,0,0,0,No_Failure
3934,L50933,L,302.66,314.58,1191,47.95,87.1,0,0,0,0,0,0,No_Failure
3935,L50934,L,298.03,310.29,1516,36.99,19.4,0,0,0,0,0,0,No_Failure
3936,L50935,L,299.0,309.43,1815,23.0,108.7,0,0,0,0,0,0,No_Failure
3937,L50936,L,304.21,315.11,1470,35.53,71.1,0,0,0,0,1,1,RNF
3938,M50937,M,298.53,309.4,1421,30.54,113.3,0,0,0,0,0,0,No_Failure
3939,L50938,L,300.68,309.4,1445,27.06,69.1,0,0,0,0,0,0,No_Failure
3940,L50939,L,302.13,312.83,1605,51.8,110.3,0,0,0,0,0,0,No_Failure
3941,L50940,L,302.03,311.01,1444,48.04,148.8,0,0,0,0,0,0,No_Failure
3942,L50941,L,297.34,307.17,1227,30.33,91.2,0,1,0,0,0,1,HDF
3943,L50942,L,298.57,309.71,1379,27.31,53.3,0,0,0,0,0,0,No_Failure
3944,M50943,M,300.6,310.69,1488,38.97,100.3,0,0,0,0,0,0,No_Failure
3945,L50944,L,303.86,314.96,1596,26.77,65.9,0,0,0,0,0,0,No_Failure
3946,H50945,H,298.48,309.78,1395,37.58,16.2,0,0,0,0,0,0,No_Failure
3947,L50946,L,299.01,307.26,1447,40.71,160.4,0,0,0,0,0,0,No_Failure
3948,L50947,L,300.84,308.66,1508,43.04,160.4,0,0,0,0,0,0,No_Failure
3949,H50948,H,301.24,312.4,1360,43.4,80.5,0,0,0,0,0,0,No_Failure
3950,L50949,L,301.36,312.56,1483,32.19,242.7,0,0,0,0,0,0,No_Failure
3951,L50950,L,298.31,308.56,1584,40.71,199.6,0,0,0,0,0,0,No_Failure
3952,H50951,H,298.94,309.33,1286,52.81,228.3,0,0,0,0,0,0,No_Failure
3953,H50952,H,300.43,311.32,1555,19.03,118.8,0,0,1,0,0,1,PWF
3954,M50953,M,302.52,313.4,1304,43.26,132.5,0,0,0,0,0,0,No_Failure
3955,L50954,L,299.52,309.22,1307,28.22,174.9,0,0,0,0,0,0,No_Failure
3956,M50955,M,299.96,310.91,1381,54.04,148.8,0,0,0,0,0,0,No_Failure
3957,H50956,H,297.95,307.6,1746,48.17,169.1,0,0,0,0,0,0,No_Failure
3958,H50957,H,303.73,313.97,1191,47.85,109.4,0,0,0,0,0,0,No_Failure
3959,L50958,L,300.31,310.51,1416,31.47,33.6,0,0,0,0,0,0,No_Failure
3960,L50959,L,302.16,311.3,1495,42.64,205.4,0,0,0,0,0,0,No_Failure
3961,L50960,L,300.06,309.32,1710,43.75,98.0,0,0,0,0,0,0,No_Failure
3962,L50961,L,300.17,312.4,1851,16.29,153.9,0,0,0,0,0,0,No_Failure
3963,M50962,M,297.0,306.11,1424,41.47,93.4,0,0,0,0,0,0,No_Failure
3964,L50963,L,295.7,306.07,1597,46.13,122.0,0,0,0,0,0,0,No_Failure
3965,L50964,L,302.5,313.08,1483,25.86,161.7,0,0,0,0,0,0,No_Failure
3966,L50965,L,300.16,310.1,1482,46.02,146.4,0,0,1,0,0,1,PWF
3967,L50966,L,300.41,311.08,1549,41.0,35.7,0,0,0,0,0,0,No_Failure
3968,L50967,L,297.5,307.83,1215,53.81,59.6,0,0,0,0,0,0,No_Failure
3969,L50968,L,298.19,307.32,1491,35.87,44.0,0,0,0,0,0,0,No_Failure
3970,L50969,L,302.12,312.66,1581,41.78,145.7,0,0,0,0,0,0,No_Failure
3971,H50970,H,303.48,312.94,1345,43.41,99.8,0,0,0,0,0,0,No_Failure
3972,L50971,L,298.76,310.5,1582,11.92,62.3,0,0,0,0,0,0,No_Failure
3973,M50972,M,301.34,311.77,1189,36.45,11.2,0,0,0,0,0,0,No_Failure
3974,L50973,L,300.38,309.68,1517,40.86,194.2,0,0,0,0,0,0,No_Failure
3975,L50974,L,299.76,310.1,1742,16.43,13.7,0,0,1,0,0,1,PWF
3976,L50975,L,303.7,312.78,1461,46.74,96.3,0,0,0,0,0,0,No_Failure
3977,L50976,L,299.09,309.35,1324,40.86,115.3,0,0,0,0,0,0,No_Failure
3978,L50977,L,302.48,312.26,1243,40.8,114.6,0,0,0,0,0,0,No_Failure
3979,L50978,L,300.76,309.94,1570,47.21,35.0,0,0,0,0,0,0,No_Failure
3980,M50979,M,299.97,309.13,1667,35.89,179.5,0,0,0,0,0,0,No_Failure
3981,L50980,L,302.74,315.18,1490,40.43,57.5,0,0,0,0,0,0,No_Failure
3982,L50981,L,300.58,310.67,1417,48.65,159.2,0,0,0,0,0,0,No_Failure
3983,M50982,M,299.81,309.38,1152,40.55,95.6,0,0,0,0,0,0,No_Failure
3984,L50983,L,302.76,312.15,1522,21.56,131.9,0,0,0,0,0,0,No_Failure
3985,L50984,L,302.5,312.97,1376,40.52,114.4,0,0,0,0,0,0,No_Failure
3986,L50985,L,302.4,311.77,1386,40.64,241.7,0,0,0,0,0,0,No_Failure
3987,L50986,L,292.22,301.13,1791,49.01,87.7,0,0,0,0,0,0,No_Failure
3988,L50987,L,300.88,310.85,1176,36.57,38.7,0,0,0,0,0,0,No_Failure
3989,H50988,H,300.42,310.38,1200,30.22,91.3,0,0,0,0,0,0,No_Failure
3990,H50989,H,299.93,309.51,1542,30.25,126.3,0,0,0,0,0,0,No_Failure
3991,H50990,H,301.22,310.33,1431,54.43,16.8,0,0,0,0,0,0,No_Failure
3992,L50991,L,300.52,310.13,1407,42.89,232.4,0,0,0,0,0,0,No_Failure
3993,L50992,L,301.36,310.89,1549,53.92,50.3,0,0,0,0,0,0,No_Failure
3994,L50993,L,299.46,308.86,1546,55.36,235.4,0,0,0,1,0,1,OSF
3995,L50994,L,303.0,313.27,1325,32.56,102.3,0,0,0,0,0,0,No_Failure
3996,L50995,L,301.56,313.78,1393,31.8,140.5,0,0,0,0,0,0,No_Failure
3997,L50996,L,301.09,312.42,1509,38.72,172.8,0,0,0,0,0,0,No_Failure
3998,L50997,L,300.99,312.93,1530,46.14,16.4,0,0,0,0,0,0,No_Failure
3999,L50998,L,302.31,311.75,1587,25.98,104.7,0,0,1,0,0,1,PWF
4000,L50999,L,302.04,313.72,1395,44.55,71.2,0,0,1,0,0,1,PWF
4001,M51000,M,299.77,310.0,1562,44.04,42.6,0,0,0,0,0,0,No_Failure
4002,L51001,L,301.98,312.97,1671,28.75,169.3,0,0,0,0,0,0,No_Failure
4003,H51002,H,300.35,310.81,1508,29.1,41.9,0,0,0,0,0,0,No_Failure
4004,L51003,L,303.83,313.49,1481,44.44,147.5,0,0,0,0,0,0,No_Failure
4005,M51004,M,302.2,312.91,1458,60.73,98.8,0,0,1,0,0,1,PWF
4006,L51005,L,298.75,309.23,1389,37.05,247.0,0,0,0,0,0,0,No_Failure
4007,L51006,L,304.66,312.89,1331,43.3,229.4,1,0,0,0,0,1,TWF
4008,L51007,L,295.8,305.67,1446,33.95,1.9,0,0,0,0,0,0,No_Failure
4009,L51008,L,301.27,312.15,1581,42.36,205.1,0,0,0,0,0,0,No_Failure
4010,M51009,M,298.61,308.88,1340,33.75,42.7,0,0,0,0,0,0,No_Failure
4011,L51010,L,303.76,314.23,1486,37.41,119.0,0,0,0,0,0,0,No_Failure
4012,L51011,L,300.51,309.75,1466,64.49,205.4,0,0,0,0,0,0,No_Failure
4013,H51012,H,298.41,308.67,1820,41.07,72.7,0,0,0,0,0,0,No_Failure
4014,L51013,L,299.47,309.37,1630,24.36,185.7,0,0,0,0,0,0,No_Failure
4015,M51014,M,298.57,308.37,1627,46.43,61.0,0,0,0,0,0,0,No_Failure
4016,M51015,M,299.39,308.71,1666,51.29,220.9,0,0,0,0,0,0,No_Failure
4017,L51016,L,299.34,310.26,1402,46.76,111.1,0,0,0,0,0,0,No_Failure
4018,L51017,L,298.5,308.84,1748,38.23,50.4,0,0,0,0,0,0,No_Failure
4019,L51018,L,300.54,310.78,1529,30.83,13.5,0,0,0,0,0,0,No_Failure
4020,M51019,M,300.78,312.83,1492,31.07,153.5,0,0,0,0,0,0,No_Failure
4021,L51020,L,298.01,308.48,1281,38.1,172.8,0,0,0,0,0,0,No_Failure
4022,L51021,L,296.68,307.88,1428,36.33,172.2,0,0,0,0,0,0,No_Failure
4023,L51022,L,300.62,310.89,1182,34.42,125.9,0,0,0,0,0,0,No_Failure
4024,H51023,H,301.06,310.71,1455,52.15,101.9,0,0,0,0,0,0,No_Failure
4025,M51024,M,301.46,310.4,1396,49.21,156.6,0,0,0,0,0,0,No_Failure
4026,H51025,H,301.1,311.34,1428,52.67,8.4,0,0,0,0,0,0,No_Failure
4027,M51026,M,303.15,310.48,1251,32.12,60.6,0,1,0,0,0,1,HDF
4028,M51027,M,301.99,312.27,1627,30.79,64.6,0,0,0,0,0,0,No_Failure
4029,L51028,L,305.36,315.68,1607,40.77,196.9,0,0,0,0,0,0,No_Failure
4030,H51029,H,306.2,315.98,1804,44.15,111.7,0,0,0,0,0,0,No_Failure
4031,M51030,M,296.48,306.39,1799,40.72,11.6,0,0,0,0,0,0,No_Failure
4032,L51031,L,295.61,304.35,1528,43.47,226.5,0,0,0,0,0,0,No_Failure
4033,M51032,M,299.99,311.37,1684,55.85,97.5,0,0,0,0,0,0,No_Failure
4034,M51033,M,301.01,310.67,1547,37.82,19.5,0,0,0,0,0,0,No_Failure
4035,L51034,L,299.85,308.88,1423,48.07,105.9,0,0,0,0,0,0,No_Failure
4036,L51035,L,301.41,311.95,1450,45.18,240.2,0,0,0,0,0,0,No_Failure
4037,L51036,L,299.46,309.57,1615,40.95,202.8,0,0,0,0,0,0,No_Failure
4038,H51037,H,298.61,308.25,2236,47.61,150.2,0,0,0,0,0,0,No_Failure
4039,L51038,L,298.91,308.45,1710,32.32,192.1,0,0,0,0,0,0,No_Failure
4040,H51039,H,299.6,309.59,1544,30.31,130.7,0,0,0,0,0,0,No_Failure
4041,L51040,L,301.69,313.03,1587,44.33,203.4,0,0,0,0,0,0,No_Failure
4042,M51041,M,299.03,309.5,1585,23.62,212.6,0,0,0,0,0,0,No_Failure
4043,L51042,L,299.42,309.39,1484,45.12,85.4,0,0,0,0,0,0,No_Failure
4044,H51043,H,301.14,311.99,1636,28.72,112.7,0,0,0,0,0,0,No_Failure
4045,L51044,L,299.6,309.63,1472,55.18,57.3,0,0,0,0,0,0,No_Failure
4046,L51045,L,302.23,312.63,1318,36.04,173.3,0,0,0,0,0,0,No_Failure
4047,L51046,L,298.16,308.31,1587,54.53,34.7,0,0,0,0,0,0,No_Failure
4048,L51047,L,297.73,308.32,1611,37.89,119.4,0,0,0,0,0,0,No_Failure
4049,L51048,L,300.61,310.17,1474,37.46,244.5,0,0,0,0,0,0,No_Failure
4050,M51049,M,300.81,309.67,1556,48.66,117.9,0,0,0,0,0,0,No_Failure
4051,H51050,H,298.27,309.18,1673,42.93,17.3,0,0,0,0,0,0,No_Failure
4052,M51051,M,302.69,314.19,1491,39.33,4.6,0,0,0,0,0,0,No_Failure
4053,M51052,M,303.85,312.76,1420,35.96,240.4,0,0,0,0,0,0,No_Failure
4054,L51053,L,298.74,308.92,1372,36.05,178.9,0,0,0,0,0,0,No_Failure
4055,H51054,H,302.97,312.53,1454,63.58,179.5,0,0,1,0,0,1,PWF
4056,H51055,H,295.24,306.12,1776,23.25,93.6,0,0,0,0,0,0,No_Failure
4057,L51056,L,302.15,312.4,1464,27.97,126.8,0,0,0,0,0,0,No_Failure
4058,H51057,H,298.28,311.61,1565,51.77,141.3,0,0,0,0,0,0,No_Failure
4059,L51058,L,301.95,311.65,1442,51.02,194.1,0,0,0,0,0,0,No_Failure
4060,H51059,H,298.08,309.61,1426,30.77,128.9,0,0,0,0,0,0,No_Failure
4061,H51060,H,299.86,311.5,1342,22.48,77.6,0,0,0,0,0,0,No_Failure
4062,M51061,M,298.38,308.91,1518,52.72,134.7,0,0,0,0,0,0,No_Failure
4063,L51062,L,299.57,309.61,1407,29.53,172.3,0,0,0,0,0,0,No_Failure
4064,M51063,M,303.66,313.75,1729,35.09,14.7,0,0,0,0,0,0,No_Failure
4065,L51064,L,299.78,309.79,1481,40.96,119.8,0,0,0,0,0,0,No_Failure
4066,M51065,M,304.22,315.35,1492,29.27,87.2,0,0,0,0,0,0,No_Failure
4067,L51066,L,299.23,308.36,1468,49.24,226.7,0,0,0,0,0,0,No_Failure
4068,M51067,M,302.98,312.82,1567,40.21,98.3,0,0,0,0,0,0,No_Failure
4069,H51068,H,296.75,306.47,1768,31.18,159.1,0,0,0,0,0,0,No_Failure
4070,L51069,L,299.43,307.7,1313,32.06,115.2,0,0,0,0,0,0,No_Failure
4071,L51070,L,298.93,309.79,1550,52.97,205.8,0,0,0,0,0,0,No_Failure
4072,M51071,M,303.08,314.14,1218,37.21,235.2,0,0,0,0,0,0,No_Failure
4073,L51072,L,300.37,309.74,1720,46.14,21.2,0,0,0,0,0,0,No_Failure
4074,L51073,L,295.82,306.85,1481,39.9,5.0,0,0,0,0,0,0,No_Failure
4075,L51074,L,297.38,305.8,1231,22.45,178.3,0,1,1,0,0,1,HDF
4076,L51075,L,297.97,308.0,1270,47.47,159.8,0,0,0,0,0,0,No_Failure
4077,M51076,M,301.87,311.74,1647,50.74,140.3,0,0,0,0,0,0,No_Failure
4078,M51077,M,301.61,311.7,1200,58.42,109.0,0,0,0,0,0,0,No_Failure
4079,L51078,L,299.4,309.48,1550,20.99,189.7,0,0,0,0,0,0,No_Failure
4080,L51079,L,298.9,308.83,1423,8.42,178.0,0,0,0,0,0,0,No_Failure
4081,L51080,L,301.43,311.05,1465,46.39,105.4,0,0,0,0,0,0,No_Failure
4082,L51081,L,297.74,307.63,1379,34.01,82.2,0,0,0,0,0,0,No_Failure
4083,M51082,M,300.92,312.28,1328,25.7,243.4,1,0,0,0,0,1,TWF
4084,L51083,L,300.75,310.17,1412,41.08,102.7,0,0,0,0,0,0,No_Failure
4085,M51084,M,299.45,311.71,1603,35.51,52.9,0,0,0,0,0,0,No_Failure
4086,H51085,H,300.8,310.16,1447,27.24,242.9,0,0,0,0,0,0,No_Failure
4087,M51086,M,300.2,310.44,1576,39.17,178.7,0,0,0,0,0,0,No_Failure
4088,M51087,M,300.99,311.57,1456,45.67,141.3,0,0,0,0,0,0,No_Failure
4089,L51088,L,297.33,307.04,1610,41.75,194.2,0,0,0,0,0,0,No_Failure
4090,L51089,L,301.23,312.61,1575,41.83,56.2,0,0,0,0,0,0,No_Failure
4091,L51090,L,302.05,312.6,1403,44.43,141.2,0,0,0,0,0,0,No_Failure
4092,M51091,M,300.64,310.44,1328,23.09,69.2,0,0,1,0,0,1,PWF
4093,H51092,H,301.2,312.57,1672,39.49,218.3,0,0,0,0,0,0,No_Failure
4094,L51093,L,299.78,308.76,1354,42.4,34.6,0,0,0,0,0,0,No_Failure
4095,L51094,L,301.78,311.22,1590,36.22,55.0,0,0,0,0,0,0,No_Failure
4096,L51095,L,300.13,310.69,1506,31.71,61.7,0,0,0,0,0,0,No_Failure
4097,M51096,M,297.7,308.51,1417,32.54,110.7,0,0,0,0,0,0,No_Failure
4098,M51097,M,301.64,311.96,1577,37.07,33.7,0,0,0,0,0,0,No_Failure
4099,M51098,M,296.73,306.6,1746,49.14,137.7,0,0,0,0,0,0,No_Failure
4100,H51099,H,300.57,310.31,1613,55.27,185.4,0,0,0,0,0,0,No_Failure
4101,L51100,L,299.23,310.36,1523,53.23,2.1,0,0,0,0,0,0,No_Failure
4102,M51101,M,299.1,309.34,1792,24.39,224.5,0,0,0,0,0,0,No_Failure
4103,M51102,M,300.34,309.47,1199,30.61,215.6,0,0,0,0,0,0,No_Failure
4104,L51103,L,298.58,307.65,1300,46.57,12.9,0,0,0,0,0,0,No_Failure
4105,H51104,H,301.02,312.54,1416,53.01,17.3,0,0,0,0,0,0,No_Failure
4106,L51105,L,300.11,309.39,1755,30.33,145.2,0,0,0,0,0,0,No_Failure
4107,M51106,M,298.77,309.04,1670,41.83,79.3,0,0,0,0,0,0,No_Failure
4108,M51107,M,302.68,314.03,1191,28.68,124.1,0,0,0,0,0,0,No_Failure
4109,H51108,H,300.41,310.95,1421,42.76,143.6,0,1,0,0,0,1,HDF
4110,M51109,M,301.26,310.5,1262,33.57,161.4,0,0,0,0,0,0,No_Failure
4111,L51110,L,302.83,311.82,1493,41.83,185.1,0,0,0,0,0,0,No_Failure
4112,H51111,H,302.8,314.67,1662,27.88,216.8,0,0,0,0,0,0,No_Failure
4113,M51112,M,301.16,310.12,1676,23.66,153.5,0,0,0,0,0,0,No_Failure
4114,M51113,M,299.39,308.84,1548,70.98,26.6,0,0,0,0,0,0,No_Failure
4115,M51114,M,297.14,307.51,1423,40.69,34.5,0,0,0,0,0,0,No_Failure
4116,L51115,L,300.41,310.19,1483,61.35,155.3,0,0,0,0,0,0,No_Failure
4117,M51116,M,302.19,312.76,1623,55.09,179.3,0,0,1,0,0,1,PWF
4118,H51117,H,300.71,309.24,1923,23.64,190.8,0,0,0,0,0,0,No_Failure
4119,L51118,L,293.11,302.9,1287,43.62,131.2,0,0,0,0,0,0,No_Failure
4120,L51119,L,301.74,312.42,1786,27.06,151.9,0,0,0,0,0,0,No_Failure
4121,H51120,H,301.86,312.54,1544,37.04,246.6,1,0,0,0,0,1,TWF
4122,M51121,M,299.4,308.83,1648,21.15,88.1,0,0,0,0,0,0,No_Failure
4123,H51122,H,301.98,310.96,1533,24.26,54.2,0,0,0,0,0,0,No_Failure
4124,L51123,L,301.26,311.47,1753,31.45,245.2,0,0,0,0,0,0,No_Failure
4125,H51124,H,298.63,307.32,1559,34.54,232.4,0,0,0,0,0,0,No_Failure
4126,L51125,L,302.54,313.83,1383,40.39,1.8,0,0,0,0,0,0,No_Failure
4127,M51126,M,297.47,307.62,1581,29.64,101.7,0,0,0,0,0,0,No_Failure
4128,L51127,L,299.89,309.19,1703,41.49,185.9,0,0,0,0,0,0,No_Failure
4129,M51128,M,299.69,308.63,1500,51.36,44.9,0,0,0,0,0,0,No_Failure
4130,H51129,H,298.35,307.72,1127,42.74,8.1,0,0,0,0,0,0,No_Failure
4131,M51130,M,300.61,309.05,1479,39.33,9.2,0,0,0,0,0,0,No_Failure
4132,M51131,M,302.62,313.12,1518,43.42,142.9,0,0,0,0,0,0,No_Failure
4133,L51132,L,302.5,311.69,1492,25.65,58.3,0,0,0,0,0,0,No_Failure
4134,M51133,M,301.45,311.85,1411,49.52,65.2,0,0,0,0,0,0,No_Failure
4135,M51134,M,296.61,307.15,1738,28.02,3.8,0,0,0,0,0,0,No_Failure
4136,L51135,L,297.33,308.29,1073,55.52,183.7,0,0,0,0,0,0,No_Failure
4137,M51136,M,300.33,310.58,1517,47.71,213.4,0,0,0,0,0,0,No_Failure
4138,H51137,H,299.93,311.06,1519,45.57,185.6,0,0,0,0,0,0,No_Failure
4139,M51138,M,299.0,310.39,1877,46.0,34.5,0,0,0,0,0,0,No_Failure
4140,M51139,M,303.81,314.07,1497,39.98,242.2,0,0,0,0,0,0,No_Failure
4141,L51140,L,300.21,310.53,1580,32.14,243.4,0,0,0,0,0,0,No_Failure
4142,M51141,M,301.08,310.53,1523,30.58,65.6,0,0,0,0,0,0,No_Failure
4143,L51142,L,301.98,310.99,1517,57.51,248.7,0,0,0,1,0,1,OSF
4144,L51143,L,300.11,311.39,1817,41.03,112.4,0,0,0,0,0,0,No_Failure
4145,L51144,L,305.18,315.79,1300,28.85,10.5,0,0,0,0,0,0,No_Failure
4146,L51145,L,298.12,308.81,1380,45.17,145.6,0,0,0,0,0,0,No_Failure
4147,L51146,L,298.79,308.2,1636,43.43,133.3,0,0,0,0,0,0,No_Failure
4148,M51147,M,298.11,309.74,1546,36.71,217.1,1,0,0,0,0,1,TWF
4149,L51148,L,303.13,312.9,1449,31.02,90.0,0,0,0,0,0,0,No_Failure
4150,L51149,L,301.6,310.8,1487,47.36,194.0,0,0,0,0,0,0,No_Failure
4151,L51150,L,298.91,308.34,1665,49.46,199.0,0,0,0,0,0,0,No_Failure
4152,M51151,M,298.27,309.84,1587,43.22,8.8,0,0,0,0,0,0,No_Failure
4153,L51152,L,302.77,311.66,1372,40.72,170.3,0,0,0,0,0,0,No_Failure
4154,L51153,L,300.72,309.97,1543,32.18,121.3,0,0,0,0,0,0,No_Failure
4155,M51154,M,302.82,315.72,1491,44.8,51.2,0,0,0,0,0,0,No_Failure
4156,L51155,L,299.88,310.82,1585,33.65,105.5,0,0,0,0,0,0,No_Failure
4157,H51156,H,301.02,310.29,1442,27.28,216.9,1,0,0,0,0,1,TWF
4158,L51157,L,300.6,309.52,1283,51.26,174.5,0,0,0,0,0,0,No_Failure
4159,L51158,L,298.75,307.08,1621,29.7,158.7,0,0,0,0,0,0,No_Failure
4160,L51159,L,299.71,309.81,1599,21.03,20.6,0,0,0,0,0,0,No_Failure
4161,M51160,M,297.63,308.36,1755,53.09,168.7,0,0,0,0,0,0,No_Failure
4162,L51161,L,300.99,312.51,1263,22.56,191.9,0,0,1,0,0,1,PWF
4163,H51162,H,301.52,309.63,1487,36.1,240.3,1,0,0,0,0,1,TWF
4164,L51163,L,301.98,310.65,1459,29.04,201.9,0,0,0,0,0,0,No_Failure
4165,M51164,M,301.33,311.21,1429,32.76,20.2,0,0,0,0,0,0,No_Failure
4166,L51165,L,299.74,312.53,1223,62.24,238.7,1,0,0,1,0,1,TWF
4167,L51166,L,303.1,313.99,1308,38.98,200.4,0,0,0,0,0,0,No_Failure
4168,L51167,L,301.78,312.16,1549,43.6,0.8,0,0,0,0,0,0,No_Failure
4169,M51168,M,302.78,311.55,1410,47.9,180.3,0,0,0,0,0,0,No_Failure
4170,L51169,L,302.9,310.78,1351,33.53,76.9,0,0,0,0,0,0,No_Failure
4171,H51170,H,299.75,309.79,1757,50.75,153.1,0,0,0,0,0,0,No_Failure
4172,M51171,M,300.78,310.68,1927,43.76,71.5,0,0,0,0,0,0,No_Failure
4173,H51172,H,301.55,311.28,1490,47.54,184.7,0,0,0,0,0,0,No_Failure
4174,L51173,L,297.7,307.32,1230,32.75,47.2,0,0,0,0,0,0,No_Failure
4175,M51174,M,297.75,307.0,1571,44.44,211.1,0,0,0,0,0,0,No_Failure
4176,M51175,M,297.4,306.42,1125,39.91,18.4,0,0,0,0,0,0,No_Failure
4177,M51176,M,299.78,311.17,1257,51.3,6.1,0,0,0,0,0,0,No_Failure
4178,H51177,H,299.33,308.45,1574,34.6,33.4,0,0,0,0,0,0,No_Failure
4179,M51178,M,297.13,306.85,1251,60.32,97.3,0,0,0,0,0,0,No_Failure
4180,H51179,H,300.3,310.26,1447,43.39,166.1,0,0,0,0,0,0,No_Failure
4181,M51180,M,299.81,310.52,1233,38.75,121.6,0,0,0,0,0,0,No_Failure
4182,L51181,L,302.36,311.51,1510,37.58,120.4,0,0,0,0,0,0,No_Failure
4183,M51182,M,304.03,315.0,1702,39.93,219.0,0,0,0,0,0,0,No_Failure
4184,L51183,L,300.91,310.33,1390,33.71,141.5,0,0,0,0,0,0,No_Failure
4185,H51184,H,298.61,308.44,1497,46.67,128.4,0,0,0,0,0,0,No_Failure
4186,H51185,H,301.29,312.94,1353,39.88,106.1,0,0,0,0,0,0,No_Failure
4187,L51186,L,300.02,309.05,1366,59.44,247.5,0,0,0,0,0,0,No_Failure
4188,L51187,L,299.52,310.24,1350,35.67,61.4,0,0,0,0,0,0,No_Failure
4189,L51188,L,298.28,309.28,1641,38.79,39.4,0,0,0,0,0,0,No_Failure
4190,L51189,L,299.07,309.38,1246,35.66,124.6,0,0,0,0,0,0,No_Failure
4191,L51190,L,299.64,309.53,1440,58.69,171.5,0,0,0,0,0,0,No_Failure
4192,M51191,M,301.61,313.73,1574,25.54,5.5,0,0,0,0,0,0,No_Failure
4193,M51192,M,301.02,311.01,1664,40.94,216.8,0,0,0,0,0,0,No_Failure
4194,H51193,H,303.65,313.86,1579,43.13,71.6,0,0,0,0,0,0,No_Failure
4195,L51194,L,301.35,311.01,1487,28.72,163.3,0,0,0,0,0,0,No_Failure
4196,M51195,M,300.85,311.0,1398,66.43,43.8,0,0,0,0,0,0,No_Failure
4197,L51196,L,299.39,310.35,1667,30.69,220.6,0,0,0,0,0,0,No_Failure
4198,H51197,H,297.93,307.65,1344,40.34,90.8,0,0,0,0,0,0,No_Failure
4199,L51198,L,298.86,306.75,1347,56.84,47.3,0,1,0,0,0,1,HDF
4200,L51199,L,298.6,309.11,1743,36.25,5.0,0,1,0,0,0,1,HDF
4201,L51200,L,294.88,303.8,1565,41.44,78.1,0,1,0,0,0,1,HDF
4202,H51201,H,297.98,308.72,1571,36.55,95.9,0,0,0,0,0,0,No_Failure
4203,L51202,L,303.2,313.2,1608,39.47,8.9,0,0,0,0,0,0,No_Failure
4204,M51203,M,300.74,311.68,1483,50.81,140.5,0,0,0,0,0,0,No_Failure
4205,M51204,M,299.25,308.3,1241,35.78,115.0,0,0,0,0,0,0,No_Failure
4206,M51205,M,300.8,310.26,1545,13.46,124.7,0,0,0,0,0,0,No_Failure
4207,L51206,L,296.09,305.75,1497,39.67,33.8,0,0,0,0,0,0,No_Failure
4208,L51207,L,300.56,309.08,1345,40.63,96.9,0,0,0,0,0,0,No_Failure
4209,L51208,L,302.55,313.67,1304,41.95,244.9,0,0,0,0,0,0,No_Failure
4210,L51209,L,299.76,308.13,1492,38.17,90.4,0,0,0,0,0,0,No_Failure
4211,M51210,M,296.46,307.55,1256,31.37,200.6,0,0,0,0,0,0,No_Failure
4212,L51211,L,299.17,309.6,1474,37.55,31.4,0,0,0,0,0,0,No_Failure
4213,L51212,L,302.56,312.36,1452,57.65,31.1,0,0,0,0,0,0,No_Failure
4214,L51213,L,300.52,310.86,1479,39.58,252.7,0,0,0,0,0,0,No_Failure
4215,M51214,M,297.16,307.48,1572,46.53,164.0,0,0,0,0,0,0,No_Failure
4216,L51215,L,304.74,314.33,1612,29.66,168.2,0,0,0,0,0,0,No_Failure
4217,M51216,M,297.49,307.79,1372,37.09,107.8,0,0,0,0,0,0,No_Failure
4218,L51217,L,299.51,310.25,1657,29.99,192.6,0,0,0,0,0,0,No_Failure
4219,H51218,H,297.93,306.98,1461,52.94,234.8,1,0,0,0,0,1,TWF
4220,M51219,M,297.93,308.27,1816,24.44,20.7,0,0,0,0,0,0,No_Failure
4221,L51220,L,299.1,306.47,1395,43.72,43.6,0,0,0,0,0,0,No_Failure
4222,L51221,L,301.27,309.34,1210,43.41,219.1,0,1,0,0,0,1,HDF
4223,L51222,L,302.58,313.15,1650,42.76,20.0,0,0,0,0,0,0,No_Failure
4224,L51223,L,299.23,308.81,1577,16.55,90.9,0,0,0,0,0,0,No_Failure
4225,L51224,L,297.98,307.13,1716,19.77,21.1,0,0,0,0,0,0,No_Failure
4226,H51225,H,300.96,310.9,1556,41.17,103.2,0,0,0,0,0,0,No_Failure
4227,M51226,M,301.02,310.62,1921,30.77,113.1,0,0,0,0,0,0,No_Failure
4228,L51227,L,300.48,309.49,1466,33.57,45.6,0,0,0,0,0,0,No_Failure
4229,M51228,M,300.55,308.91,1688,35.75,20.7,0,0,0,0,0,0,No_Failure
4230,L51229,L,299.77,307.81,1405,29.47,105.6,0,0,0,0,0,0,No_Failure
4231,H51230,H,300.2,310.94,1589,27.75,130.2,0,0,0,0,0,0,No_Failure
4232,L51231,L,299.64,309.21,1622,40.0,186.5,0,0,0,0,0,0,No_Failure
4233,M51232,M,302.14,313.11,1650,20.94,183.7,0,0,0,0,1,1,RNF
4234,M51233,M,304.46,314.02,1640,34.94,17.7,0,0,0,0,0,0,No_Failure
4235,L51234,L,300.36,310.71,917,33.33,110.8,0,0,1,0,0,1,PWF
4236,L51235,L,299.99,309.86,1488,39.76,213.5,0,0,0,0,0,0,No_Failure
4237,L51236,L,300.51,310.56,1396,63.87,151.0,0,0,0,0,0,0,No_Failure
4238,H51237,H,298.68,308.78,1432,30.18,216.3,0,0,0,0,0,0,No_Failure
4239,M51238,M,301.53,311.08,1449,44.06,240.6,0,0,0,0,0,0,No_Failure
4240,M51239,M,300.88,309.65,1676,42.21,84.6,0,0,0,0,0,0,No_Failure
4241,M51240,M,299.16,309.93,1536,45.6,33.6,0,0,0,0,0,0,No_Failure
4242,H51241,H,301.8,313.4,1409,37.87,21.2,0,0,0,0,0,0,No_Failure
4243,L51242,L,300.04,311.7,1236,54.41,32.0,0,0,0,0,0,0,No_Failure
4244,M51243,M,298.06,307.51,1776,46.85,172.7,0,0,0,0,0,0,No_Failure
4245,M51244,M,300.7,309.97,1383,47.01,30.2,0,0,0,0,0,0,No_Failure
4246,L51245,L,300.47,309.92,1476,25.86,241.0,0,0,0,0,0,0,No_Failure
4247,H51246,H,301.92,311.74,1885,40.96,166.7,0,0,0,0,0,0,No_Failure
4248,L51247,L,301.66,311.61,1388,34.9,241.7,1,0,0,0,0,1,TWF
4249,L51248,L,299.78,308.78,1450,31.38,142.6,0,0,0,0,0,0,No_Failure
4250,H51249,H,299.06,307.58,1542,33.74,51.2,0,0,0,0,0,0,No_Failure
4251,L51250,L,300.0,310.05,1211,39.44,42.5,0,0,0,0,0,0,No_Failure
4252,L51251,L,300.73,307.2,1190,44.57,194.3,0,1,0,0,0,1,HDF
4253,L51252,L,300.97,310.87,1413,49.82,0.0,0,0,0,0,0,0,No_Failure
4254,M51253,M,300.6,309.66,1420,49.35,221.4,0,0,0,0,0,0,No_Failure
4255,H51254,H,299.82,310.6,1524,42.93,7.5,0,0,0,0,0,0,No_Failure
4256,L51255,L,301.99,313.04,1324,40.56,152.9,0,0,0,0,0,0,No_Failure
4257,L51256,L,298.65,309.72,1578,36.76,98.4,0,0,0,0,0,0,No_Failure
4258,L51257,L,304.96,314.61,1112,37.52,154.7,0,0,0,0,0,0,No_Failure
4259,H51258,H,301.53,310.39,1487,32.2,197.9,0,0,0,0,0,0,No_Failure
4260,L51259,L,297.75,306.93,1565,35.72,28.3,0,0,0,0,0,0,No_Failure
4261,H51260,H,300.37,310.66,1559,43.54,239.4,0,0,0,0,0,0,No_Failure
4262,H51261,H,301.55,309.9,1471,55.4,150.7,0,0,0,0,0,0,No_Failure
4263,L51262,L,299.3,310.69,1381,38.5,96.6,0,0,0,0,0,0,No_Failure
4264,H51263,H,297.01,306.68,1465,31.92,247.7,0,0,0,0,0,0,No_Failure
4265,M51264,M,297.92,308.42,1722,49.69,205.3,0,0,0,0,0,0,No_Failure
4266,M51265,M,301.08,309.3,1392,19.98,41.0,0,0,0,0,0,0,No_Failure
4267,L51266,L,296.49,305.56,1676,50.43,22.4,0,0,0,0,0,0,No_Failure
4268,H51267,H,297.1,305.2,1705,25.67,233.5,0,0,1,0,0,1,PWF
4269,M51268,M,301.07,312.09,1188,46.57,148.0,0,0,0,0,0,0,No_Failure
4270,M51269,M,299.55,309.39,1477,35.24,117.3,0,0,0,0,0,0,No_Failure
4271,H51270,H,298.61,309.18,1324,43.21,19.6,0,0,0,0,0,0,No_Failure
4272,L51271,L,299.01,309.07,1230,60.83,137.1,0,0,0,0,0,0,No_Failure
4273,H51272,H,297.06,307.53,1643,31.62,68.7,0,0,0,0,0,0,No_Failure
4274,H51273,H,300.97,310.63,1585,29.99,48.9,0,0,0,0,0,0,No_Failure
4275,L51274,L,298.39,308.18,1547,40.78,98.9,0,0,0,0,0,0,No_Failure
4276,L51275,L,298.93,308.84,1305,55.25,9.0,0,0,0,0,0,0,No_Failure
4277,L51276,L,300.69,311.1,1538,41.79,151.3,0,0,0,0,0,0,No_Failure
4278,H51277,H,299.49,309.92,1264,40.45,157.1,0,0,0,0,0,0,No_Failure
4279,L51278,L,298.59,311.4,1514,41.69,175.8,0,0,0,0,0,0,No_Failure
4280,M51279,M,296.02,307.7,1381,29.95,5.8,0,0,0,0,0,0,No_Failure
4281,L51280,L,300.73,308.96,1689,41.79,44.4,0,0,0,0,0,0,No_Failure
4282,L51281,L,300.16,310.01,1435,36.07,195.4,0,0,0,0,0,0,No_Failure
4283,M51282,M,298.97,308.56,1542,53.22,145.4,0,0,0,0,0,0,No_Failure
4284,L51283,L,297.93,309.21,1542,47.98,2.3,0,0,0,0,0,0,No_Failure
4285,H51284,H,300.03,309.71,1486,26.76,184.9,0,1,0,0,0,1,HDF
4286,L51285,L,300.96,311.43,1519,37.17,105.4,0,0,0,0,0,0,No_Failure
4287,H51286,H,300.2,307.86,1555,45.28,66.6,0,0,0,0,0,0,No_Failure
4288,L51287,L,303.28,311.76,1339,30.18,190.8,0,0,0,0,0,0,No_Failure
4289,H51288,H,301.41,313.5,1573,29.21,91.2,0,0,0,0,0,0,No_Failure
4290,M51289,M,299.79,309.84,1655,35.38,114.8,0,0,0,0,0,0,No_Failure
4291,L51290,L,301.48,310.48,1572,43.44,217.8,0,0,0,0,0,0,No_Failure
4292,L51291,L,300.1,310.34,1436,50.37,37.9,0,0,0,0,0,0,No_Failure
4293,L51292,L,300.09,309.04,1531,42.32,143.1,0,0,0,0,0,0,No_Failure
4294,M51293,M,302.59,312.31,1435,64.62,26.3,0,0,0,0,0,0,No_Failure
4295,H51294,H,298.2,306.75,1479,33.23,247.4,0,0,0,0,0,0,No_Failure
4296,L51295,L,300.05,309.26,1286,47.4,78.9,0,0,0,0,0,0,No_Failure
4297,L51296,L,302.38,311.96,1748,28.91,230.3,0,0,0,0,0,0,No_Failure
4298,M51297,M,300.62,311.74,1848,56.11,92.9,0,0,1,0,0,1,PWF
4299,M51298,M,299.26,309.73,1373,53.59,214.1,0,0,0,0,0,0,No_Failure
4300,M51299,M,296.59,307.23,1642,47.12,193.4,0,0,0,0,0,0,No_Failure
4301,L51300,L,295.46,305.43,1762,22.64,58.8,0,0,0,0,0,0,No_Failure
4302,M51301,M,304.15,314.98,1328,47.02,163.7,0,0,0,0,0,0,No_Failure
4303,H51302,H,300.62,309.74,1111,31.81,59.0,0,0,0,0,0,0,No_Failure
4304,L51303,L,298.83,308.1,1773,44.54,4.8,0,0,0,0,0,0,No_Failure
4305,L51304,L,300.7,311.11,1498,25.45,76.0,0,0,0,0,0,0,No_Failure
4306,L51305,L,298.1,307.83,1406,42.7,179.8,0,0,0,0,0,0,No_Failure
4307,M51306,M,299.34,309.32,1509,36.46,45.2,0,0,0,0,0,0,No_Failure
4308,L51307,L,298.12,307.95,1434,32.22,158.8,0,0,0,0,0,0,No_Failure
4309,H51308,H,297.17,308.43,2033,45.93,193.5,0,0,0,0,0,0,No_Failure
4310,M51309,M,295.79,307.1,1404,39.49,78.5,0,0,0,0,0,0,No_Failure
4311,M51310,M,296.8,306.18,1559,37.95,25.8,0,0,0,0,0,0,No_Failure
4312,M51311,M,302.04,310.28,1733,47.37,150.9,0,0,0,0,0,0,No_Failure
4313,L51312,L,298.03,307.31,1732,59.04,33.2,0,0,1,0,0,1,PWF
4314,H51313,H,301.07,310.17,1697,42.76,0.7,0,0,0,0,0,0,No_Failure
4315,L51314,L,301.91,312.75,1423,21.94,33.1,0,0,0,0,0,0,No_Failure
4316,M51315,M,300.03,310.95,1473,24.42,67.5,0,0,0,0,0,0,No_Failure
4317,H51316,H,299.4,308.37,1109,40.69,171.4,0,0,0,0,0,0,No_Failure
4318,M51317,M,300.27,309.51,1487,50.26,84.1,0,0,0,0,0,0,No_Failure
4319,H51318,H,299.17,307.69,1506,41.35,232.4,0,0,0,0,0,0,No_Failure
4320,L51319,L,302.41,312.54,1634,45.12,187.8,0,0,0,0,0,0,No_Failure
4321,H51320,H,303.75,313.71,1823,39.41,249.8,0,0,0,0,0,0,No_Failure
4322,M51321,M,302.9,313.69,1628,49.62,168.3,0,0,0,0,0,0,No_Failure
4323,M51322,M,295.7,306.19,1693,46.17,5.4,0,0,0,0,0,0,No_Failure
4324,L51323,L,299.13,309.74,1497,29.8,37.7,0,0,0,0,0,0,No_Failure
4325,L51324,L,300.01,308.47,1731,44.48,68.2,0,0,0,0,0,0,No_Failure
4326,M51325,M,300.93,310.3,1502,24.57,177.9,0,0,0,0,0,0,No_Failure
4327,L51326,L,296.55,307.49,1705,44.48,163.3,0,0,0,0,0,0,No_Failure
4328,M51327,M,296.51,305.97,1645,37.17,51.9,0,0,0,0,0,0,No_Failure
4329,H51328,H,302.61,310.99,1571,41.61,176.6,0,0,0,0,0,0,No_Failure
4330,H51329,H,298.88,309.69,1223,43.24,70.6,0,0,0,0,0,0,No_Failure
4331,L51330,L,297.03,306.45,1697,42.82,169.1,0,0,0,0,0,0,No_Failure
4332,H51331,H,297.79,308.86,1568,54.17,78.6,0,0,0,0,0,0,No_Failure
4333,L51332,L,300.78,310.76,1626,40.34,53.2,0,0,0,0,0,0,No_Failure
4334,L51333,L,298.35,308.08,1556,41.89,125.2,0,0,0,0,0,0,No_Failure
4335,H51334,H,300.48,311.85,1587,53.3,248.1,0,0,0,0,0,0,No_Failure
4336,L51335,L,298.04,306.74,1734,58.97,163.6,0,0,1,0,0,1,PWF
4337,L51336,L,296.51,307.95,1415,39.82,89.0,0,0,0,0,0,0,No_Failure
4338,L51337,L,302.85,312.21,1584,34.88,131.2,0,0,0,0,0,0,No_Failure
4339,M51338,M,300.8,310.96,1360,35.37,111.0,0,0,0,0,0,0,No_Failure
4340,H51339,H,299.33,309.5,1604,44.51,7.9,0,0,0,0,0,0,No_Failure
4341,L51340,L,298.96,308.53,1545,37.97,170.6,0,0,0,0,0,0,No_Failure
4342,L51341,L,302.93,312.17,1386,22.51,52.0,0,0,0,0,0,0,No_Failure
4343,M51342,M,301.18,310.81,1517,51.23,135.2,0,0,0,0,0,0,No_Failure
4344,L51343,L,302.29,311.28,1398,48.15,17.9,0,0,0,0,0,0,No_Failure
4345,M51344,M,298.83,310.79,1432,51.47,199.9,0,0,0,0,0,0,No_Failure
4346,H51345,H,300.1,309.62,1564,53.44,4.4,0,0,0,0,0,0,No_Failure
4347,M51346,M,300.8,311.96,1548,41.91,81.3,0,0,0,0,0,0,No_Failure
4348,H51347,H,298.9,309.93,1154,42.61,97.0,0,0,0,0,0,0,No_Failure
4349,M51348,M,299.81,310.17,1567,50.07,195.4,0,0,0,0,0,0,No_Failure
4350,H51349,H,298.83,308.7,1445,27.85,246.3,0,0,0,0,0,0,No_Failure
4351,L51350,L,300.8,310.99,1425,36.48,48.4,0,0,0,0,0,0,No_Failure
4352,L51351,L,297.36,307.93,1297,39.41,35.2,0,0,0,0,0,0,No_Failure
4353,M51352,M,301.14,311.24,1492,49.22,157.3,0,0,0,0,0,0,No_Failure
4354,L51353,L,300.62,309.05,1406,34.61,55.0,0,0,0,0,0,0,No_Failure
4355,H51354,H,299.59,307.78,1729,32.88,6.1,0,0,0,0,0,0,No_Failure
4356,M51355,M,300.9,312.41,1185,35.69,58.6,0,0,0,0,0,0,No_Failure
4357,H51356,H,299.27,306.64,1326,44.7,59.3,0,0,0,0,0,0,No_Failure
4358,L51357,L,298.66,308.86,1314,39.32,139.5,0,0,0,0,0,0,No_Failure
4359,L51358,L,301.09,310.85,1547,25.49,113.9,0,0,0,0,0,0,No_Failure
4360,M51359,M,301.17,311.33,1711,27.46,84.4,0,0,0,0,0,0,No_Failure
4361,L51360,L,298.99,307.85,1591,41.37,73.1,0,0,0,0,0,0,No_Failure
4362,M51361,M,298.81,309.16,1303,41.7,67.8,0,0,0,0,0,0,No_Failure
4363,M51362,M,299.63,309.84,1423,40.28,218.0,0,0,0,0,0,0,No_Failure
4364,H51363,H,298.9,311.66,1354,35.29,116.6,0,0,0,0,0,0,No_Failure
4365,M51364,M,303.05,313.18,1591,47.88,216.3,0,0,0,0,0,0,No_Failure
4366,L51365,L,300.63,311.98,1419,43.69,251.9,1,0,0,0,0,1,TWF
4367,L51366,L,300.03,308.53,1246,43.35,125.4,0,1,0,0,0,1,HDF
4368,M51367,M,298.13,309.15,1605,43.7,234.9,0,0,0,0,0,0,No_Failure
4369,L51368,L,301.48,311.7,1727,55.97,44.2,0,0,0,0,0,0,No_Failure
4370,L51369,L,298.78,309.05,1468,29.76,78.4,0,0,0,0,0,0,No_Failure
4371,L51370,L,298.69,308.98,1522,35.79,166.7,0,0,0,0,0,0,No_Failure
4372,L51371,L,301.55,313.25,1229,36.64,60.2,0,0,0,0,0,0,No_Failure
4373,M51372,M,300.77,311.03,1129,52.58,149.7,0,0,0,0,0,0,No_Failure
4374,L51373,L,294.99,304.21,1167,36.26,227.4,0,0,0,0,0,0,No_Failure
4375,M51374,M,299.68,309.07,1492,32.08,246.3,1,0,0,0,0,1,TWF
4376,L51375,L,300.25,311.07,1445,38.94,135.3,0,0,0,0,0,0,No_Failure
4377,M51376,M,299.32,309.77,1598,41.05,186.4,0,0,0,0,0,0,No_Failure
4378,L51377,L,300.32,308.79,1464,51.96,152.6,0,0,0,0,0,0,No_Failure
4379,H51378,H,296.38,306.9,1678,36.2,106.2,0,0,0,0,0,0,No_Failure
4380,L51379,L,294.34,303.26,1657,33.13,90.2,0,0,0,0,0,0,No_Failure
4381,M51380,M,298.05,308.49,1442,30.9,155.4,0,0,0,0,0,0,No_Failure
4382,L51381,L,300.56,309.76,1319,36.56,87.4,0,0,0,0,0,0,No_Failure
4383,L51382,L,293.55,303.27,1155,65.64,189.5,0,0,0,0,0,0,No_Failure
4384,L51383,L,298.31,307.77,1758,43.82,31.9,0,0,0,0,0,0,No_Failure
4385,H51384,H,296.15,307.67,1330,45.98,181.8,0,0,0,0,0,0,No_Failure
4386,H51385,H,299.51,309.92,1231,40.0,129.3,0,0,0,0,0,0,No_Failure
4387,L51386,L,303.92,315.18,1523,41.37,20.7,0,0,0,0,0,0,No_Failure
4388,L51387,L,299.57,312.46,1232,47.87,212.4,0,0,0,0,0,0,No_Failure
4389,M51388,M,299.78,309.83,1523,45.63,139.1,0,0,0,0,0,0,No_Failure
4390,M51389,M,301.68,313.18,1439,43.49,185.9,0,0,0,0,0,0,No_Failure
4391,L51390,L,300.04,309.34,1666,40.16,31.3,0,0,0,0,0,0,No_Failure
4392,M51391,M,299.57,310.82,1651,36.48,39.3,0,0,0,0,0,0,No_Failure
4393,M51392,M,301.85,311.05,1699,44.24,222.3,1,0,0,0,0,1,TWF
4394,M51393,M,300.94,310.93,1537,40.84,118.1,0,0,0,0,0,0,No_Failure
4395,L51394,L,300.58,311.11,1345,61.33,74.9,0,0,0,0,0,0,No_Failure
4396,L51395,L,299.72,310.42,1313,50.51,131.3,0,0,0,0,0,0,No_Failure
4397,L51396,L,299.31,308.04,1404,33.26,94.0,0,0,0,0,0,0,No_Failure
4398,M51397,M,301.83,310.97,1859,28.3,246.4,0,0,0,0,0,0,No_Failure
4399,L51398,L,299.33,309.94,1455,36.02,49.8,0,0,0,0,0,0,No_Failure
4400,M51399,M,302.46,312.09,1529,29.17,134.1,0,0,0,0,0,0,No_Failure
4401,M51400,M,297.91,306.51,1773,35.42,84.1,0,0,0,0,0,0,No_Failure
4402,M51401,M,302.87,312.8,1546,30.3,41.8,0,0,0,0,0,0,No_Failure
4403,L51402,L,300.94,310.83,1365,36.73,172.4,0,0,0,0,0,0,No_Failure
4404,L51403,L,298.06,308.24,1631,36.85,34.7,0,0,0,0,0,0,No_Failure
4405,L51404,L,301.02,311.55,1423,41.47,69.5,0,0,0,0,0,0,No_Failure
4406,M51405,M,298.7,309.17,1552,37.93,123.3,0,0,0,0,0,0,No_Failure
4407,H51406,H,300.07,309.3,1592,30.98,107.2,0,0,0,0,0,0,No_Failure
4408,L51407,L,299.03,308.62,1411,52.15,230.4,0,0,0,0,0,0,No_Failure
4409,H51408,H,299.73,310.66,1534,44.03,164.7,0,0,0,0,0,0,No_Failure
4410,L51409,L,301.88,311.34,1788,34.56,17.6,0,0,0,0,0,0,No_Failure
4411,L51410,L,301.04,310.64,1387,31.14,36.2,0,0,0,0,0,0,No_Failure
4412,L51411,L,297.75,306.25,1737,25.33,148.3,0,0,0,0,0,0,No_Failure
4413,M51412,M,297.86,307.84,1394,24.6,57.0,0,0,0,0,0,0,No_Failure
4414,L51413,L,300.54,310.89,1824,50.47,49.5,0,0,0,0,0,0,No_Failure
4415,L51414,L,300.69,308.71,1346,49.41,249.9,0,0,0,0,0,0,No_Failure
4416,M51415,M,298.65,307.58,1429,34.16,179.5,0,0,0,0,0,0,No_Failure
4417,M51416,M,303.18,311.76,1771,53.66,76.5,0,0,0,0,0,0,No_Failure
4418,L51417,L,301.63,312.42,1779,46.17,7.0,0,0,0,0,0,0,No_Failure
4419,L51418,L,298.75,306.84,1647,42.03,201.2,0,0,0,0,0,0,No_Failure
4420,M51419,M,298.56,308.48,1305,48.62,146.0,0,0,0,0,0,0,No_Failure
4421,L51420,L,299.54,310.26,1515,46.18,78.8,0,0,0,0,0,0,No_Failure
4422,L51421,L,299.34,309.52,1500,41.54,133.4,0,0,0,0,0,0,No_Failure
4423,M51422,M,302.51,312.07,1346,37.6,226.8,0,0,0,0,0,0,No_Failure
4424,L51423,L,301.97,312.32,1625,38.93,16.1,0,0,0,0,0,0,No_Failure
4425,M51424,M,300.07,311.11,1360,23.92,185.2,0,0,1,0,0,1,PWF
4426,L51425,L,301.36,311.25,1268,31.99,218.3,0,0,0,0,0,0,No_Failure
4427,L51426,L,301.65,309.41,1208,58.0,131.7,0,1,0,0,0,1,HDF
4428,L51427,L,300.12,311.26,1808,31.73,243.1,0,0,0,0,0,0,No_Failure
4429,L51428,L,300.81,311.21,1408,21.49,58.6,0,0,1,0,0,1,PWF
4430,L51429,L,301.19,311.16,1412,49.04,182.5,0,0,0,0,0,0,No_Failure
4431,L51430,L,300.98,308.99,1314,42.49,107.5,0,1,0,0,0,1,HDF
4432,H51431,H,298.44,308.14,1746,43.05,95.9,0,0,0,0,0,0,No_Failure
4433,H51432,H,298.64,307.77,1252,38.42,161.0,0,0,0,0,0,0,No_Failure
4434,L51433,L,299.42,308.21,1283,49.11,154.2,0,0,0,0,0,0,No_Failure
4435,M51434,M,298.59,308.45,1442,55.3,92.9,0,0,0,0,0,0,No_Failure
4436,M51435,M,297.05,306.52,1496,34.79,95.0,0,0,0,0,0,0,No_Failure
4437,H51436,H,301.35,310.88,1619,46.33,121.4,0,0,0,0,0,0,No_Failure
4438,L51437,L,300.69,311.43,1378,51.18,251.2,0,0,0,1,0,1,OSF
4439,L51438,L,297.32,307.58,1778,34.22,202.0,0,0,0,0,0,0,No_Failure
4440,L51439,L,299.52,309.02,1380,55.1,92.7,0,0,0,0,0,0,No_Failure
4441,L51440,L,299.63,309.01,1318,51.15,91.9,0,0,0,0,0,0,No_Failure
4442,L51441,L,300.36,309.91,1301,27.58,226.9,0,0,0,0,0,0,No_Failure
4443,H51442,H,297.84,307.59,1361,55.95,197.2,1,0,0,0,0,1,TWF
4444,H51443,H,297.29,307.88,1290,28.1,165.3,0,0,0,0,0,0,No_Failure
4445,L51444,L,301.04,310.0,1635,33.13,180.7,0,0,0,0,0,0,No_Failure
4446,L51445,L,296.93,308.39,1320,46.84,14.4,0,0,0,0,0,0,No_Failure
4447,L51446,L,299.53,310.12,1476,50.41,23.4,0,0,0,0,0,0,No_Failure
4448,L51447,L,299.35,306.61,1315,40.99,79.9,0,0,0,0,0,0,No_Failure
4449,M51448,M,299.75,309.84,1289,33.7,119.6,0,0,0,0,0,0,No_Failure
4450,L51449,L,300.51,311.55,1699,37.4,179.9,0,0,0,0,0,0,No_Failure
4451,H51450,H,303.2,313.59,1788,36.22,197.9,0,0,0,0,0,0,No_Failure
4452,H51451,H,296.8,306.39,1728,48.41,223.9,1,0,0,0,0,1,TWF
4453,M51452,M,301.75,311.69,1235,35.94,68.5,0,0,0,0,0,0,No_Failure
4454,M51453,M,294.98,305.15,1260,33.48,189.2,0,0,0,0,0,0,No_Failure
4455,M51454,M,302.79,313.56,1856,25.23,251.7,1,0,0,0,0,1,TWF
4456,L51455,L,295.91,304.5,1454,34.06,52.7,0,0,0,0,0,0,No_Failure
4457,L51456,L,304.87,314.27,1253,38.82,17.6,0,0,0,0,0,0,No_Failure
4458,M51457,M,299.22,310.86,1695,28.7,226.8,0,0,0,0,0,0,No_Failure
4459,L51458,L,302.58,312.61,1512,22.55,34.1,0,0,0,0,0,0,No_Failure
4460,H51459,H,302.17,313.7,1603,49.8,182.1,0,0,0,0,0,0,No_Failure
4461,L51460,L,299.13,312.11,1097,30.0,98.0,0,0,1,0,0,1,PWF
4462,L51461,L,299.28,308.79,1441,26.91,89.9,0,0,0,0,0,0,No_Failure
4463,L51462,L,298.33,307.13,1671,55.7,238.0,0,0,1,1,0,1,PWF
4464,H51463,H,301.57,311.31,1385,48.49,88.8,0,0,0,0,0,0,No_Failure
4465,L51464,L,299.15,310.25,1722,50.25,103.1,0,0,0,0,0,0,No_Failure
4466,L51465,L,298.36,309.6,1263,45.05,4.0,0,0,0,0,0,0,No_Failure
4467,L51466,L,301.07,313.35,1480,53.11,46.4,0,0,0,0,0,0,No_Failure
4468,M51467,M,298.21,308.17,1796,48.83,91.5,0,0,0,0,0,0,No_Failure
4469,H51468,H,299.34,309.83,1293,36.56,168.5,0,0,0,0,0,0,No_Failure
4470,L51469,L,300.21,309.5,1549,29.35,16.2,0,0,0,0,0,0,No_Failure
4471,H51470,H,298.72,306.21,1605,27.17,88.4,0,0,0,0,0,0,No_Failure
4472,L51471,L,299.02,308.98,1516,38.6,92.4,0,0,0,0,0,0,No_Failure
4473,M51472,M,303.07,311.92,1455,29.0,200.1,0,0,0,0,0,0,No_Failure
4474,L51473,L,299.59,310.23,1342,32.02,69.6,0,1,0,0,0,1,HDF
4475,L51474,L,299.28,307.4,1535,38.48,225.7,0,0,0,0,0,0,No_Failure
4476,M51475,M,299.65,308.91,1482,53.98,238.8,1,0,0,0,0,1,TWF
4477,M51476,M,300.91,311.18,1241,24.89,56.1,0,0,0,0,0,0,No_Failure
4478,L51477,L,297.93,308.3,1698,40.3,95.6,0,0,0,0,0,0,No_Failure
4479,H51478,H,300.85,310.81,1336,27.49,185.6,0,0,0,0,0,0,No_Failure
4480,H51479,H,300.51,312.38,1246,34.44,68.0,0,0,0,0,0,0,No_Failure
4481,L51480,L,296.42,307.99,1393,49.3,209.0,0,1,0,0,0,1,HDF
4482,M51481,M,303.59,312.9,1339,31.52,246.4,1,0,0,0,0,1,TWF
4483,M51482,M,302.92,314.53,1454,37.37,159.7,0,0,0,0,0,0,No_Failure
4484,L51483,L,298.4,310.16,1276,41.41,40.8,0,0,0,0,0,0,No_Failure
4485,H51484,H,297.76,307.63,1581,47.01,0.5,0,0,0,0,0,0,No_Failure
4486,L51485,L,300.46,310.5,1749,34.52,103.7,0,0,0,0,0,0,No_Failure
4487,M51486,M,297.15,307.1,1519,52.61,57.4,0,0,0,0,0,0,No_Failure
4488,L51487,L,302.73,312.08,1240,35.55,195.8,0,0,0,0,0,0,No_Failure
4489,L51488,L,299.06,308.52,1336,44.84,118.9,0,0,0,0,1,1,RNF
4490,M51489,M,303.24,314.56,1540,38.1,160.0,0,0,1,0,0,1,PWF
4491,M51490,M,298.35,308.79,1146,47.41,153.4,0,0,0,0,0,0,No_Failure
4492,H51491,H,299.78,309.22,1278,60.28,9.2,0,0,0,0,0,0,No_Failure
4493,H51492,H,302.53,311.61,1203,37.22,179.1,0,0,0,0,0,0,No_Failure
4494,L51493,L,299.35,308.6,1521,39.84,208.9,0,0,0,0,0,0,No_Failure
4495,L51494,L,300.54,310.38,1889,35.68,119.2,0,0,0,0,0,0,No_Failure
4496,L51495,L,302.19,313.1,1273,34.14,147.3,0,0,0,0,0,0,No_Failure
4497,L51496,L,298.89,308.03,1647,33.01,36.4,0,0,0,0,0,0,No_Failure
4498,L51497,L,297.48,308.38,1399,39.81,166.7,0,0,0,0,0,0,No_Failure
4499,H51498,H,297.08,307.28,1262,32.23,237.7,0,0,0,0,0,0,No_Failure
4500,M51499,M,301.17,311.31,1782,32.53,180.1,0,0,0,0,0,0,No_Failure
4501,L51500,L,300.78,311.8,1889,8.34,3.7,0,0,1,0,0,1,PWF
4502,L51501,L,302.12,312.97,1574,53.85,78.3,0,0,0,0,0,0,No_Failure
4503,M51502,M,299.45,308.05,1565,56.44,241.3,0,0,0,0,0,0,No_Failure
4504,L51503,L,297.14,306.05,1511,46.49,169.1,0,0,0,0,0,0,No_Failure
4505,L51504,L,295.29,305.06,1473,31.26,82.1,0,0,0,0,0,0,No_Failure
4506,L51505,L,305.74,316.09,1561,27.37,151.9,0,0,0,0,0,0,No_Failure
4507,L51506,L,301.05,312.42,1622,24.35,41.3,0,0,0,0,0,0,No_Failure
4508,L51507,L,300.27,310.34,1799,46.39,233.9,0,0,0,0,0,0,No_Failure
4509,M51508,M,300.56,312.26,1406,52.65,98.7,0,0,0,0,0,0,No_Failure
4510,L51509,L,297.14,306.43,1523,41.66,48.6,0,1,0,0,0,1,HDF
4511,M51510,M,298.41,307.87,1484,48.58,19.0,0,0,0,0,0,0,No_Failure
4512,M51511,M,303.49,313.18,1684,44.45,8.8,0,0,0,0,0,0,No_Failure
4513,H51512,H,301.32,310.5,1932,32.29,163.2,0,0,0,0,0,0,No_Failure
4514,L51513,L,298.47,309.63,1691,50.09,172.4,0,0,0,0,0,0,No_Failure
4515,L51514,L,297.55,304.78,1644,49.46,166.6,0,0,0,0,0,0,No_Failure
4516,L51515,L,298.97,308.47,1663,30.1,79.5,0,0,0,0,0,0,No_Failure
4517,L51516,L,299.37,310.52,1728,48.07,200.5,0,0,0,0,0,0,No_Failure
4518,L51517,L,304.1,313.79,1935,38.52,212.5,0,0,0,0,0,0,No_Failure
4519,M51518,M,299.62,310.7,1197,37.39,152.6,0,0,0,0,0,0,No_Failure
4520,L51519,L,297.62,309.82,1608,43.91,155.7,0,0,0,0,0,0,No_Failure
4521,L51520,L,299.88,309.96,1035,43.6,48.7,0,0,0,0,0,0,No_Failure
4522,L51521,L,300.53,311.7,1671,48.89,217.1,0,0,0,0,0,0,No_Failure
4523,M51522,M,297.44,309.86,1599,31.51,21.4,0,0,0,0,0,0,No_Failure
4524,H51523,H,300.8,311.21,1402,45.66,203.0,0,0,0,0,0,0,No_Failure
4525,M51524,M,302.42,312.37,1019,28.4,105.9,0,0,0,0,0,0,No_Failure
4526,M51525,M,300.28,311.18,1497,38.21,24.8,0,0,0,0,0,0,No_Failure
4527,M51526,M,298.41,309.59,1540,38.88,15.5,0,0,0,0,0,0,No_Failure
4528,M51527,M,298.94,308.9,1489,49.7,250.1,0,0,0,0,0,0,No_Failure
4529,L51528,L,296.68,306.2,1388,40.09,144.0,0,0,0,0,0,0,No_Failure
4530,M51529,M,299.73,311.45,1339,37.38,112.4,0,0,0,0,0,0,No_Failure
4531,M51530,M,300.62,310.35,1491,54.26,234.1,0,0,0,0,0,0,No_Failure
4532,L51531,L,298.21,309.4,1356,35.71,117.1,0,0,0,0,0,0,No_Failure
4533,M51532,M,303.88,314.14,1646,35.29,214.3,0,0,0,0,0,0,No_Failure
4534,L51533,L,301.58,313.41,1486,21.24,216.0,0,0,0,0,0,0,No_Failure
4535,M51534,M,296.41,305.57,1190,37.83,189.8,0,0,0,0,0,0,No_Failure
4536,L51535,L,296.46,305.6,1532,30.6,24.1,0,0,0,0,0,0,No_Failure
4537,M51536,M,298.03,308.89,1575,37.49,241.5,0,0,0,0,0,0,No_Failure
4538,H51537,H,303.15,312.02,1791,42.4,158.7,0,0,0,0,0,0,No_Failure
4539,L51538,L,301.78,311.9,1667,29.15,103.4,0,0,0,0,0,0,No_Failure
4540,L51539,L,303.25,314.8,1338,31.77,193.9,0,0,0,0,0,0,No_Failure
4541,L51540,L,300.02,308.24,1757,24.01,18.7,0,0,0,0,0,0,No_Failure
4542,L51541,L,299.58,309.98,1251,34.9,45.2,0,0,0,0,0,0,No_Failure
4543,H51542,H,297.5,308.72,1505,30.56,171.4,0,0,0,0,0,0,No_Failure
4544,L51543,L,300.7,310.67,1636,61.44,159.3,0,0,1,0,0,1,PWF
4545,L51544,L,299.61,308.68,1763,55.04,132.7,0,0,0,0,0,0,No_Failure
4546,L51545,L,299.53,309.27,1840,53.42,170.7,0,0,1,0,0,1,PWF
4547,H51546,H,303.24,312.4,1729,27.05,240.3,0,0,0,0,0,0,No_Failure
4548,L51547,L,299.75,309.82,1475,38.23,33.0,0,0,0,0,0,0,No_Failure
4549,M51548,M,302.66,312.39,1604,27.97,86.7,0,0,0,0,0,0,No_Failure
4550,L51549,L,296.82,306.31,1540,58.43,74.2,0,0,0,0,0,0,No_Failure
4551,L51550,L,305.38,315.84,1372,48.31,236.6,0,0,0,0,0,0,No_Failure
4552,M51551,M,299.25,310.83,1479,29.47,47.4,0,0,0,0,0,0,No_Failure
4553,L51552,L,301.41,311.74,1824,43.69,93.1,0,0,0,0,0,0,No_Failure
4554,M51553,M,301.73,313.08,1616,25.17,229.2,0,0,0,0,0,0,No_Failure
4555,L51554,L,299.01,310.58,1871,38.64,169.5,0,0,0,0,0,0,No_Failure
4556,M51555,M,301.64,311.05,1305,38.24,7.9,0,0,0,0,0,0,No_Failure
4557,M51556,M,301.74,312.02,1431,47.4,242.9,0,1,0,0,0,1,HDF
4558,M51557,M,298.57,308.15,1575,49.88,15.2,0,0,0,0,0,0,No_Failure
4559,L51558,L,298.6,307.12,1634,40.2,132.0,0,0,0,0,0,0,No_Failure
4560,M51559,M,300.09,310.45,1479,37.76,61.3,0,0,0,0,0,0,No_Failure
4561,H51560,H,299.77,308.72,1644,7.65,159.9,0,0,1,0,0,1,PWF
4562,L51561,L,302.79,313.27,1643,55.62,71.8,0,0,0,0,0,0,No_Failure
4563,L51562,L,301.41,309.85,1250,33.42,206.8,0,1,0,0,0,1,HDF
4564,H51563,H,299.86,310.03,1636,41.02,143.0,0,0,0,0,0,0,No_Failure
4565,L51564,L,301.21,309.64,1693,62.59,79.2,0,0,0,0,0,0,No_Failure
4566,M51565,M,295.91,306.58,1553,28.06,219.0,0,0,0,0,0,0,No_Failure
4567,M51566,M,298.77,308.38,1169,40.21,196.6,0,0,0,0,0,0,No_Failure
4568,L51567,L,300.58,310.09,1450,44.97,124.8,0,0,0,0,0,0,No_Failure
4569,M51568,M,302.23,313.36,1579,50.92,124.3,0,0,0,0,0,0,No_Failure
4570,M51569,M,300.4,310.08,1344,40.01,118.4,0,0,0,0,0,0,No_Failure
4571,L51570,L,302.92,313.03,1665,51.76,136.6,0,0,1,0,0,1,PWF
4572,H51571,H,301.74,311.54,1631,35.84,217.1,0,0,0,0,0,0,No_Failure
4573,L51572,L,299.02,309.53,1524,45.44,18.7,0,0,0,0,0,0,No_Failure
4574,L51573,L,299.72,310.76,1503,44.14,98.3,0,0,0,0,0,0,No_Failure
4575,H51574,H,300.82,311.65,1535,39.09,189.8,0,0,0,0,0,0,No_Failure
4576,L51575,L,299.1,308.64,1499,43.24,243.9,0,0,1,0,0,1,PWF
4577,H51576,H,303.06,314.27,1269,31.25,38.7,0,0,0,0,0,0,No_Failure
4578,L51577,L,297.78,306.87,1423,37.01,11.0,0,0,0,0,0,0,No_Failure
4579,L51578,L,300.63,309.89,1513,27.13,203.7,0,0,0,0,0,0,No_Failure
4580,L51579,L,301.47,311.34,1755,35.58,245.5,0,0,0,0,0,0,No_Failure
4581,M51580,M,299.37,310.42,1625,51.38,180.8,0,0,0,0,0,0,No_Failure
4582,M51581,M,298.92,307.75,1765,44.2,140.2,0,0,0,0,0,0,No_Failure
4583,H51582,H,299.85,310.74,1247,43.08,59.0,0,0,0,0,0,0,No_Failure
4584,H51583,H,301.62,311.57,1436,24.01,242.5,0,0,0,0,0,0,No_Failure
4585,M51584,M,299.0,308.57,1873,43.2,182.7,0,0,0,0,0,0,No_Failure
4586,M51585,M,297.86,308.96,1366,39.37,175.6,0,0,0,0,0,0,No_Failure
4587,M51586,M,302.3,311.5,1363,45.37,223.1,0,0,0,0,0,0,No_Failure
4588,H51587,H,300.8,313.08,1451,53.83,221.5,0,0,0,0,0,0,No_Failure
4589,M51588,M,302.02,311.84,1863,35.91,20.4,0,0,0,0,0,0,No_Failure
4590,H51589,H,301.52,311.67,1379,36.84,5.1,0,0,0,0,0,0,No_Failure
4591,L51590,L,304.36,315.9,1600,49.18,56.3,0,0,0,0,0,0,No_Failure
4592,L51591,L,302.23,312.41,1571,33.97,230.3,0,0,0,0,0,0,No_Failure
4593,M51592,M,298.55,309.74,1153,40.87,135.0,0,0,0,0,0,0,No_Failure
4594,L51593,L,300.94,308.99,1497,20.03,163.8,0,0,1,0,0,1,PWF
4595,L51594,L,298.89,308.44,1400,36.92,87.5,0,0,0,0,0,0,No_Failure
4596,H51595,H,299.09,309.49,1622,53.05,107.5,0,0,0,0,0,0,No_Failure
4597,L51596,L,297.17,308.26,1813,43.35,75.9,0,0,0,0,0,0,No_Failure
4598,L51597,L,299.43,310.2,1438,48.99,237.9,1,0,0,0,0,1,TWF
4599,L51598,L,301.09,311.77,1438,49.56,104.2,0,0,0,0,0,0,No_Failure
4600,L51599,L,299.87,310.93,1953,53.49,211.5,0,0,0,0,0,0,No_Failure
4601,M51600,M,297.8,308.28,1372,36.53,39.3,0,0,1,0,0,1,PWF
4602,H51601,H,296.95,304.81,1258,49.42,80.3,0,0,0,0,0,0,No_Failure
4603,H51602,H,304.22,315.67,1748,62.48,45.9,0,0,1,0,0,1,PWF
4604,M51603,M,300.65,309.81,1491,39.74,74.2,0,0,0,0,0,0,No_Failure
4605,M51604,M,298.35,308.67,1551,26.8,168.9,0,0,0,0,0,0,No_Failure
4606,L51605,L,300.92,311.1,1902,34.05,35.8,0,0,0,0,0,0,No_Failure
4607,H51606,H,304.38,314.43,1247,44.68,135.6,0,0,0,0,0,0,No_Failure
4608,L51607,L,301.24,310.13,1465,23.38,0.8,0,1,0,0,0,1,HDF
4609,L51608,L,294.43,302.49,1277,32.38,248.7,0,0,0,0,0,0,No_Failure
4610,H51609,H,305.3,314.3,1560,36.7,9.0,0,0,0,0,0,0,No_Failure
4611,H51610,H,296.3,307.13,1400,41.1,190.9,0,0,0,0,0,0,No_Failure
4612,L51611,L,299.59,308.14,1289,57.97,219.9,0,0,0,0,0,0,No_Failure
4613,M51612,M,297.73,306.85,1632,46.88,252.0,0,0,0,0,0,0,No_Failure
4614,L51613,L,298.52,308.94,1502,28.86,164.5,0,0,0,0,0,0,No_Failure
4615,L51614,L,300.57,309.54,1275,78.68,153.5,0,0,1,0,0,1,PWF
4616,L51615,L,295.86,305.31,1286,39.83,141.1,0,0,0,0,0,0,No_Failure
4617,L51616,L,299.82,309.9,1537,23.2,193.4,0,0,0,0,0,0,No_Failure
4618,M51617,M,302.29,312.58,1199,29.62,220.3,0,0,0,0,0,0,No_Failure
4619,L51618,L,298.31,307.27,1541,29.68,133.5,0,0,0,0,0,0,No_Failure
4620,M51619,M,297.22,307.36,1741,26.52,182.2,0,0,0,0,0,0,No_Failure
4621,L51620,L,299.72,310.12,1620,45.13,243.5,0,0,0,0,0,0,No_Failure
4622,H51621,H,299.32,308.05,1388,13.33,28.3,0,0,1,0,0,1,PWF
4623,M51622,M,298.81,309.02,1549,49.82,149.2,0,0,0,0,0,0,No_Failure
4624,H51623,H,297.62,306.91,1275,48.14,17.0,0,0,0,0,0,0,No_Failure
4625,L51624,L,301.04,311.16,1525,35.44,110.2,0,0,0,0,0,0,No_Failure
4626,M51625,M,301.19,311.91,1441,49.16,183.7,0,0,0,0,0,0,No_Failure
4627,H51626,H,297.87,307.69,1313,29.07,96.2,0,0,0,0,0,0,No_Failure
4628,L51627,L,298.15,309.06,1612,31.58,25.3,0,0,0,0,0,0,No_Failure
4629,L51628,L,300.27,311.06,1144,45.5,210.0,0,0,0,0,0,0,No_Failure
4630,L51629,L,298.07,308.98,1287,37.9,61.7,0,0,0,0,0,0,No_Failure
4631,L51630,L,300.36,310.76,1308,33.75,127.1,0,0,0,0,0,0,No_Failure
4632,L51631,L,302.94,314.04,1409,38.86,37.9,0,0,0,0,0,0,No_Failure
4633,L51632,L,299.88,310.27,1734,53.19,250.3,1,0,1,0,0,1,TWF
4634,L51633,L,297.57,305.91,1636,52.8,96.8,0,0,1,0,0,1,PWF
4635,M51634,M,300.78,309.99,1519,44.26,207.9,0,0,0,0,0,0,No_Failure
4636,L51635,L,299.64,309.43,1510,36.45,97.3,0,0,0,0,0,0,No_Failure
4637,L51636,L,299.7,309.61,1498,45.21,88.5,0,0,0,0,0,0,No_Failure
4638,M51637,M,300.95,311.31,1747,31.38,60.8,0,0,0,0,0,0,No_Failure
4639,L51638,L,301.38,310.58,1173,51.69,102.3,0,0,0,0,0,0,No_Failure
4640,L51639,L,300.07,312.08,1639,49.5,221.4,0,0,0,0,0,0,No_Failure
4641,L51640,L,299.88,309.78,1409,59.32,167.4,0,0,0,0,0,0,No_Failure
4642,L51641,L,304.13,314.12,1591,31.98,13.4,0,0,0,0,0,0,No_Failure
4643,L51642,L,302.4,311.73,1591,30.74,136.9,0,0,0,0,0,0,No_Failure
4644,L51643,L,301.67,310.66,1632,45.51,125.9,0,0,0,0,0,0,No_Failure
4645,L51644,L,300.26,310.14,1785,37.26,173.8,0,0,0,0,0,0,No_Failure
4646,H51645,H,297.99,308.02,1253,49.99,191.1,0,0,0,0,0,0,No_Failure
4647,H51646,H,302.25,312.17,1681,53.18,143.1,0,0,1,0,0,1,PWF
4648,L51647,L,300.29,311.94,1489,57.03,221.6,0,0,0,0,0,0,No_Failure
4649,L51648,L,298.85,308.72,1417,40.58,162.4,0,0,0,0,0,0,No_Failure
4650,L51649,L,299.51,309.43,1866,48.8,85.5,0,0,1,0,0,1,PWF
4651,H51650,H,298.07,308.88,1626,34.83,95.2,0,0,0,0,0,0,No_Failure
4652,H51651,H,302.11,311.94,1425,42.17,217.2,0,0,0,0,0,0,No_Failure
4653,L51652,L,301.37,311.91,1672,39.47,65.7,0,0,0,0,0,0,No_Failure
4654,L51653,L,300.36,309.08,1492,38.93,36.1,0,0,0,0,0,0,No_Failure
4655,L51654,L,299.91,308.64,1422,58.24,190.3,0,0,0,0,0,0,No_Failure
4656,H51655,H,298.64,308.76,1391,26.58,108.2,0,0,0,0,0,0,No_Failure
4657,H51656,H,295.74,305.51,1555,39.95,57.3,0,0,0,0,0,0,No_Failure
4658,L51657,L,297.17,306.37,1390,40.54,209.9,0,0,0,0,0,0,No_Failure
4659,M51658,M,298.51,308.64,1528,46.43,46.8,0,0,0,0,0,0,No_Failure
4660,L51659,L,298.21,308.42,1660,29.03,185.3,0,0,0,0,0,0,No_Failure
4661,M51660,M,300.58,309.87,1520,37.01,86.1,0,0,0,0,0,0,No_Failure
4662,H51661,H,301.62,311.1,1856,34.04,180.2,0,0,0,0,0,0,No_Failure
4663,L51662,L,299.74,309.96,1502,17.48,195.5,0,0,1,0,0,1,PWF
4664,L51663,L,302.82,311.8,1743,51.62,39.8,0,0,1,0,0,1,PWF
4665,M51664,M,298.43,307.83,1676,25.3,208.7,0,0,0,0,0,0,No_Failure
4666,L51665,L,299.73,310.26,1775,23.97,156.5,0,0,0,0,0,0,No_Failure
4667,H51666,H,299.9,309.87,1855,49.48,217.3,0,0,0,0,0,0,No_Failure
4668,L51667,L,302.18,311.71,1183,36.65,8.0,0,0,0,0,0,0,No_Failure
4669,H51668,H,300.21,309.31,1548,37.0,191.5,0,0,0,0,0,0,No_Failure
4670,L51669,L,300.27,309.25,1480,37.19,249.4,0,0,0,0,0,0,No_Failure
4671,L51670,L,296.69,306.56,1520,50.74,177.8,0,0,0,0,0,0,No_Failure
4672,L51671,L,298.2,310.23,1428,34.48,232.2,0,0,0,0,0,0,No_Failure
4673,L51672,L,302.19,312.76,1402,45.95,104.9,0,0,0,0,0,0,No_Failure
4674,L51673,L,295.85,304.52,1302,28.59,177.5,0,0,0,0,0,0,No_Failure
4675,M51674,M,302.69,313.39,1518,43.3,143.5,0,0,0,0,0,0,No_Failure
4676,L51675,L,301.0,310.24,1668,49.03,84.8,0,0,0,0,0,0,No_Failure
4677,L51676,L,298.5,308.5,1411,54.05,157.7,0,0,0,0,0,0,No_Failure
4678,L51677,L,298.34,307.75,1441,24.51,91.3,0,0,0,0,0,0,No_Failure
4679,L51678,L,303.79,315.81,1374,37.03,240.2,0,0,0,0,0,0,No_Failure
4680,H51679,H,302.82,311.69,1321,55.98,201.8,0,0,0,0,0,0,No_Failure
4681,H51680,H,299.76,310.07,1457,49.22,220.3,0,0,0,0,0,0,No_Failure
4682,L51681,L,300.27,309.58,1562,38.01,160.8,0,0,0,0,0,0,No_Failure
4683,M51682,M,298.71,309.45,1726,40.04,212.6,0,0,0,0,0,0,No_Failure
4684,M51683,M,300.27,310.56,1285,42.97,92.8,0,0,0,0,0,0,No_Failure
4685,H51684,H,298.65,309.91,1495,36.27,167.3,0,0,0,0,0,0,No_Failure
4686,L51685,L,299.84,310.56,1712,45.47,84.4,0,0,0,0,0,0,No_Failure
4687,L51686,L,303.62,312.93,1288,44.91,150.4,0,0,0,0,0,0,No_Failure
4688,L51687,L,299.81,312.72,1728,28.85,18.1,0,0,0,0,0,0,No_Failure
4689,H51688,H,297.9,308.46,1421,35.1,200.4,1,0,0,0,0,1,TWF
4690,M51689,M,297.27,306.72,1628,35.46,106.7,0,0,0,0,0,0,No_Failure
4691,L51690,L,300.25,310.46,1461,37.44,248.9,1,0,0,0,0,1,TWF
4692,L51691,L,298.48,309.11,1583,42.7,217.1,0,0,0,0,0,0,No_Failure
4693,M51692,M,300.49,311.09,1790,41.8,155.4,0,0,0,0,0,0,No_Failure
4694,H51693,H,296.76,307.26,1478,32.8,67.3,0,0,0,0,0,0,No_Failure
4695,L51694,L,301.38,312.35,1679,53.4,159.4,0,0,1,0,0,1,PWF
4696,M51695,M,297.88,308.75,1549,40.05,191.4,0,0,0,0,0,0,No_Failure
4697,L51696,L,300.09,309.25,1359,54.64,119.5,0,0,0,0,0,0,No_Failure
4698,L51697,L,299.32,311.43,1474,54.4,149.9,0,0,0,0,0,0,No_Failure
4699,M51698,M,303.44,315.41,1463,29.41,221.7,1,0,0,0,0,1,TWF
4700,M51699,M,300.34,311.14,1246,35.1,34.7,0,0,0,0,0,0,No_Failure
4701,H51700,H,303.89,313.93,1583,35.83,126.4,0,0,0,0,0,0,No_Failure
4702,L51701,L,301.12,311.18,1618,43.13,219.1,1,0,0,0,0,1,TWF
4703,L51702,L,302.85,312.53,1646,47.26,99.0,0,0,0,0,0,0,No_Failure
4704,L51703,L,299.58,309.39,1757,41.47,223.7,0,0,0,0,0,0,No_Failure
4705,L51704,L,300.69,308.5,1672,34.49,141.2,0,0,0,0,0,0,No_Failure
4706,L51705,L,302.44,313.97,1391,56.52,101.5,0,0,0,0,0,0,No_Failure
4707,L51706,L,301.81,312.99,1430,35.62,250.9,1,0,0,0,0,1,TWF
4708,L51707,L,301.06,309.39,1651,47.42,41.0,0,0,0,0,0,0,No_Failure
4709,L51708,L,299.34,310.23,1570,39.63,87.9,0,0,0,0,0,0,No_Failure
4710,L51709,L,299.68,309.67,1497,39.35,55.6,0,0,0,0,0,0,No_Failure
4711,M51710,M,302.28,312.08,1343,46.74,248.7,0,0,0,0,0,0,No_Failure
4712,L51711,L,302.69,313.18,1404,55.43,38.0,0,0,0,0,0,0,No_Failure
4713,M51712,M,298.81,307.07,1605,43.05,30.2,0,0,0,0,0,0,No_Failure
4714,H51713,H,298.51,308.5,1149,35.11,66.8,0,0,0,0,0,0,No_Failure
4715,M51714,M,298.19,308.27,1079,54.8,154.0,0,0,0,0,0,0,No_Failure
4716,L51715,L,301.66,311.74,1625,44.94,67.0,0,0,0,0,0,0,No_Failure
4717,L51716,L,298.14,306.77,1404,41.7,82.8,0,0,0,0,0,0,No_Failure
4718,M51717,M,301.64,312.08,1584,50.28,135.1,0,0,0,0,0,0,No_Failure
4719,M51718,M,301.09,312.15,1784,43.22,160.9,0,0,0,0,0,0,No_Failure
4720,L51719,L,298.91,309.32,1318,64.57,146.7,0,0,0,0,0,0,No_Failure
4721,L51720,L,303.13,312.9,1199,40.02,155.6,0,0,0,0,0,0,No_Failure
4722,M51721,M,297.08,309.76,1450,51.5,169.7,0,0,0,0,0,0,No_Failure
4723,L51722,L,303.32,312.39,1377,44.42,221.9,0,0,0,0,0,0,No_Failure
4724,M51723,M,300.64,311.41,1495,44.39,170.8,0,0,0,0,0,0,No_Failure
4725,L51724,L,295.85,306.1,1597,36.38,182.4,0,0,0,0,0,0,No_Failure
4726,L51725,L,303.18,315.2,1559,36.43,100.3,0,0,0,0,0,0,No_Failure
4727,H51726,H,301.94,312.33,1508,44.97,239.0,0,0,0,0,0,0,No_Failure
4728,L51727,L,299.14,309.74,1690,31.32,204.5,0,0,0,0,0,0,No_Failure
4729,M51728,M,298.07,308.58,1621,34.24,147.4,0,0,0,0,0,0,No_Failure
4730,L51729,L,296.86,305.8,1467,40.15,113.5,0,0,0,0,0,0,No_Failure
4731,L51730,L,304.83,313.96,1614,52.4,4.8,0,0,0,0,0,0,No_Failure
4732,H51731,H,298.15,307.88,1222,40.81,249.6,0,0,0,0,0,0,No_Failure
4733,L51732,L,297.47,308.43,1691,40.65,35.8,0,0,0,0,0,0,No_Failure
4734,L51733,L,300.54,310.77,1504,29.41,128.8,0,0,0,0,0,0,No_Failure
4735,H51734,H,296.72,306.52,1284,56.96,86.5,0,0,0,0,0,0,No_Failure
4736,M51735,M,298.04,309.41,1425,51.07,82.5,0,0,0,0,0,0,No_Failure
4737,M51736,M,301.99,310.01,1687,52.2,106.1,0,0,0,0,0,0,No_Failure
4738,L51737,L,300.93,309.63,1362,25.47,144.8,0,0,0,0,0,0,No_Failure
4739,L51738,L,299.23,306.73,1574,43.52,2.5,0,0,0,0,0,0,No_Failure
4740,M51739,M,300.04,311.24,1658,30.62,39.0,0,0,0,0,0,0,No_Failure
4741,L51740,L,299.12,309.02,1504,47.72,155.1,0,0,0,0,0,0,No_Failure
4742,L51741,L,299.88,310.84,1344,43.22,187.1,0,0,0,0,0,0,No_Failure
4743,M51742,M,298.48,308.37,1488,45.19,170.8,0,0,0,0,0,0,No_Failure
4744,L51743,L,298.84,309.86,1246,32.83,250.7,1,0,0,0,0,1,TWF
4745,L51744,L,298.78,308.65,1412,29.6,12.1,0,0,0,0,0,0,No_Failure
4746,L51745,L,298.55,308.96,1301,33.59,130.3,0,0,0,0,0,0,No_Failure
4747,L51746,L,302.09,312.35,1492,43.08,105.9,0,0,0,0,0,0,No_Failure
4748,M51747,M,301.54,311.88,1272,37.58,50.3,0,0,0,0,0,0,No_Failure
4749,H51748,H,298.14,309.82,1515,42.53,225.3,0,0,0,0,0,0,No_Failure
4750,L51749,L,297.61,305.99,1704,29.76,36.3,0,0,0,0,0,0,No_Failure
4751,L51750,L,299.69,309.62,1715,39.93,127.7,0,0,0,0,0,0,No_Failure
4752,M51751,M,304.31,314.51,1276,53.95,48.6,0,0,0,0,0,0,No_Failure
4753,L51752,L,297.94,307.99,1380,43.32,110.4,0,0,0,0,0,0,No_Failure
4754,L51753,L,299.68,309.28,1653,43.95,200.0,0,0,0,0,0,0,No_Failure
4755,H51754,H,300.18,309.64,1627,44.03,177.3,0,0,0,0,0,0,No_Failure
4756,M51755,M,299.78,311.31,1389,34.88,177.2,0,0,0,0,0,0,No_Failure
4757,L51756,L,299.08,309.01,1412,56.32,54.4,0,0,0,0,0,0,No_Failure
4758,H51757,H,302.31,314.75,1515,43.57,5.8,0,0,0,0,0,0,No_Failure
4759,L51758,L,300.91,311.44,1170,41.77,182.2,0,0,0,0,0,0,No_Failure
4760,H51759,H,301.69,311.4,1595,46.87,26.8,0,0,0,0,0,0,No_Failure
4761,M51760,M,301.18,311.73,1695,49.41,98.7,0,0,0,0,0,0,No_Failure
4762,M51761,M,301.79,311.9,1430,27.54,213.5,0,0,0,0,0,0,No_Failure
4763,H51762,H,303.17,314.51,1245,40.56,103.6,0,0,0,0,0,0,No_Failure
4764,M51763,M,302.66,311.49,1754,62.35,117.8,0,0,0,0,0,0,No_Failure
4765,L51764,L,304.65,312.85,1539,56.55,242.4,0,0,1,0,0,1,PWF
4766,L51765,L,302.43,312.8,1628,38.94,230.0,0,0,0,0,0,0,No_Failure
4767,M51766,M,298.66,309.5,1262,47.28,23.0,0,0,0,0,0,0,No_Failure
4768,M51767,M,301.69,311.98,1263,36.73,219.3,0,0,0,0,0,0,No_Failure
4769,L51768,L,301.42,312.09,1575,43.54,125.1,0,0,0,0,0,0,No_Failure
4770,M51769,M,303.84,314.37,1685,35.42,201.9,0,0,0,0,0,0,No_Failure
4771,M51770,M,298.07,306.59,1297,35.25,89.1,0,0,0,0,0,0,No_Failure
4772,L51771,L,301.12,311.4,1482,34.08,242.2,0,0,0,0,0,0,No_Failure
4773,L51772,L,298.64,309.95,1214,56.82,201.5,0,0,0,0,0,0,No_Failure
4774,L51773,L,301.03,311.2,1374,35.2,113.7,0,0,0,0,0,0,No_Failure
4775,L51774,L,299.57,308.26,1454,51.42,91.3,0,0,0,0,0,0,No_Failure
4776,L51775,L,300.96,310.63,1588,35.68,53.4,0,0,0,0,0,0,No_Failure
4777,L51776,L,297.18,307.74,1121,34.54,69.7,0,0,0,0,0,0,No_Failure
4778,L51777,L,301.59,313.38,1738,43.89,111.8,0,0,0,0,0,0,No_Failure
4779,L51778,L,300.41,308.46,1469,27.01,89.6,0,0,0,0,0,0,No_Failure
4780,M51779,M,300.3,310.67,1733,46.65,163.0,0,0,0,0,0,0,No_Failure
4781,L51780,L,303.9,312.97,1626,38.64,160.8,0,0,0,0,0,0,No_Failure
4782,H51781,H,299.24,309.74,1653,34.49,49.0,0,0,0,0,0,0,No_Failure
4783,H51782,H,300.68,311.27,1864,32.35,66.0,0,0,0,0,0,0,No_Failure
4784,M51783,M,300.2,309.97,1359,59.71,11.4,0,0,0,0,0,0,No_Failure
4785,H51784,H,300.4,311.03,1524,39.66,96.8,0,0,0,0,0,0,No_Failure
4786,H51785,H,304.44,315.58,1322,39.24,119.8,0,0,0,0,0,0,No_Failure
4787,L51786,L,300.13,309.96,1482,48.73,26.6,0,0,0,0,0,0,No_Failure
4788,M51787,M,298.87,307.53,1630,31.58,21.5,0,0,0,0,0,0,No_Failure
4789,L51788,L,303.74,315.17,1703,51.34,67.8,0,0,0,0,0,0,No_Failure
4790,M51789,M,299.38,310.21,1431,39.64,124.3,0,0,0,0,0,0,No_Failure
4791,L51790,L,296.79,307.35,1283,26.16,248.8,1,0,0,0,0,1,TWF
4792,L51791,L,298.52,307.83,1513,34.7,231.5,0,0,0,0,0,0,No_Failure
4793,L51792,L,297.51,308.49,1347,29.05,100.8,0,0,0,0,0,0,No_Failure
4794,H51793,H,296.4,308.44,1396,40.81,140.7,0,0,0,0,0,0,No_Failure
4795,L51794,L,299.27,309.15,1621,32.06,141.6,0,0,0,0,0,0,No_Failure
4796,L51795,L,299.86,309.95,1587,30.96,86.8,0,0,0,0,0,0,No_Failure
4797,L51796,L,302.36,311.3,1650,42.92,216.8,0,0,0,0,0,0,No_Failure
4798,L51797,L,301.26,310.54,1439,40.44,73.8,0,0,0,0,0,0,No_Failure
4799,H51798,H,301.17,310.09,1682,52.09,108.1,0,0,1,0,0,1,PWF
4800,M51799,M,298.21,308.34,1503,51.65,229.4,0,0,0,0,0,0,No_Failure
4801,L51800,L,301.77,311.43,1449,40.61,87.5,0,0,0,0,0,0,No_Failure
4802,L51801,L,302.78,313.16,1302,45.0,129.3,0,0,0,0,0,0,No_Failure
4803,L51802,L,300.79,309.9,1124,25.92,220.3,0,0,0,0,0,0,No_Failure
4804,L51803,L,300.85,310.68,1218,46.96,82.9,0,0,0,0,0,0,No_Failure
4805,H51804,H,297.47,306.52,1539,44.11,243.3,1,0,0,0,0,1,TWF
4806,M51805,M,302.11,312.3,1337,49.54,51.5,0,0,0,0,0,0,No_Failure
4807,L51806,L,303.56,311.93,1204,36.94,173.1,0,0,0,0,0,0,No_Failure
4808,M51807,M,300.65,310.8,1425,37.02,15.2,0,0,0,0,0,0,No_Failure
4809,L51808,L,298.81,308.53,1550,37.09,135.9,0,0,0,0,0,0,No_Failure
4810,M51809,M,299.68,309.86,1575,54.35,40.3,0,0,0,0,0,0,No_Failure
4811,M51810,M,299.16,307.51,1495,42.83,159.0,0,0,0,0,0,0,No_Failure
4812,M51811,M,299.28,309.93,1489,25.04,156.1,0,0,0,0,0,0,No_Failure
4813,M51812,M,301.3,311.0,1403,46.44,105.4,0,0,0,0,0,0,No_Failure
4814,H51813,H,300.56,310.78,1614,35.37,234.0,0,0,0,0,0,0,No_Failure
4815,L51814,L,302.01,310.14,1468,50.85,225.5,0,0,0,0,0,0,No_Failure
4816,L51815,L,300.74,309.5,1486,45.39,186.0,0,0,0,0,0,0,No_Failure
4817,L51816,L,298.27,307.88,1687,52.4,182.1,0,0,0,0,0,0,No_Failure
4818,M51817,M,299.0,310.37,1643,50.39,17.3,0,0,0,0,0,0,No_Failure
4819,M51818,M,298.87,309.4,1467,49.37,81.9,0,0,0,0,0,0,No_Failure
4820,M51819,M,299.63,309.76,1441,51.34,51.4,0,0,0,0,0,0,No_Failure
4821,M51820,M,303.59,312.67,1440,48.15,98.3,0,0,0,0,0,0,No_Failure
4822,L51821,L,303.91,312.8,1136,33.06,27.6,0,0,0,0,0,0,No_Failure
4823,M51822,M,301.67,311.95,1697,28.56,80.5,0,1,0,0,0,1,HDF
4824,M51823,M,300.24,310.94,1377,31.7,144.4,0,0,0,0,0,0,No_Failure
4825,L51824,L,297.28,307.49,1654,47.31,42.0,0,0,0,0,0,0,No_Failure
4826,L51825,L,300.44,312.15,1507,17.77,26.8,0,0,0,0,0,0,No_Failure
4827,L51826,L,298.42,307.74,1751,39.85,178.8,0,0,0,0,0,0,No_Failure
4828,L51827,L,303.26,313.44,1595,37.34,62.5,0,0,0,0,0,0,No_Failure
4829,M51828,M,296.79,305.09,1664,52.24,121.0,0,0,1,0,0,1,PWF
4830,H51829,H,300.77,310.98,1393,38.83,212.1,0,0,0,0,0,0,No_Failure
4831,M51830,M,298.25,309.72,1269,36.31,95.8,0,0,0,0,0,0,No_Failure
4832,L51831,L,299.98,308.94,1527,53.16,24.9,0,0,0,0,0,0,No_Failure
4833,M51832,M,301.33,312.17,1155,39.08,198.7,0,0,0,0,0,0,No_Failure
4834,M51833,M,302.04,313.48,1416,37.47,186.8,0,0,0,0,0,0,No_Failure
4835,L51834,L,299.88,309.19,1286,35.11,154.4,0,0,0,0,0,0,No_Failure
4836,H51835,H,301.52,311.99,1349,42.86,136.1,0,0,0,0,0,0,No_Failure
4837,L51836,L,298.68,310.25,1607,36.69,190.3,0,0,0,0,0,0,No_Failure
4838,L51837,L,300.49,310.72,1595,36.72,89.4,0,0,0,0,0,0,No_Failure
4839,L51838,L,302.0,312.79,1471,54.5,83.4,0,0,0,0,0,0,No_Failure
4840,L51839,L,300.66,308.89,1558,40.49,158.7,0,0,0,0,0,0,No_Failure
4841,H51840,H,298.94,309.54,1403,35.52,42.1,0,0,0,0,0,0,No_Failure
4842,L51841,L,299.44,309.96,1937,30.05,160.2,0,0,0,0,0,0,No_Failure
4843,L51842,L,302.03,310.71,1554,41.99,219.4,0,0,0,0,0,0,No_Failure
4844,L51843,L,297.82,306.85,1394,34.4,130.3,0,0,0,0,0,0,No_Failure
4845,L51844,L,298.11,308.72,1658,36.32,21.0,0,0,0,0,0,0,No_Failure
4846,L51845,L,301.2,310.9,1723,31.48,167.7,0,0,0,0,0,0,No_Failure
4847,L51846,L,299.12,310.23,1361,41.97,219.9,0,0,0,0,0,0,No_Failure
4848,M51847,M,297.09,307.4,1245,26.97,49.8,0,0,0,0,0,0,No_Failure
4849,L51848,L,302.7,312.76,1280,44.11,154.9,0,0,0,0,0,0,No_Failure
4850,M51849,M,297.8,307.63,1379,34.54,49.9,0,0,0,0,0,0,No_Failure
4851,L51850,L,299.6,309.89,1490,47.17,207.4,0,0,0,0,0,0,No_Failure
4852,M51851,M,298.76,309.56,1207,44.85,64.0,0,0,0,0,0,0,No_Failure
4853,H51852,H,299.4,309.94,1425,41.04,159.2,0,0,0,0,0,0,No_Failure
4854,L51853,L,298.23,307.81,1463,48.46,149.1,0,0,0,0,0,0,No_Failure
4855,L51854,L,301.43,312.67,1558,55.57,94.8,0,0,0,0,0,0,No_Failure
4856,H51855,H,300.22,310.88,1610,52.68,227.8,0,0,0,0,0,0,No_Failure
4857,L51856,L,301.97,312.35,1572,26.89,228.0,0,0,0,0,0,0,No_Failure
4858,M51857,M,298.78,308.87,1823,33.95,86.0,0,0,0,0,0,0,No_Failure
4859,L51858,L,304.27,314.77,1697,35.17,88.1,0,0,0,0,0,0,No_Failure
4860,L51859,L,296.19,304.36,1540,46.39,165.7,0,0,0,0,0,0,No_Failure
4861,M51860,M,296.83,307.07,1325,34.78,71.9,0,0,0,0,0,0,No_Failure
4862,H51861,H,303.51,315.15,1378,34.39,76.9,0,0,0,0,0,0,No_Failure
4863,L51862,L,300.95,311.17,1243,32.66,5.2,0,0,0,0,0,0,No_Failure
4864,M51863,M,300.68,310.77,1528,42.99,23.8,0,0,0,0,0,0,No_Failure
4865,M51864,M,300.86,310.27,1560,46.35,166.5,0,0,0,0,0,0,No_Failure
4866,L51865,L,301.14,311.64,1661,27.88,81.2,0,0,0,0,0,0,No_Failure
4867,L51866,L,300.6,310.4,1548,34.86,20.6,0,1,0,0,0,1,HDF
4868,L51867,L,298.07,309.38,1690,21.05,235.3,0,0,0,0,0,0,No_Failure
4869,L51868,L,301.64,310.77,1693,16.08,74.8,0,0,1,0,0,1,PWF
4870,M51869,M,301.32,310.87,1315,44.85,52.9,0,0,0,0,0,0,No_Failure
4871,L51870,L,302.86,312.26,1407,43.15,132.2,0,0,0,0,0,0,No_Failure
4872,L51871,L,303.53,315.36,1498,41.72,210.2,0,0,0,0,0,0,No_Failure
4873,M51872,M,300.66,310.47,1373,55.87,220.8,0,0,0,0,0,0,No_Failure
4874,M51873,M,297.54,307.0,1456,23.24,77.2,0,0,0,0,0,0,No_Failure
4875,M51874,M,303.55,311.45,1554,19.2,187.8,0,0,0,0,0,0,No_Failure
4876,M51875,M,297.96,307.05,1478,28.77,132.4,0,0,0,0,0,0,No_Failure
4877,L51876,L,300.68,311.2,1500,18.8,150.6,0,0,0,0,0,0,No_Failure
4878,M51877,M,299.49,310.01,1330,33.87,111.3,0,0,0,0,0,0,No_Failure
4879,L51878,L,299.14,308.49,1591,45.83,44.8,0,0,0,0,0,0,No_Failure
4880,L51879,L,301.53,310.93,1578,42.97,207.6,0,0,0,0,0,0,No_Failure
4881,L51880,L,300.49,312.35,1363,50.28,137.7,0,0,1,0,0,1,PWF
4882,M51881,M,301.03,313.72,1267,43.71,101.7,0,0,0,0,0,0,No_Failure
4883,M51882,M,298.37,309.52,1721,35.96,170.9,0,0,0,0,0,0,No_Failure
4884,L51883,L,299.65,311.21,1815,34.74,107.7,0,0,0,0,0,0,No_Failure
4885,H51884,H,298.46,310.23,1542,44.37,214.8,0,0,0,0,0,0,No_Failure
4886,H51885,H,299.6,311.82,1435,24.7,34.3,0,0,0,0,0,0,No_Failure
4887,L51886,L,299.76,309.46,1688,8.22,7.6,0,0,0,0,0,0,No_Failure
4888,M51887,M,303.69,312.81,1585,43.9,144.1,0,0,0,0,0,0,No_Failure
4889,L51888,L,299.48,311.31,1462,42.34,65.0,0,0,0,0,0,0,No_Failure
4890,H51889,H,295.75,304.78,1674,55.69,29.9,0,0,0,0,0,0,No_Failure
4891,L51890,L,302.79,311.76,1354,46.96,7.7,0,0,0,0,0,0,No_Failure
4892,L51891,L,300.9,309.89,1376,43.09,194.9,0,0,0,0,0,0,No_Failure
4893,L51892,L,299.74,309.61,1565,36.88,242.8,0,0,0,0,0,0,No_Failure
4894,L51893,L,299.13,307.14,1521,31.89,155.8,0,0,0,0,0,0,No_Failure
4895,M51894,M,298.11,306.67,1615,37.2,195.5,0,0,0,0,0,0,No_Failure
4896,L51895,L,303.88,313.25,1715,49.55,212.1,0,0,0,0,0,0,No_Failure
4897,L51896,L,300.1,308.91,1221,44.64,203.8,0,0,0,0,0,0,No_Failure
4898,M51897,M,296.52,307.59,1507,49.34,82.7,0,0,0,0,0,0,No_Failure
4899,H51898,H,300.66,310.66,1842,41.07,0.6,0,0,0,0,0,0,No_Failure
4900,M51899,M,302.41,312.99,1393,31.0,158.9,0,0,0,0,0,0,No_Failure
4901,L51900,L,300.31,310.78,1371,51.61,239.7,1,1,0,0,0,1,TWF
4902,L51901,L,298.2,307.99,1097,50.7,224.5,0,0,0,0,0,0,No_Failure
4903,L51902,L,298.02,309.01,1518,41.86,1.2,0,0,0,0,0,0,No_Failure
4904,H51903,H,298.17,308.62,1605,45.56,228.8,0,0,0,0,0,0,No_Failure
4905,M51904,M,303.04,312.72,1604,45.01,2.7,0,0,0,0,0,0,No_Failure
4906,M51905,M,299.86,308.17,1313,35.32,134.4,0,1,0,0,0,1,HDF
4907,H51906,H,296.64,307.16,1498,37.4,215.7,0,0,0,0,0,0,No_Failure
4908,L51907,L,300.77,309.51,1540,30.9,105.3,0,0,0,0,0,0,No_Failure
4909,M51908,M,300.28,310.66,1509,37.36,173.0,0,0,0,0,0,0,No_Failure
4910,L51909,L,299.1,309.18,1303,50.31,58.8,0,0,0,0,0,0,No_Failure
4911,L51910,L,297.96,306.6,1514,48.41,245.4,1,0,0,0,0,1,TWF
4912,L51911,L,297.87,308.13,1353,45.58,11.2,0,0,0,0,0,0,No_Failure
4913,L51912,L,302.17,312.36,1163,49.59,160.0,0,0,0,0,1,1,RNF
4914,H51913,H,300.5,310.69,1623,36.35,8.8,0,0,0,0,0,0,No_Failure
4915,L51914,L,300.96,311.1,1525,28.27,10.6,0,0,0,0,0,0,No_Failure
4916,H51915,H,300.49,309.84,1607,38.43,68.4,0,0,0,0,0,0,No_Failure
4917,M51916,M,300.66,311.25,1404,39.22,3.8,0,0,0,0,0,0,No_Failure
4918,M51917,M,299.06,308.38,1613,46.76,52.5,0,0,0,0,0,0,No_Failure
4919,H51918,H,299.59,308.51,1684,45.11,38.9,0,0,0,0,0,0,No_Failure
4920,L51919,L,302.33,313.0,1816,50.11,230.7,0,0,0,0,0,0,No_Failure
4921,L51920,L,302.83,313.77,1646,19.85,10.5,0,0,0,0,0,0,No_Failure
4922,L51921,L,297.56,308.16,1569,32.02,154.8,0,0,0,0,0,0,No_Failure
4923,L51922,L,299.58,309.38,1252,39.09,169.6,0,0,0,0,0,0,No_Failure
4924,H51923,H,301.68,309.74,1481,44.79,207.7,0,0,0,0,0,0,No_Failure
4925,L51924,L,303.76,315.25,1244,60.94,92.9,0,0,0,0,0,0,No_Failure
4926,L51925,L,303.56,311.61,1353,30.23,46.0,0,0,0,0,0,0,No_Failure
4927,L51926,L,298.41,308.99,1852,32.9,30.8,0,0,0,0,0,0,No_Failure
4928,L51927,L,302.55,314.66,1316,35.77,36.1,0,0,0,0,0,0,No_Failure
4929,M51928,M,300.12,310.27,1078,32.54,132.6,0,0,0,0,0,0,No_Failure
4930,L51929,L,302.09,312.38,1646,31.12,151.0,0,0,0,0,0,0,No_Failure
4931,M51930,M,301.58,311.96,1379,40.46,199.5,0,0,0,0,0,0,No_Failure
4932,M51931,M,297.47,307.67,1638,49.84,203.5,0,0,0,0,0,0,No_Failure
4933,M51932,M,301.1,313.45,1289,41.19,213.2,0,0,0,0,0,0,No_Failure
4934,L51933,L,302.01,311.17,1423,31.4,40.4,0,0,0,0,0,0,No_Failure
4935,M51934,M,299.96,308.99,1715,38.04,188.6,0,0,0,0,0,0,No_Failure
4936,L51935,L,299.51,309.18,1262,29.61,18.4,0,0,0,0,0,0,No_Failure
4937,L51936,L,296.86,308.6,1470,49.83,222.8,0,0,0,0,0,0,No_Failure
4938,M51937,M,301.37,310.79,1552,54.71,132.9,0,0,0,0,0,0,No_Failure
4939,M51938,M,300.42,310.85,1371,24.05,162.3,0,0,0,0,0,0,No_Failure
4940,L51939,L,298.16,309.23,1544,42.29,156.8,0,0,0,0,0,0,No_Failure
4941,H51940,H,299.35,310.13,1503,32.22,141.2,0,0,1,0,0,1,PWF
4942,L51941,L,300.31,311.33,1596,40.63,132.4,0,0,0,0,0,0,No_Failure
4943,M51942,M,298.88,310.3,1832,39.14,233.3,0,0,0,0,0,0,No_Failure
4944,H51943,H,300.01,310.31,1982,26.59,88.1,0,0,0,0,0,0,No_Failure
4945,M51944,M,296.5,306.04,1583,52.09,197.0,0,0,0,0,0,0,No_Failure
4946,H51945,H,302.7,312.85,1480,38.48,91.6,0,0,0,0,0,0,No_Failure
4947,M51946,M,300.03,309.69,1579,35.3,11.6,0,0,0,0,0,0,No_Failure
4948,M51947,M,297.8,310.32,1458,41.16,95.6,0,0,0,0,0,0,No_Failure
4949,M51948,M,295.08,304.55,1214,31.29,38.2,0,0,0,0,0,0,No_Failure
4950,M51949,M,302.06,312.54,1492,38.16,111.5,0,0,0,0,0,0,No_Failure
4951,L51950,L,301.12,309.62,1695,21.63,20.7,0,0,0,0,0,0,No_Failure
4952,M51951,M,300.42,310.55,1236,16.43,198.7,0,0,0,0,0,0,No_Failure
4953,L51952,L,301.73,311.44,1323,30.3,149.5,0,0,0,0,0,0,No_Failure
4954,H51953,H,301.72,312.4,1395,34.68,9.6,0,0,0,0,0,0,No_Failure
4955,L51954,L,300.39,311.09,1567,22.43,163.3,0,0,0,0,0,0,No_Failure
4956,L51955,L,299.49,310.91,1928,35.03,241.5,0,0,0,0,0,0,No_Failure
4957,H51956,H,299.17,310.5,1354,34.66,16.0,0,0,0,0,0,0,No_Failure
4958,L51957,L,300.84,310.78,1516,39.38,90.2,0,0,0,0,0,0,No_Failure
4959,L51958,L,302.79,311.85,1501,46.14,226.4,0,0,0,0,0,0,No_Failure
4960,M51959,M,299.79,308.97,1446,57.12,8.5,0,0,0,0,0,0,No_Failure
4961,L51960,L,302.95,313.26,1491,44.28,232.4,0,0,0,0,0,0,No_Failure
4962,L51961,L,300.75,310.9,1416,30.16,250.2,0,0,0,0,0,0,No_Failure
4963,L51962,L,300.76,311.02,1994,46.66,98.7,0,0,0,0,0,0,No_Failure
4964,L51963,L,304.81,314.28,1635,54.01,117.6,0,0,1,0,0,1,PWF
4965,L51964,L,303.31,314.74,1418,28.8,250.0,0,0,0,0,0,0,No_Failure
4966,L51965,L,303.36,311.88,1713,29.35,15.2,0,0,0,0,0,0,No_Failure
4967,L51966,L,298.4,307.81,1546,25.79,80.5,0,0,0,0,0,0,No_Failure
4968,L51967,L,304.38,313.31,1510,34.36,16.1,0,0,0,0,0,0,No_Failure
4969,L51968,L,299.84,309.63,1467,43.73,188.8,0,0,0,0,0,0,No_Failure
4970,M51969,M,299.55,310.79,1455,54.83,164.8,0,0,0,0,0,0,No_Failure
4971,M51970,M,295.68,305.39,1280,48.92,218.5,0,0,0,0,0,0,No_Failure
4972,L51971,L,300.65,310.75,1199,43.86,48.1,0,0,0,0,0,0,No_Failure
4973,L51972,L,297.83,308.5,1567,40.46,137.9,0,0,0,0,0,0,No_Failure
4974,H51973,H,300.82,310.48,1465,43.92,180.4,0,0,0,0,0,0,No_Failure
4975,M51974,M,297.68,308.06,1658,44.5,71.3,0,0,0,0,0,0,No_Failure
4976,L51975,L,303.6,313.85,1340,53.03,225.1,0,0,0,0,0,0,No_Failure
4977,L51976,L,301.1,309.97,1302,39.79,50.1,0,0,0,0,0,0,No_Failure
4978,L51977,L,304.56,314.1,1640,42.62,29.9,0,0,0,0,0,0,No_Failure
4979,H51978,H,297.95,308.31,1447,35.92,71.1,0,1,0,0,0,1,HDF
4980,H51979,H,303.1,314.38,1654,41.13,201.8,0,0,0,0,0,0,No_Failure
4981,H51980,H,296.39,307.68,1506,37.44,180.7,0,0,0,0,0,0,No_Failure
4982,L51981,L,300.42,312.51,1838,28.1,225.5,0,0,0,0,0,0,No_Failure
4983,L51982,L,298.74,309.22,1636,48.73,156.0,0,0,0,0,0,0,No_Failure
4984,L51983,L,299.1,308.69,1574,54.88,232.3,0,0,0,0,0,0,No_Failure
4985,L51984,L,298.97,308.9,1644,39.63,137.4,0,0,0,0,0,0,No_Failure
4986,L51985,L,298.17,308.06,1451,43.32,232.3,0,0,0,0,0,0,No_Failure
4987,M51986,M,297.48,307.07,1204,48.62,220.2,0,1,0,0,0,1,HDF
4988,L51987,L,299.12,309.5,1565,38.57,119.8,0,0,0,0,0,0,No_Failure
4989,H51988,H,300.23,310.66,1849,41.9,1.6,0,0,0,0,0,0,No_Failure
4990,L51989,L,302.33,311.15,1088,37.83,249.4,0,0,0,0,0,0,No_Failure
4991,L51990,L,300.59,311.68,1584,34.5,125.8,0,0,1,0,0,1,PWF
4992,H51991,H,302.33,310.5,1224,45.22,187.5,0,1,0,0,0,1,HDF
4993,M51992,M,297.04,306.82,1496,45.13,114.4,0,0,0,0,0,0,No_Failure
4994,L51993,L,299.13,310.28,1514,49.23,91.6,0,0,0,0,0,0,No_Failure
4995,M51994,M,301.42,312.03,1634,39.97,90.6,0,0,0,0,0,0,No_Failure
4996,L51995,L,300.69,310.33,1538,28.0,89.9,0,0,0,0,0,0,No_Failure
4997,L51996,L,298.28,310.25,1747,51.08,146.6,0,0,0,0,0,0,No_Failure
4998,L51997,L,301.87,311.43,1710,32.65,204.4,0,0,0,0,0,0,No_Failure
4999,L51998,L,298.94,306.94,1465,32.48,144.0,0,0,0,0,0,0,No_Failure
5000,M51999,M,298.45,308.9,1697,34.68,133.1,0,0,0,0,0,0,No_Failure
5001,L52000,L,300.97,309.2,1444,22.56,77.6,0,0,1,0,0,1,PWF
5002,M52001,M,300.01,309.18,1413,37.82,117.1,0,0,0,0,0,0,No_Failure
5003,M52002,M,298.95,309.58,1283,46.19,45.5,0,0,0,0,0,0,No_Failure
5004,L52003,L,298.89,308.43,1736,35.66,188.4,0,0,0,0,0,0,No_Failure
5005,L52004,L,297.86,308.44,1446,53.38,198.1,0,0,0,0,0,0,No_Failure
5006,L52005,L,299.21,308.05,1064,52.76,60.3,0,0,0,0,0,0,No_Failure
5007,M52006,M,302.2,313.06,1598,48.89,143.5,0,0,0,0,0,0,No_Failure
5008,M52007,M,300.49,308.8,1422,20.65,72.1,0,0,0,0,0,0,No_Failure
5009,M52008,M,301.92,313.24,1446,54.34,247.3,0,0,0,0,0,0,No_Failure
5010,L52009,L,301.03,310.56,1458,37.63,75.6,0,0,0,0,0,0,No_Failure
5011,L52010,L,298.78,310.31,1439,56.78,218.6,0,0,0,0,0,0,No_Failure
5012,M52011,M,296.7,305.86,1991,33.96,177.2,0,0,0,0,0,0,No_Failure
5013,L52012,L,298.15,310.07,1799,38.6,244.3,1,0,0,0,0,1,TWF
5014,M52013,M,298.66,307.7,1626,40.9,182.0,0,0,0,0,0,0,No_Failure
5015,L52014,L,298.5,306.71,1543,30.68,154.1,0,0,0,0,0,0,No_Failure
5016,L52015,L,301.96,312.01,1703,23.8,116.5,0,0,0,0,0,0,No_Failure
5017,M52016,M,301.94,313.18,1544,16.02,119.2,0,0,0,0,0,0,No_Failure
5018,L52017,L,304.42,315.21,1647,69.53,0.3,0,0,0,0,0,0,No_Failure
5019,M52018,M,298.47,309.64,1600,23.31,252.2,0,0,0,0,0,0,No_Failure
5020,L52019,L,303.19,314.01,1523,23.45,143.6,0,0,0,0,0,0,No_Failure
5021,H52020,H,303.18,312.36,1669,45.72,148.5,0,0,0,0,0,0,No_Failure
5022,H52021,H,299.54,310.3,1424,25.76,45.7,0,0,0,0,0,0,No_Failure
5023,H52022,H,300.95,311.04,1511,23.9,109.3,0,0,0,0,0,0,No_Failure
5024,M52023,M,302.48,311.77,1324,11.26,55.4,0,0,1,0,0,1,PWF
5025,M52024,M,299.88,310.06,1344,42.93,55.4,0,0,0,0,0,0,No_Failure
5026,M52025,M,299.73,309.67,1045,29.3,138.5,0,0,0,0,0,0,No_Failure
5027,L52026,L,298.75,310.16,1582,46.43,60.9,0,0,0,0,0,0,No_Failure
5028,L52027,L,295.28,304.77,1632,39.24,168.6,0,0,0,0,0,0,No_Failure
5029,M52028,M,300.14,309.58,1695,40.86,95.3,0,0,0,0,0,0,No_Failure
5030,L52029,L,298.58,307.88,1302,35.47,95.3,0,0,0,0,0,0,No_Failure
5031,L52030,L,297.85,309.75,1579,37.24,177.7,0,0,0,0,0,0,No_Failure
5032,H52031,H,300.84,310.2,1500,31.05,169.7,0,0,0,0,0,0,No_Failure
5033,L52032,L,297.1,308.39,1633,32.0,102.1,0,0,0,0,0,0,No_Failure
5034,M52033,M,301.61,310.58,1383,29.05,235.3,1,0,0,0,0,1,TWF
5035,M52034,M,300.97,311.47,1439,55.14,83.0,0,0,0,0,0,0,No_Failure
5036,L52035,L,299.2,309.46,1220,36.04,181.7,0,0,0,0,0,0,No_Failure
5037,H52036,H,299.87,311.11,1371,17.35,200.8,0,0,0,0,0,0,No_Failure
5038,L52037,L,297.62,308.71,1501,42.59,55.2,0,0,0,0,0,0,No_Failure
5039,H52038,H,301.5,311.58,1531,31.96,120.0,0,0,0,0,0,0,No_Failure
5040,M52039,M,300.37,309.84,1197,39.56,5.3,0,0,0,0,0,0,No_Failure
5041,L52040,L,300.52,312.15,1408,37.3,83.5,0,0,0,0,0,0,No_Failure
5042,L52041,L,301.0,310.37,1529,54.9,68.3,0,0,0,0,0,0,No_Failure
5043,L52042,L,298.72,306.45,1753,36.16,195.2,0,0,0,0,0,0,No_Failure
5044,L52043,L,296.96,305.1,1348,48.16,55.8,0,0,0,0,0,0,No_Failure
5045,L52044,L,301.91,310.3,1588,47.11,6.4,0,0,0,0,0,0,No_Failure
5046,H52045,H,301.38,311.97,1399,26.33,6.0,0,0,0,0,0,0,No_Failure
5047,L52046,L,298.93,311.14,1420,41.88,193.2,0,0,0,0,0,0,No_Failure
5048,H52047,H,300.82,308.78,1342,32.42,36.3,0,0,0,0,0,0,No_Failure
5049,L52048,L,302.52,311.73,1312,27.91,162.9,0,0,0,0,0,0,No_Failure
5050,H52049,H,302.28,312.37,1415,27.95,51.0,0,0,0,0,0,0,No_Failure
5051,L52050,L,298.87,310.42,1689,48.21,56.1,0,0,0,0,0,0,No_Failure
5052,L52051,L,297.02,306.23,1364,66.43,204.0,0,0,1,0,0,1,PWF
5053,M52052,M,297.37,307.96,1336,31.95,172.6,0,0,0,0,0,0,No_Failure
5054,L52053,L,299.38,309.13,1538,42.16,165.6,0,0,0,0,0,0,No_Failure
5055,H52054,H,302.92,315.53,1501,43.1,235.0,0,0,0,0,0,0,No_Failure
5056,L52055,L,298.54,308.69,1488,34.7,220.2,0,0,0,0,0,0,No_Failure
5057,M52056,M,298.81,309.16,1546,54.08,214.2,0,0,0,0,0,0,No_Failure
5058,M52057,M,298.77,308.85,1318,61.97,34.4,0,0,0,0,0,0,No_Failure
5059,M52058,M,298.94,308.52,1338,34.02,42.0,0,0,0,0,0,0,No_Failure
5060,L52059,L,299.98,310.93,1678,57.34,248.5,0,0,1,1,0,1,PWF
5061,L52060,L,297.44,306.28,1474,34.53,145.9,0,0,0,0,0,0,No_Failure
5062,L52061,L,302.17,310.17,1607,30.3,139.0,0,0,0,0,0,0,No_Failure
5063,L52062,L,299.71,309.56,1720,38.61,127.9,0,0,0,0,0,0,No_Failure
5064,L52063,L,304.96,315.77,1652,48.69,186.2,0,0,0,0,0,0,No_Failure
5065,H52064,H,297.65,307.07,1253,38.96,150.4,0,0,0,0,0,0,No_Failure
5066,M52065,M,303.18,313.37,1479,47.38,37.9,0,0,0,0,0,0,No_Failure
5067,M52066,M,302.78,311.56,1687,42.27,25.9,0,0,0,0,0,0,No_Failure
5068,L52067,L,299.18,310.24,1594,53.53,76.6,0,0,0,0,0,0,No_Failure
5069,L52068,L,299.21,309.86,1533,45.31,220.1,0,0,0,0,0,0,No_Failure
5070,M52069,M,298.16,308.18,1205,55.31,101.8,0,0,0,0,0,0,No_Failure
5071,L52070,L,298.18,308.35,1389,31.42,220.7,0,0,0,0,0,0,No_Failure
5072,L52071,L,300.0,308.61,1512,37.97,144.9,0,0,0,0,0,0,No_Failure
5073,L52072,L,300.04,308.69,1243,39.98,235.2,0,0,0,0,0,0,No_Failure
5074,M52073,M,296.8,306.67,1643,31.46,223.8,0,0,0,0,0,0,No_Failure
5075,H52074,H,304.59,315.1,1479,29.93,95.1,0,0,0,0,0,0,No_Failure
5076,L52075,L,299.48,310.05,1144,43.82,139.4,0,0,0,0,0,0,No_Failure
5077,L52076,L,300.13,309.77,1398,46.65,179.6,0,0,0,0,0,0,No_Failure
5078,L52077,L,298.75,309.49,1448,41.13,11.6,0,0,0,0,0,0,No_Failure
5079,L52078,L,299.47,310.89,1477,50.59,40.5,0,0,0,0,0,0,No_Failure
5080,M52079,M,299.28,309.2,1756,28.97,184.7,0,0,0,0,0,0,No_Failure
5081,L52080,L,299.99,310.3,1604,36.09,231.4,0,0,0,0,0,0,No_Failure
5082,M52081,M,299.97,309.76,1254,28.2,76.8,0,0,0,0,0,0,No_Failure
5083,L52082,L,301.61,311.48,1232,41.39,99.7,0,0,0,0,0,0,No_Failure
5084,L52083,L,300.45,310.62,1452,44.88,221.2,0,0,0,0,0,0,No_Failure
5085,H52084,H,301.41,313.11,1523,53.42,67.3,0,0,0,0,0,0,No_Failure
5086,L52085,L,299.98,310.9,1679,28.23,234.3,0,0,0,0,0,0,No_Failure
5087,M52086,M,300.46,311.29,1811,43.72,35.7,0,0,0,0,0,0,No_Failure
5088,L52087,L,299.52,309.06,1821,54.36,63.8,0,0,1,0,0,1,PWF
5089,H52088,H,302.01,311.11,1420,29.98,9.0,0,0,0,0,0,0,No_Failure
5090,L52089,L,300.65,311.03,1668,27.64,23.7,0,0,0,0,0,0,No_Failure
5091,L52090,L,299.68,310.93,1577,25.26,64.5,0,0,0,0,0,0,No_Failure
5092,M52091,M,299.62,311.35,1304,46.24,165.8,0,0,0,0,0,0,No_Failure
5093,L52092,L,299.78,307.33,1160,32.75,50.8,0,1,0,0,0,1,HDF
5094,L52093,L,300.06,312.51,1526,44.78,237.6,0,0,0,0,0,0,No_Failure
5095,H52094,H,299.89,310.3,1231,37.84,88.2,0,0,0,0,0,0,No_Failure
5096,M52095,M,298.88,309.79,1347,58.01,131.2,0,0,0,0,0,0,No_Failure
5097,M52096,M,301.53,309.79,1377,47.88,168.2,0,1,0,0,0,1,HDF
5098,M52097,M,301.66,311.42,1539,31.96,34.5,0,0,0,0,0,0,No_Failure
5099,H52098,H,303.57,314.39,1731,36.98,174.0,0,0,0,0,0,0,No_Failure
5100,H52099,H,298.79,307.62,1502,47.88,30.5,0,0,0,0,0,0,No_Failure
5101,M52100,M,301.33,308.44,1403,29.31,209.0,0,0,0,0,0,0,No_Failure
5102,L52101,L,296.18,306.52,1128,51.82,123.5,0,0,0,0,0,0,No_Failure
5103,L52102,L,301.66,311.61,1583,37.5,22.6,0,0,0,0,0,0,No_Failure
5104,M52103,M,297.09,308.53,1505,48.09,179.0,0,0,0,0,0,0,No_Failure
5105,H52104,H,298.03,307.87,1401,38.04,19.4,0,0,0,0,0,0,No_Failure
5106,L52105,L,300.66,310.58,1710,34.76,246.6,1,0,0,0,0,1,TWF
5107,L52106,L,298.76,309.45,1286,33.13,114.8,0,0,0,0,0,0,No_Failure
5108,L52107,L,298.48,309.52,1377,57.32,96.9,0,0,0,0,0,0,No_Failure
5109,M52108,M,299.03,308.32,1456,37.05,79.6,0,0,0,0,0,0,No_Failure
5110,H52109,H,301.46,312.4,1399,70.81,113.8,0,0,1,0,0,1,PWF
5111,L52110,L,298.13,307.61,1599,41.52,197.6,0,0,0,0,0,0,No_Failure
5112,M52111,M,299.89,309.91,1584,31.49,131.6,0,0,0,0,0,0,No_Failure
5113,M52112,M,299.24,309.91,1689,24.15,162.8,0,0,0,0,0,0,No_Failure
5114,H52113,H,301.64,312.48,1590,52.33,14.5,0,0,0,0,0,0,No_Failure
5115,L52114,L,301.7,312.01,1479,38.06,215.5,0,0,0,0,0,0,No_Failure
5116,H52115,H,296.33,305.25,1439,48.23,133.7,0,0,0,0,0,0,No_Failure
5117,M52116,M,302.09,310.22,1582,63.22,132.5,0,0,0,0,0,0,No_Failure
5118,M52117,M,298.78,308.59,1466,46.69,63.8,0,0,0,0,0,0,No_Failure
5119,L52118,L,300.47,311.44,1509,43.37,19.6,0,0,0,0,0,0,No_Failure
5120,M52119,M,298.12,308.57,1592,52.26,85.0,0,0,0,0,0,0,No_Failure
5121,M52120,M,300.74,310.98,1525,48.04,207.1,0,0,0,0,0,0,No_Failure
5122,L52121,L,305.1,315.1,1556,27.37,138.4,0,0,0,0,0,0,No_Failure
5123,L52122,L,300.25,310.56,1358,53.33,66.7,0,0,0,0,0,0,No_Failure
5124,M52123,M,299.08,308.09,1743,39.54,150.1,0,0,0,0,0,0,No_Failure
5125,M52124,M,299.54,310.32,1301,55.41,88.9,0,0,0,0,0,0,No_Failure
5126,L52125,L,297.06,307.91,1579,45.07,56.6,0,0,0,0,0,0,No_Failure
5127,L52126,L,302.9,312.54,1413,51.92,187.2,0,0,0,0,0,0,No_Failure
5128,L52127,L,300.63,311.06,1695,37.75,42.3,0,0,0,0,0,0,No_Failure
5129,H52128,H,297.9,306.19,1659,24.83,148.0,0,0,0,0,0,0,No_Failure
5130,H52129,H,297.97,308.15,1500,45.64,185.6,0,0,0,0,0,0,No_Failure
5131,L52130,L,300.03,309.9,1780,49.77,15.6,0,0,0,0,0,0,No_Failure
5132,L52131,L,301.86,313.12,1466,34.43,176.0,0,0,0,0,0,0,No_Failure
5133,L52132,L,297.7,307.5,1659,37.97,2.9,0,0,0,0,0,0,No_Failure
5134,L52133,L,302.23,313.1,1369,17.86,205.4,0,0,1,0,0,1,PWF
5135,H52134,H,299.82,309.43,1573,38.45,70.4,0,0,0,0,0,0,No_Failure
5136,M52135,M,298.14,305.85,1332,27.5,38.9,0,1,0,0,0,1,HDF
5137,L52136,L,299.06,308.84,1504,45.17,33.0,0,0,0,0,0,0,No_Failure
5138,L52137,L,303.5,313.69,1491,43.35,110.2,0,0,0,0,0,0,No_Failure
5139,L52138,L,297.22,307.37,1658,40.15,72.9,0,0,0,0,0,0,No_Failure
5140,H52139,H,298.54,308.7,1379,53.23,118.6,0,0,0,0,0,0,No_Failure
5141,M52140,M,301.91,311.4,2053,42.41,213.9,0,0,0,0,0,0,No_Failure
5142,M52141,M,300.43,310.11,1251,41.93,26.6,0,0,0,0,0,0,No_Failure
5143,L52142,L,298.42,307.29,1542,43.22,65.9,0,0,0,0,0,0,No_Failure
5144,H52143,H,301.93,309.93,1552,34.17,28.7,0,0,0,0,0,0,No_Failure
5145,L52144,L,302.02,311.92,1597,49.91,161.2,0,0,0,0,0,0,No_Failure
5146,H52145,H,300.66,309.92,1407,30.84,157.6,0,0,0,0,0,0,No_Failure
5147,H52146,H,298.78,309.86,1544,44.23,214.7,0,0,0,0,0,0,No_Failure
5148,L52147,L,299.08,306.9,1398,52.19,184.6,0,0,0,0,0,0,No_Failure
5149,H52148,H,300.57,310.86,1837,29.74,177.0,0,0,0,0,0,0,No_Failure
5150,L52149,L,297.38,309.5,1386,26.58,40.6,0,0,0,0,0,0,No_Failure
5151,M52150,M,302.66,312.47,1473,29.56,207.3,0,0,0,0,0,0,No_Failure
5152,L52151,L,303.4,313.4,1381,58.17,1.8,0,0,0,0,0,0,No_Failure
5153,L52152,L,299.53,309.95,1356,33.91,180.9,0,0,0,0,0,0,No_Failure
5154,L52153,L,300.71,311.22,1248,28.0,206.1,0,0,0,0,0,0,No_Failure
5155,L52154,L,302.37,311.96,1621,43.66,57.3,0,0,0,0,0,0,No_Failure
5156,L52155,L,303.91,312.9,1379,12.76,78.9,0,0,0,0,0,0,No_Failure
5157,L52156,L,303.11,313.77,1357,30.45,61.3,0,0,0,0,0,0,No_Failure
5158,M52157,M,296.53,304.62,1327,54.14,207.3,0,1,0,0,0,1,HDF
5159,L52158,L,299.37,310.2,1555,30.45,106.5,0,0,0,0,0,0,No_Failure
5160,L52159,L,301.0,310.61,1504,37.39,92.0,0,0,0,0,0,0,No_Failure
5161,H52160,H,299.01,309.01,1505,42.94,127.1,0,1,0,0,0,1,HDF
5162,H52161,H,303.57,313.04,1363,42.95,184.8,0,0,0,0,0,0,No_Failure
5163,L52162,L,303.26,314.69,1578,34.67,167.1,0,0,0,0,0,0,No_Failure
5164,L52163,L,298.37,308.62,1381,45.46,179.1,0,0,0,0,0,0,No_Failure
5165,M52164,M,299.68,309.35,1513,54.46,239.7,1,0,0,0,0,1,TWF
5166,M52165,M,298.5,308.15,1475,29.38,64.5,0,0,0,0,0,0,No_Failure
5167,L52166,L,299.61,309.46,1196,35.16,52.3,0,0,0,0,0,0,No_Failure
5168,M52167,M,299.55,311.95,1865,38.95,164.4,0,0,0,0,0,0,No_Failure
5169,L52168,L,301.91,310.59,1603,47.0,37.0,0,0,0,0,0,0,No_Failure
5170,L52169,L,298.22,309.31,1532,40.33,162.8,0,0,0,0,0,0,No_Failure
5171,M52170,M,294.77,305.33,1561,38.73,241.9,0,0,0,0,0,0,No_Failure
5172,M52171,M,296.79,308.33,1869,24.51,116.0,0,0,0,0,0,0,No_Failure
5173,H52172,H,297.94,308.57,1705,28.67,54.3,0,0,0,0,0,0,No_Failure
5174,L52173,L,298.69,308.69,1563,41.93,251.7,0,0,0,0,0,0,No_Failure
5175,L52174,L,300.37,311.39,1373,34.86,96.9,0,0,0,0,0,0,No_Failure
5176,L52175,L,297.84,308.07,1401,36.58,28.8,0,0,0,0,0,0,No_Failure
5177,L52176,L,297.58,308.33,1175,39.38,105.3,0,0,0,0,0,0,No_Failure
5178,L52177,L,298.14,309.57,1434,63.42,22.2,0,0,0,0,0,0,No_Failure
5179,M52178,M,297.77,307.86,1619,35.03,21.0,0,0,0,0,0,0,No_Failure
5180,M52179,M,298.89,308.47,1614,53.87,12.0,0,0,1,0,0,1,PWF
5181,M52180,M,298.81,308.16,1611,53.14,114.9,0,0,0,0,0,0,No_Failure
5182,L52181,L,301.38,311.83,1407,48.04,116.1,0,0,0,0,0,0,No_Failure
5183,L52182,L,298.02,307.14,1599,31.53,185.6,0,0,0,0,0,0,No_Failure
5184,M52183,M,299.28,308.94,1648,41.37,137.7,0,0,0,0,0,0,No_Failure
5185,L52184,L,298.91,307.94,1099,36.1,217.6,0,0,0,0,0,0,No_Failure
5186,H52185,H,301.62,312.13,1555,60.14,220.8,0,0,0,0,0,0,No_Failure
5187,L52186,L,299.69,308.94,1875,44.11,43.2,0,0,0,0,0,0,No_Failure
5188,M52187,M,302.1,310.81,1448,37.87,10.4,0,0,0,0,0,0,No_Failure
5189,H52188,H,297.7,306.58,1046,57.85,178.7,0,0,0,0,0,0,No_Failure
5190,M52189,M,299.9,309.33,1354,36.47,2.5,0,0,0,0,0,0,No_Failure
5191,M52190,M,298.85,308.37,1173,45.52,99.7,0,0,0,0,0,0,No_Failure
5192,M52191,M,297.55,307.8,1386,47.02,13.7,0,0,0,0,0,0,No_Failure
5193,L52192,L,299.86,309.7,1280,43.47,116.1,0,0,0,0,0,0,No_Failure
5194,M52193,M,303.47,313.84,1668,38.94,113.8,0,0,0,0,0,0,No_Failure
5195,H52194,H,298.29,308.74,1640,48.38,214.0,1,0,0,0,0,1,TWF
5196,H52195,H,299.75,310.49,1562,33.7,163.3,0,0,0,0,0,0,No_Failure
5197,L52196,L,297.38,305.47,1721,51.14,101.8,0,0,1,0,0,1,PWF
5198,L52197,L,297.08,305.95,1398,37.19,128.9,0,0,0,0,0,0,No_Failure
5199,M52198,M,298.43,308.98,1513,53.38,138.9,0,0,0,0,0,0,No_Failure
5200,M52199,M,299.1,309.31,1895,50.46,57.2,0,0,0,0,0,0,No_Failure
5201,L52200,L,299.19,310.17,1605,45.49,196.2,0,0,0,0,0,0,No_Failure
5202,L52201,L,299.55,308.0,1605,39.1,118.2,0,0,0,0,0,0,No_Failure
5203,L52202,L,296.7,306.23,1362,51.03,161.4,0,0,0,0,0,0,No_Failure
5204,L52203,L,298.75,308.45,1425,45.71,8.1,0,0,0,0,0,0,No_Failure
5205,L52204,L,301.0,311.17,1319,7.83,28.1,0,0,1,0,0,1,PWF
5206,L52205,L,297.28,307.32,1803,31.82,149.2,0,0,0,0,0,0,No_Failure
5207,L52206,L,299.29,309.76,1220,41.69,188.3,0,0,0,0,0,0,No_Failure
5208,H52207,H,300.59,310.47,1665,42.8,81.2,0,0,0,0,0,0,No_Failure
5209,L52208,L,298.44,309.81,1605,47.07,239.3,0,0,0,0,0,0,No_Failure
5210,L52209,L,300.68,312.37,1211,55.49,214.9,0,0,0,0,0,0,No_Failure
5211,L52210,L,296.96,305.84,1706,45.87,132.7,0,0,0,0,0,0,No_Failure
5212,L52211,L,301.78,311.82,1453,19.16,161.9,0,0,0,0,0,0,No_Failure
5213,H52212,H,300.73,311.53,1262,41.98,150.1,0,0,0,0,0,0,No_Failure
5214,H52213,H,300.11,310.7,1566,52.16,77.3,0,0,0,0,0,0,No_Failure
5215,L52214,L,302.25,311.84,1352,41.12,15.8,0,0,0,0,0,0,No_Failure
5216,L52215,L,299.34,309.6,1463,42.03,203.6,0,0,0,0,0,0,No_Failure
5217,L52216,L,298.76,307.18,1409,35.06,116.5,0,0,0,0,0,0,No_Failure
5218,L52217,L,302.75,312.73,1342,49.49,213.0,1,0,0,0,0,1,TWF
5219,L52218,L,303.68,312.22,1286,36.47,94.8,0,0,0,0,0,0,No_Failure
5220,L52219,L,298.61,309.12,1643,45.93,3.6,0,0,0,0,0,0,No_Failure
5221,L52220,L,299.77,308.66,1558,44.29,32.1,0,0,0,0,0,0,No_Failure
5222,M52221,M,302.09,312.25,1547,40.54,39.8,0,0,0,0,0,0,No_Failure
5223,L52222,L,299.84,310.16,1434,44.84,184.9,0,1,0,0,0,1,HDF
5224,L52223,L,301.19,311.27,1509,42.02,8.1,0,0,0,0,0,0,No_Failure
5225,L52224,L,301.56,310.93,1368,52.77,207.3,0,0,0,0,0,0,No_Failure
5226,L52225,L,298.88,308.67,1364,46.77,174.7,0,0,0,0,0,0,No_Failure
5227,L52226,L,300.84,312.02,1808,50.4,81.8,0,0,1,0,0,1,PWF
5228,L52227,L,299.99,309.56,1659,32.36,132.1,0,0,0,0,0,0,No_Failure
5229,L52228,L,297.57,307.59,1399,31.73,235.8,0,0,0,0,0,0,No_Failure
5230,L52229,L,298.02,307.46,1231,40.63,17.6,0,0,0,0,0,0,No_Failure
5231,H52230,H,298.7,309.72,1194,47.49,91.9,0,0,0,0,0,0,No_Failure
5232,H52231,H,301.86,311.93,1386,45.31,98.9,0,0,0,0,0,0,No_Failure
5233,L52232,L,301.92,311.16,1519,32.49,243.7,1,0,0,0,0,1,TWF
5234,L52233,L,301.5,311.51,1521,47.81,246.7,0,0,0,1,0,1,OSF
5235,M52234,M,300.88,310.64,1527,33.72,212.9,0,0,0,0,0,0,No_Failure
5236,M52235,M,300.83,312.22,1560,46.74,96.6,0,0,0,0,0,0,No_Failure
5237,L52236,L,300.56,310.51,1313,42.87,225.0,0,0,0,0,0,0,No_Failure
5238,L52237,L,300.82,309.43,1771,37.75,122.5,0,0,0,0,0,0,No_Failure
5239,L52238,L,300.95,311.45,1464,34.64,162.9,0,0,0,0,0,0,No_Failure
5240,M52239,M,297.19,308.98,1553,41.33,234.8,0,0,0,0,0,0,No_Failure
5241,L52240,L,298.42,309.62,1382,40.83,62.8,0,0,0,0,0,0,No_Failure
5242,L52241,L,297.94,306.84,1556,29.53,217.8,1,0,0,0,0,1,TWF
5243,L52242,L,302.21,311.95,1874,46.02,101.0,0,0,1,0,0,1,PWF
5244,L52243,L,303.31,313.28,1322,51.57,220.4,0,0,0,0,0,0,No_Failure
5245,L52244,L,295.66,305.64,1299,48.61,138.8,0,0,0,0,0,0,No_Failure
5246,M52245,M,303.13,313.51,1344,43.15,62.6,0,0,0,0,0,0,No_Failure
5247,M52246,M,300.17,309.83,1440,35.5,193.7,0,0,0,0,0,0,No_Failure
5248,L52247,L,302.03,311.11,1406,41.29,29.1,0,0,0,0,0,0,No_Failure
5249,L52248,L,301.01,311.96,1313,38.69,36.3,0,0,0,0,0,0,No_Failure
5250,H52249,H,302.88,311.76,1491,41.24,37.5,0,0,0,0,0,0,No_Failure
5251,L52250,L,300.42,309.62,1781,49.36,212.6,0,0,1,0,0,1,PWF
5252,L52251,L,297.27,306.14,1473,38.92,220.4,0,0,0,0,0,0,No_Failure
5253,L52252,L,299.79,310.4,1483,21.63,144.9,0,0,1,0,0,1,PWF
5254,H52253,H,301.03,311.14,1562,48.0,70.7,0,0,0,0,0,0,No_Failure
5255,M52254,M,299.57,310.45,1617,43.97,99.7,0,0,0,0,0,0,No_Failure
5256,H52255,H,301.32,310.53,1747,41.5,46.5,0,0,0,0,0,0,No_Failure
5257,M52256,M,299.87,308.62,1543,28.26,1.0,0,0,0,0,0,0,No_Failure
5258,L52257,L,298.81,308.37,1500,31.68,212.4,0,0,0,0,0,0,No_Failure
5259,L52258,L,297.83,307.65,1322,32.85,49.2,0,0,0,0,0,0,No_Failure
5260,L52259,L,299.22,309.43,1633,34.16,20.0,0,0,0,0,0,0,No_Failure
5261,M52260,M,300.41,308.73,1348,35.1,33.3,0,0,0,0,0,0,No_Failure
5262,M52261,M,296.08,306.56,1342,28.18,234.3,0,0,0,0,0,0,No_Failure
5263,L52262,L,298.44,307.55,1535,61.52,91.9,0,0,1,0,0,1,PWF
5264,H52263,H,296.01,305.36,1777,55.02,164.0,0,0,1,0,0,1,PWF
5265,L52264,L,298.77,309.94,1631,42.77,7.9,0,0,0,0,0,0,No_Failure
5266,L52265,L,302.39,310.21,1493,39.66,133.9,0,0,0,0,0,0,No_Failure
5267,L52266,L,297.63,307.95,1323,58.27,188.9,0,1,0,0,0,1,HDF
5268,H52267,H,301.41,311.73,1774,56.24,16.6,0,0,0,0,0,0,No_Failure
5269,H52268,H,305.7,314.88,1490,32.6,75.6,0,0,0,0,0,0,No_Failure
5270,L52269,L,302.91,312.46,1448,42.48,81.5,0,0,0,0,0,0,No_Failure
5271,H52270,H,300.27,311.49,1600,38.18,224.5,0,1,0,0,0,1,HDF
5272,H52271,H,301.72,313.68,1419,37.31,168.3,0,0,0,0,0,0,No_Failure
5273,H52272,H,297.26,308.33,1364,38.35,218.9,1,0,0,0,0,1,TWF
5274,H52273,H,296.85,308.74,1382,39.14,95.0,0,0,0,0,0,0,No_Failure
5275,L52274,L,300.06,309.37,1381,42.11,149.6,0,0,0,0,0,0,No_Failure
5276,M52275,M,300.8,309.22,1297,42.16,131.0,0,0,0,0,0,0,No_Failure
5277,M52276,M,302.19,312.14,1277,54.38,69.9,0,0,0,0,0,0,No_Failure
5278,M52277,M,298.86,309.67,1675,31.93,106.9,0,0,0,0,0,0,No_Failure
5279,L52278,L,300.39,308.53,1620,49.67,62.0,0,0,0,0,0,0,No_Failure
5280,M52279,M,300.32,309.39,1352,29.25,4.1,0,0,0,0,0,0,No_Failure
5281,H52280,H,299.74,308.92,1660,42.37,244.9,1,0,0,0,0,1,TWF
5282,L52281,L,299.86,310.21,1556,50.43,242.4,1,0,0,0,0,1,TWF
5283,H52282,H,298.29,308.52,1442,45.69,208.5,0,0,0,0,0,0,No_Failure
5284,L52283,L,300.56,309.78,1279,36.84,44.2,0,0,0,0,0,0,No_Failure
5285,L52284,L,300.39,310.57,1561,42.85,5.1,0,0,0,0,0,0,No_Failure
5286,L52285,L,299.12,307.98,1836,56.52,49.6,0,0,1,0,0,1,PWF
5287,M52286,M,301.33,310.91,1503,34.08,220.5,0,0,0,0,0,0,No_Failure
5288,M52287,M,302.06,310.79,1680,45.67,38.8,0,0,0,0,0,0,No_Failure
5289,L52288,L,301.35,311.2,1462,49.65,59.1,0,0,0,0,0,0,No_Failure
5290,M52289,M,297.92,307.11,1666,36.12,174.9,0,0,0,0,0,0,No_Failure
5291,L52290,L,300.2,310.89,1473,57.35,120.8,0,0,0,0,0,0,No_Failure
5292,L52291,L,298.18,308.15,1067,60.73,165.5,0,0,0,0,0,0,No_Failure
5293,H52292,H,300.19,309.97,1370,50.94,142.5,0,0,0,0,0,0,No_Failure
5294,M52293,M,298.18,309.95,1524,50.96,144.8,0,0,0,0,0,0,No_Failure
5295,M52294,M,302.55,312.94,1695,22.71,220.8,0,0,0,0,0,0,No_Failure
5296,M52295,M,301.57,311.2,1472,26.79,55.1,0,0,0,0,0,0,No_Failure
5297,H52296,H,302.31,311.72,1505,39.16,35.2,0,0,0,0,0,0,No_Failure
5298,L52297,L,302.1,310.92,1394,33.42,102.4,0,0,0,0,0,0,No_Failure
5299,L52298,L,299.46,309.39,1781,46.26,135.3,0,0,0,0,0,0,No_Failure
5300,L52299,L,299.15,309.46,1770,11.53,124.1,0,0,0,0,0,0,No_Failure
5301,M52300,M,303.48,311.57,1378,46.19,136.6,0,1,0,0,0,1,HDF
5302,M52301,M,299.67,308.31,1227,38.24,123.0,0,0,0,0,0,0,No_Failure
5303,M52302,M,297.29,306.77,1175,34.58,131.0,0,0,0,0,0,0,No_Failure
5304,L52303,L,302.01,310.92,1609,59.07,235.8,1,0,0,0,0,1,TWF
5305,L52304,L,300.29,310.33,1524,36.92,12.6,0,0,0,0,0,0,No_Failure
5306,M52305,M,303.01,313.19,1359,23.83,238.2,1,0,0,0,0,1,TWF
5307,H52306,H,300.49,310.36,1549,44.57,148.6,0,0,0,0,0,0,No_Failure
5308,L52307,L,299.96,310.51,1279,43.82,12.1,0,0,0,0,0,0,No_Failure
5309,L52308,L,303.05,312.47,1643,38.26,13.5,0,0,0,0,0,0,No_Failure
5310,L52309,L,296.92,306.88,1431,63.51,144.6,0,0,1,0,0,1,PWF
5311,L52310,L,298.83,307.83,1305,42.1,174.3,0,0,0,0,0,0,No_Failure
5312,L52311,L,298.23,308.51,1434,50.15,131.6,0,0,0,0,0,0,No_Failure
5313,L52312,L,295.61,305.69,1428,43.23,113.6,0,0,0,0,0,0,No_Failure
5314,M52313,M,301.75,310.55,1566,52.71,70.1,0,0,0,0,0,0,No_Failure
5315,L52314,L,298.89,308.73,1710,36.69,153.5,0,0,0,0,0,0,No_Failure
5316,L52315,L,301.81,311.77,1701,29.37,227.1,0,0,0,0,0,0,No_Failure
5317,L52316,L,300.78,311.06,1529,47.66,106.9,0,0,0,0,0,0,No_Failure
5318,H52317,H,301.21,311.53,1466,42.99,176.0,0,0,0,0,0,0,No_Failure
5319,L52318,L,299.09,308.37,1398,47.95,4.4,0,0,0,0,0,0,No_Failure
5320,L52319,L,298.47,309.24,1182,33.83,113.8,0,0,0,0,0,0,No_Failure
5321,L52320,L,300.18,310.7,1497,44.8,192.7,0,0,0,0,0,0,No_Failure
5322,M52321,M,301.84,311.11,1347,24.06,213.0,0,0,0,0,0,0,No_Failure
5323,H52322,H,299.9,308.76,1719,35.2,135.9,0,0,0,0,0,0,No_Failure
5324,L52323,L,298.6,307.95,1464,32.95,143.3,0,0,0,0,0,0,No_Failure
5325,L52324,L,297.6,306.13,1634,44.96,35.0,0,0,0,0,0,0,No_Failure
5326,L52325,L,300.41,310.62,1413,35.16,74.8,0,0,0,0,0,0,No_Failure
5327,M52326,M,298.89,310.08,1378,26.27,168.9,0,0,0,0,0,0,No_Failure
5328,H52327,H,299.86,311.28,1609,34.32,194.0,0,0,0,0,0,0,No_Failure
5329,L52328,L,299.52,308.43,1550,45.98,20.7,0,0,0,0,0,0,No_Failure
5330,L52329,L,299.11,309.9,1558,41.31,243.1,0,0,0,0,0,0,No_Failure
5331,M52330,M,300.59,310.67,1483,32.55,241.3,1,0,0,0,0,1,TWF
5332,M52331,M,301.11,308.71,1642,48.39,47.5,0,0,0,0,0,0,No_Failure
5333,L52332,L,303.93,313.6,1616,55.65,11.4,0,0,1,0,0,1,PWF
5334,L52333,L,301.52,311.07,1108,49.09,86.3,0,0,0,0,0,0,No_Failure
5335,L52334,L,303.19,314.4,1454,16.93,242.5,0,0,1,0,0,1,PWF
5336,M52335,M,298.36,307.49,1683,42.37,112.1,0,0,0,0,0,0,No_Failure
5337,M52336,M,296.8,307.36,1316,38.58,79.4,0,0,0,0,0,0,No_Failure
5338,M52337,M,299.97,309.86,1195,19.64,226.4,0,0,1,0,0,1,PWF
5339,H52338,H,301.72,310.27,1475,27.1,34.0,0,0,0,0,0,0,No_Failure
5340,L52339,L,301.4,310.85,1594,47.99,238.1,0,0,0,0,0,0,No_Failure
5341,L52340,L,302.42,313.95,1417,41.86,204.7,0,0,0,0,0,0,No_Failure
5342,L52341,L,294.93,304.75,1733,40.81,97.0,0,0,0,0,0,0,No_Failure
5343,H52342,H,302.51,313.41,1832,33.5,199.2,0,0,0,0,0,0,No_Failure
5344,M52343,M,300.67,311.52,1153,50.82,191.3,0,0,0,0,0,0,No_Failure
5345,L52344,L,296.91,306.46,1431,27.7,146.7,0,0,0,0,0,0,No_Failure
5346,L52345,L,301.45,310.16,1089,31.12,197.7,0,0,0,0,0,0,No_Failure
5347,M52346,M,300.34,309.19,1619,36.82,126.5,0,0,0,0,0,0,No_Failure
5348,M52347,M,300.76,312.21,1378,24.74,213.1,1,0,0,0,0,1,TWF
5349,M52348,M,302.0,312.15,1414,31.18,200.7,0,0,0,0,0,0,No_Failure
5350,L52349,L,300.86,309.13,1707,50.62,229.3,0,0,1,0,0,1,PWF
5351,H52350,H,297.05,307.89,1261,31.56,201.8,0,0,0,0,0,0,No_Failure
5352,M52351,M,299.71,307.93,1216,47.81,233.0,0,0,0,0,0,0,No_Failure
5353,M52352,M,296.76,305.94,1090,46.35,45.1,0,0,0,0,0,0,No_Failure
5354,M52353,M,301.3,311.38,1729,38.32,70.2,0,0,0,0,0,0,No_Failure
5355,H52354,H,302.8,315.32,1687,25.81,114.5,0,0,0,0,0,0,No_Failure
5356,H52355,H,297.52,308.33,1447,40.63,61.4,0,0,0,0,0,0,No_Failure
5357,M52356,M,298.66,308.17,1270,18.89,226.9,0,0,1,0,0,1,PWF
5358,L52357,L,298.24,308.26,1650,34.71,45.5,0,0,0,0,0,0,No_Failure
5359,L52358,L,299.09,310.01,1996,42.43,116.1,0,0,0,0,0,0,No_Failure
5360,H52359,H,300.82,312.25,1458,48.7,132.0,0,0,0,0,0,0,No_Failure
5361,M52360,M,299.11,308.87,1283,38.48,220.9,1,0,0,0,0,1,TWF
5362,L52361,L,301.31,311.09,1724,33.92,65.6,0,0,0,0,0,0,No_Failure
5363,L52362,L,302.13,311.3,1296,33.12,245.3,1,0,0,0,1,1,TWF
5364,H52363,H,302.2,312.87,1434,35.32,73.9,0,0,0,0,0,0,No_Failure
5365,H52364,H,297.76,308.79,1025,46.24,41.2,0,0,0,0,0,0,No_Failure
5366,H52365,H,302.77,310.83,1445,43.5,64.2,0,0,0,0,0,0,No_Failure
5367,L52366,L,302.93,312.54,1270,39.78,222.9,0,0,0,0,0,0,No_Failure
5368,M52367,M,303.11,311.89,1727,46.3,38.6,0,0,0,0,0,0,No_Failure
5369,H52368,H,299.68,309.84,1324,40.01,8.1,0,0,0,0,0,0,No_Failure
5370,L52369,L,298.5,307.26,1640,26.65,73.8,0,0,0,0,0,0,No_Failure
5371,L52370,L,298.03,306.71,1481,28.9,137.8,0,0,0,0,0,0,No_Failure
5372,H52371,H,297.8,308.92,1523,46.02,90.2,0,0,0,0,0,0,No_Failure
5373,L52372,L,300.02,309.86,1594,26.26,40.7,0,0,0,0,0,0,No_Failure
5374,M52373,M,301.7,311.64,1490,36.19,92.1,0,0,0,0,0,0,No_Failure
5375,M52374,M,302.61,313.04,1383,38.86,175.2,0,0,0,0,0,0,No_Failure
5376,M52375,M,299.03,310.0,1354,29.67,110.3,0,0,0,0,0,0,No_Failure
5377,L52376,L,299.92,309.5,1592,23.32,144.9,0,0,0,0,0,0,No_Failure
5378,M52377,M,299.79,309.4,1158,28.25,239.6,1,0,0,0,0,1,TWF
5379,L52378,L,298.73,308.34,1802,21.9,189.3,0,0,0,0,0,0,No_Failure
5380,H52379,H,301.47,312.55,1524,46.12,203.4,0,0,0,0,0,0,No_Failure
5381,L52380,L,300.73,310.66,1439,43.97,72.9,0,0,0,0,0,0,No_Failure
5382,M52381,M,300.28,309.99,1548,32.4,129.4,0,0,0,0,0,0,No_Failure
5383,M52382,M,300.72,311.11,1393,26.33,87.2,0,0,0,0,0,0,No_Failure
5384,L52383,L,301.23,313.06,1468,51.66,122.6,0,0,0,0,0,0,No_Failure
5385,L52384,L,301.21,311.29,1296,44.4,28.3,0,0,0,0,0,0,No_Failure
5386,M52385,M,298.32,308.05,1568,33.79,131.2,0,0,0,0,0,0,No_Failure
5387,L52386,L,301.79,313.74,1486,51.87,133.0,0,0,0,0,0,0,No_Failure
5388,L52387,L,300.51,311.84,1534,41.38,145.5,0,0,0,0,0,0,No_Failure
5389,L52388,L,299.13,310.32,1767,43.18,59.4,0,0,0,0,0,0,No_Failure
5390,H52389,H,300.47,309.97,1355,29.58,56.0,0,0,0,0,0,0,No_Failure
5391,M52390,M,300.69,310.09,1477,24.84,93.0,0,0,0,0,0,0,No_Failure
5392,L52391,L,302.16,310.33,1203,24.3,136.0,0,1,1,0,0,1,HDF
5393,H52392,H,297.91,308.87,1599,60.83,85.2,0,0,0,0,0,0,No_Failure
5394,L52393,L,302.65,312.73,1497,31.72,178.7,0,0,0,0,0,0,No_Failure
5395,L52394,L,300.05,308.25,1503,40.65,148.0,0,0,0,0,0,0,No_Failure
5396,L52395,L,298.99,310.19,1472,44.6,28.6,0,1,0,0,0,1,HDF
5397,L52396,L,298.93,308.59,1396,39.79,56.6,0,0,0,0,0,0,No_Failure
5398,L52397,L,298.0,307.78,1949,38.46,153.0,0,0,0,0,0,0,No_Failure
5399,M52398,M,296.52,305.01,1507,38.23,134.6,0,0,0,0,0,0,No_Failure
5400,L52399,L,301.35,311.85,1553,44.8,85.8,0,0,0,0,0,0,No_Failure
5401,M52400,M,303.96,314.46,1295,29.6,43.5,0,0,0,0,0,0,No_Failure
5402,L52401,L,296.76,306.72,1659,35.59,232.9,1,0,0,0,0,1,TWF
5403,L52402,L,298.1,307.68,1478,16.96,113.7,0,0,1,0,0,1,PWF
5404,L52403,L,301.5,314.13,1580,21.37,53.8,0,0,0,0,0,0,No_Failure
5405,M52404,M,299.91,308.71,1662,27.02,182.4,0,0,0,0,0,0,No_Failure
5406,M52405,M,301.67,310.95,1481,48.54,64.7,0,0,0,0,0,0,No_Failure
5407,L52406,L,299.8,310.5,1378,37.27,67.2,0,0,0,0,0,0,No_Failure
5408,L52407,L,298.84,307.82,1081,46.97,209.2,1,0,0,0,0,1,TWF
5409,L52408,L,299.55,308.46,1430,43.85,229.7,0,0,0,0,0,0,No_Failure
5410,H52409,H,295.24,306.37,1377,42.6,118.4,0,0,0,0,0,0,No_Failure
5411,L52410,L,297.71,308.32,1294,30.56,160.0,0,0,0,0,0,0,No_Failure
5412,M52411,M,301.9,312.38,1762,40.75,91.3,0,0,0,0,0,0,No_Failure
5413,L52412,L,302.38,312.57,1677,42.54,160.3,0,0,0,0,0,0,No_Failure
5414,L52413,L,302.81,312.12,1171,62.01,184.2,0,0,0,0,0,0,No_Failure
5415,M52414,M,300.88,310.63,1528,36.54,182.4,0,0,0,0,0,0,No_Failure
5416,L52415,L,295.49,305.41,1353,47.32,10.3,0,0,0,0,0,0,No_Failure
5417,L52416,L,298.73,309.58,1566,38.76,24.9,0,0,0,0,0,0,No_Failure
5418,H52417,H,302.65,313.08,1356,32.98,179.1,0,0,0,0,0,0,No_Failure
5419,L52418,L,303.25,312.32,1403,48.7,134.6,0,0,0,0,0,0,No_Failure
5420,L52419,L,302.73,313.51,1673,58.92,238.7,1,0,0,0,0,1,TWF
5421,L52420,L,299.53,307.85,1647,42.62,26.2,0,0,0,0,0,0,No_Failure
5422,L52421,L,297.39,307.07,1772,33.17,250.4,0,0,0,0,0,0,No_Failure
5423,M52422,M,299.92,308.78,1461,44.67,33.8,0,0,0,0,0,0,No_Failure
5424,L52423,L,300.03,309.17,1238,42.79,8.0,0,0,0,0,0,0,No_Failure
5425,H52424,H,303.13,315.06,1666,62.17,227.4,0,0,1,0,0,1,PWF
5426,M52425,M,300.46,308.98,1667,47.42,127.5,0,0,0,0,0,0,No_Failure
5427,H52426,H,300.03,309.21,1613,30.66,72.5,0,0,0,0,0,0,No_Failure
5428,H52427,H,300.15,310.66,1366,52.75,144.7,0,0,0,0,0,0,No_Failure
5429,H52428,H,300.8,310.33,1307,47.75,95.5,0,0,0,0,0,0,No_Failure
5430,M52429,M,301.25,311.41,1596,49.35,250.1,0,0,0,0,0,0,No_Failure
5431,L52430,L,298.55,309.98,1340,44.45,195.8,0,0,0,0,0,0,No_Failure
5432,L52431,L,297.88,308.54,1445,50.08,166.0,0,0,0,0,0,0,No_Failure
5433,M52432,M,302.74,312.27,2023,44.41,81.5,0,0,0,0,0,0,No_Failure
5434,L52433,L,296.72,306.58,1883,37.46,6.5,0,0,0,0,0,0,No_Failure
5435,M52434,M,303.28,313.81,1643,41.34,201.7,0,0,0,0,0,0,No_Failure
5436,L52435,L,296.18,306.81,1381,38.84,12.1,0,0,0,0,0,0,No_Failure
5437,H52436,H,298.83,308.85,1370,43.41,28.6,0,0,0,0,0,0,No_Failure
5438,L52437,L,301.94,312.3,1629,40.79,149.0,0,0,0,0,0,0,No_Failure
5439,H52438,H,300.0,310.36,1769,36.85,191.5,0,0,0,0,0,0,No_Failure
5440,L52439,L,297.37,307.27,1408,38.18,103.5,0,0,0,0,0,0,No_Failure
5441,L52440,L,300.85,310.25,1418,39.96,149.0,0,0,0,0,0,0,No_Failure
5442,H52441,H,300.13,310.88,1516,22.19,246.3,0,0,0,0,0,0,No_Failure
5443,H52442,H,299.57,309.86,1250,50.24,71.2,0,0,0,0,0,0,No_Failure
5444,M52443,M,298.75,306.67,1255,43.48,11.1,0,0,0,0,0,0,No_Failure
5445,H52444,H,299.93,309.1,1288,33.89,56.1,0,0,0,0,0,0,No_Failure
5446,L52445,L,298.84,308.36,1598,45.91,113.0,0,0,0,0,0,0,No_Failure
5447,H52446,H,304.87,314.67,1549,34.92,196.7,0,0,0,0,0,0,No_Failure
5448,L52447,L,299.52,310.72,1705,34.92,106.1,0,0,0,0,0,0,No_Failure
5449,M52448,M,299.25,312.45,1187,43.75,149.0,0,0,0,0,0,0,No_Failure
5450,L52449,L,298.92,306.46,1227,54.31,143.1,0,1,0,0,0,1,HDF
5451,L52450,L,303.55,313.86,1582,42.8,123.4,0,0,0,0,0,0,No_Failure
5452,M52451,M,296.72,306.79,1343,32.24,40.2,0,0,0,0,0,0,No_Failure
5453,M52452,M,300.72,310.54,1356,36.48,17.2,0,0,0,0,0,0,No_Failure
5454,L52453,L,299.52,310.06,1682,48.49,51.4,0,0,0,0,0,0,No_Failure
5455,H52454,H,297.15,307.3,1400,44.04,68.4,0,0,0,0,0,0,No_Failure
5456,M52455,M,298.36,308.0,1422,49.59,47.5,0,0,0,0,0,0,No_Failure
5457,L52456,L,300.63,310.66,1455,43.93,48.7,0,0,0,0,0,0,No_Failure
5458,M52457,M,298.27,308.83,1466,47.71,153.9,0,0,1,0,0,1,PWF
5459,L52458,L,300.52,310.98,1623,60.13,115.0,0,0,1,0,0,1,PWF
5460,L52459,L,303.46,313.65,1282,26.48,63.3,0,0,0,0,0,0,No_Failure
5461,M52460,M,300.34,309.76,1466,64.07,59.7,0,0,0,0,0,0,No_Failure
5462,L52461,L,297.09,309.91,1709,49.36,36.2,0,0,0,0,0,0,No_Failure
5463,L52462,L,298.31,308.67,1884,66.25,175.0,0,0,1,0,0,1,PWF
5464,M52463,M,299.43,310.19,1256,30.17,120.4,0,0,0,0,0,0,No_Failure
5465,L52464,L,299.3,308.79,1560,43.82,168.1,0,0,0,0,0,0,No_Failure
5466,H52465,H,300.3,310.49,1466,41.59,95.8,0,0,0,0,0,0,No_Failure
5467,M52466,M,300.62,310.81,1482,48.84,21.5,0,0,0,0,0,0,No_Failure
5468,L52467,L,303.46,311.55,1358,44.7,208.2,0,0,0,0,0,0,No_Failure
5469,M52468,M,299.99,309.28,1636,43.58,10.5,0,0,0,0,0,0,No_Failure
5470,L52469,L,297.7,306.96,1627,47.79,93.0,0,0,0,0,0,0,No_Failure
5471,M52470,M,302.31,311.71,1954,38.93,148.0,0,0,0,0,0,0,No_Failure
5472,L52471,L,302.53,311.46,1262,34.84,168.1,0,0,0,0,0,0,No_Failure
5473,H52472,H,300.46,310.51,1185,44.53,121.9,0,0,0,0,0,0,No_Failure
5474,L52473,L,299.51,310.9,1870,34.82,202.1,0,0,0,0,0,0,No_Failure
5475,M52474,M,301.25,311.38,1491,38.74,121.3,0,0,0,0,0,0,No_Failure
5476,L52475,L,299.58,308.4,1418,25.59,211.5,0,0,0,0,0,0,No_Failure
5477,L52476,L,295.89,304.86,1534,40.56,62.5,0,0,0,0,0,0,No_Failure
5478,L52477,L,301.13,310.75,1249,30.71,119.6,0,0,0,0,0,0,No_Failure
5479,M52478,M,301.78,310.37,1568,39.67,7.8,0,0,0,0,0,0,No_Failure
5480,H52479,H,302.88,313.19,1486,29.14,146.3,0,0,0,0,0,0,No_Failure
5481,L52480,L,298.54,309.89,1693,39.81,101.8,0,0,0,0,0,0,No_Failure
5482,L52481,L,300.45,309.88,1654,49.0,172.3,0,0,0,0,0,0,No_Failure
5483,L52482,L,300.5,310.57,1669,34.04,187.8,0,0,0,0,0,0,No_Failure
5484,L52483,L,300.17,309.74,1534,30.67,109.6,0,0,0,0,0,0,No_Failure
5485,H52484,H,300.23,309.6,1789,47.82,153.9,0,0,0,0,0,0,No_Failure
5486,H52485,H,300.07,310.26,1604,49.13,185.2,0,0,0,0,0,0,No_Failure
5487,H52486,H,300.42,309.76,1404,44.24,211.7,0,0,0,0,0,0,No_Failure
5488,L52487,L,301.48,310.67,1354,35.35,26.6,0,0,0,0,0,0,No_Failure
5489,L52488,L,302.44,310.82,1375,33.7,138.6,0,0,0,0,0,0,No_Failure
5490,M52489,M,298.49,308.55,1606,36.69,234.0,1,0,0,0,0,1,TWF
5491,L52490,L,299.66,310.72,1260,39.41,71.9,0,0,0,0,0,0,No_Failure
5492,M52491,M,299.15,309.86,1528,22.75,159.0,0,0,0,0,0,0,No_Failure
5493,L52492,L,298.87,310.36,1350,30.17,71.4,0,0,0,0,0,0,No_Failure
5494,L52493,L,296.77,306.09,1274,52.51,203.4,0,0,0,0,0,0,No_Failure
5495,H52494,H,300.05,310.9,1304,42.07,188.1,0,0,0,0,0,0,No_Failure
5496,L52495,L,300.96,309.86,1496,52.27,240.2,0,1,0,1,0,1,HDF
5497,H52496,H,299.69,310.4,1637,50.16,176.8,0,0,0,0,0,0,No_Failure
5498,L52497,L,299.98,311.63,1378,36.88,123.7,0,0,0,0,0,0,No_Failure
5499,L52498,L,300.84,311.34,1126,37.03,136.9,0,0,0,0,0,0,No_Failure
5500,L52499,L,302.82,314.48,2068,49.67,197.2,0,0,0,0,0,0,No_Failure
5501,L52500,L,299.16,308.56,1701,47.59,186.7,0,0,0,0,0,0,No_Failure
5502,M52501,M,297.66,307.52,1668,49.87,29.8,0,0,0,0,0,0,No_Failure
5503,L52502,L,299.82,308.9,1793,39.86,75.7,0,0,0,0,0,0,No_Failure
5504,M52503,M,303.77,313.8,1517,41.43,172.7,0,0,0,0,0,0,No_Failure
5505,H52504,H,297.68,307.95,1476,37.44,25.5,0,0,0,0,0,0,No_Failure
5506,L52505,L,301.3,311.33,1744,39.47,166.9,0,0,0,0,0,0,No_Failure
5507,L52506,L,302.32,311.84,1743,33.14,218.5,0,0,0,0,0,0,No_Failure
5508,L52507,L,295.27,304.78,1611,39.25,93.0,0,0,0,0,0,0,No_Failure
5509,M52508,M,300.82,311.17,1659,38.4,55.2,0,0,0,0,0,0,No_Failure
5510,M52509,M,301.21,311.05,1277,35.41,216.1,0,0,0,0,0,0,No_Failure
5511,L52510,L,299.47,308.31,1454,47.91,121.8,0,0,0,0,0,0,No_Failure
5512,M52511,M,298.71,306.81,1807,25.9,210.6,0,0,0,0,0,0,No_Failure
5513,L52512,L,298.82,308.22,1645,43.37,19.8,0,0,0,0,0,0,No_Failure
5514,L52513,L,299.34,307.96,1237,30.78,53.6,0,0,0,0,0,0,No_Failure
5515,L52514,L,299.4,308.56,1404,31.52,0.3,0,0,0,0,0,0,No_Failure
5516,H52515,H,299.02,308.6,1777,32.38,113.4,0,1,0,0,0,1,HDF
5517,L52516,L,299.31,309.16,1582,44.71,223.2,0,0,0,0,0,0,No_Failure
5518,L52517,L,302.38,311.72,1533,17.42,163.3,0,0,1,0,0,1,PWF
5519,L52518,L,297.57,309.76,1538,41.69,4.5,0,0,0,0,0,0,No_Failure
5520,M52519,M,296.5,305.24,1485,40.45,6.3,0,0,0,0,0,0,No_Failure
5521,L52520,L,302.41,313.62,1406,30.3,182.2,0,0,0,0,0,0,No_Failure
5522,L52521,L,299.62,309.45,1350,41.82,23.5,0,0,0,0,0,0,No_Failure
5523,L52522,L,299.22,308.57,1682,27.87,55.7,0,0,0,0,0,0,No_Failure
5524,M52523,M,299.78,310.37,1543,39.56,176.7,0,0,0,0,0,0,No_Failure
5525,L52524,L,300.42,309.97,1627,27.49,63.0,0,0,0,0,0,0,No_Failure
5526,H52525,H,298.95,308.14,1598,60.5,124.0,0,0,0,0,0,0,No_Failure
5527,L52526,L,301.01,312.8,1754,48.61,100.0,0,0,0,0,0,0,No_Failure
5528,L52527,L,298.08,305.88,1582,42.46,87.0,0,0,0,0,0,0,No_Failure
5529,H52528,H,299.4,309.15,1648,30.45,63.9,0,0,0,0,0,0,No_Failure
5530,H52529,H,295.57,305.76,1530,37.24,103.1,0,0,0,0,0,0,No_Failure
5531,L52530,L,302.34,313.75,1329,37.66,46.2,0,0,0,0,0,0,No_Failure
5532,H52531,H,299.65,309.25,1459,42.42,241.5,0,0,0,0,0,0,No_Failure
5533,M52532,M,301.34,314.0,1606,43.99,80.1,0,0,0,0,0,0,No_Failure
5534,L52533,L,300.95,311.71,1622,42.25,184.4,0,0,0,0,0,0,No_Failure
5535,H52534,H,301.1,308.73,1761,43.42,74.0,0,0,0,0,0,0,No_Failure
5536,M52535,M,299.98,308.53,1417,38.3,66.3,0,0,0,0,0,0,No_Failure
5537,L52536,L,300.78,311.01,1541,43.42,122.1,0,0,0,0,0,0,No_Failure
5538,M52537,M,298.08,306.93,1477,33.62,185.3,0,0,0,0,0,0,No_Failure
5539,L52538,L,297.66,308.21,1792,29.37,1.0,0,0,0,0,0,0,No_Failure
5540,L52539,L,299.8,309.34,1568,58.48,43.3,0,0,1,0,0,1,PWF
5541,H52540,H,298.64,307.44,1571,44.16,195.9,0,0,0,0,0,0,No_Failure
5542,M52541,M,302.85,311.89,1494,58.06,89.3,0,0,0,0,0,0,No_Failure
5543,M52542,M,300.75,311.6,1459,37.25,216.4,0,0,0,0,0,0,No_Failure
5544,M52543,M,298.57,306.54,1239,64.11,33.7,0,1,0,0,0,1,HDF
5545,M52544,M,299.46,310.5,1273,40.8,205.7,0,0,0,0,0,0,No_Failure
5546,L52545,L,300.27,311.34,1532,51.46,157.4,0,0,0,0,0,0,No_Failure
5547,H52546,H,299.86,309.53,1510,40.33,42.6,0,0,0,0,0,0,No_Failure
5548,M52547,M,300.54,309.14,1533,41.65,3.1,0,0,0,0,0,0,No_Failure
5549,M52548,M,300.14,310.69,1669,38.85,223.0,1,0,0,0,0,1,TWF
5550,L52549,L,297.22,306.73,1517,35.07,73.1,0,0,0,0,0,0,No_Failure
5551,L52550,L,295.7,304.18,1437,49.8,61.1,0,0,0,0,0,0,No_Failure
5552,L52551,L,299.25,311.16,1462,39.91,46.5,0,0,0,0,0,0,No_Failure
5553,L52552,L,301.12,310.24,1544,48.3,89.8,0,0,0,0,0,0,No_Failure
5554,L52553,L,299.28,307.8,1432,49.04,132.5,0,0,0,0,0,0,No_Failure
5555,M52554,M,302.47,312.76,1692,54.14,120.9,0,0,0,0,0,0,No_Failure
5556,H52555,H,299.91,309.84,1498,44.21,215.4,0,0,0,0,0,0,No_Failure
5557,L52556,L,302.71,314.2,1545,24.89,49.9,0,0,0,0,0,0,No_Failure
5558,L52557,L,302.3,311.92,1353,36.8,188.9,0,0,0,0,0,0,No_Failure
5559,M52558,M,302.1,311.73,1692,39.75,230.0,0,0,1,0,0,1,PWF
5560,L52559,L,297.59,307.93,1759,40.12,9.3,0,0,0,0,0,0,No_Failure
5561,H52560,H,300.03,310.23,1255,53.18,190.1,0,0,0,0,0,0,No_Failure
5562,L52561,L,302.45,312.68,1572,51.36,69.4,0,0,0,0,0,0,No_Failure
5563,L52562,L,300.54,310.82,1481,38.55,113.3,0,0,0,0,0,0,No_Failure
5564,L52563,L,301.11,311.27,1551,64.3,15.5,0,0,0,0,0,0,No_Failure
5565,H52564,H,297.22,306.81,1581,36.51,74.5,0,0,0,0,0,0,No_Failure
5566,L52565,L,303.84,314.67,1098,37.32,28.4,0,0,0,0,0,0,No_Failure
5567,M52566,M,298.42,308.06,1637,29.08,58.9,0,0,0,0,0,0,No_Failure
5568,L52567,L,296.01,306.82,1700,24.41,8.3,0,0,0,0,0,0,No_Failure
5569,L52568,L,299.3,310.69,1720,28.2,237.5,0,0,0,0,0,0,No_Failure
5570,H52569,H,295.11,304.43,1330,50.14,226.5,0,0,0,0,0,0,No_Failure
5571,L52570,L,297.83,310.23,1494,47.42,164.7,0,0,0,0,0,0,No_Failure
5572,L52571,L,305.12,314.4,1403,31.16,82.3,0,0,0,0,0,0,No_Failure
5573,M52572,M,299.24,308.53,1155,41.0,238.7,0,0,0,0,0,0,No_Failure
5574,H52573,H,297.14,307.68,1388,48.06,245.9,1,0,0,0,0,1,TWF
5575,L52574,L,300.05,310.49,1305,19.67,201.0,0,0,0,0,0,0,No_Failure
5576,L52575,L,298.2,308.28,1560,57.72,172.4,0,0,0,0,0,0,No_Failure
5577,H52576,H,301.73,312.55,1206,50.53,83.2,0,0,1,0,0,1,PWF
5578,M52577,M,298.22,308.47,1324,48.11,223.5,0,0,0,0,0,0,No_Failure
5579,H52578,H,300.54,312.61,1406,52.02,126.5,0,0,0,0,0,0,No_Failure
5580,M52579,M,297.71,307.65,1639,19.58,160.0,0,0,0,0,0,0,No_Failure
5581,M52580,M,305.2,314.34,2000,37.81,43.8,0,0,0,0,0,0,No_Failure
5582,L52581,L,301.01,310.46,1555,52.58,5.4,0,0,0,0,0,0,No_Failure
5583,L52582,L,299.71,310.18,1314,39.93,249.8,0,0,0,0,0,0,No_Failure
5584,M52583,M,299.41,309.9,1378,47.43,157.2,0,0,0,0,0,0,No_Failure
5585,M52584,M,298.89,309.1,1618,54.48,173.4,0,0,0,0,0,0,No_Failure
5586,H52585,H,298.48,307.63,1258,47.04,12.7,0,0,0,0,0,0,No_Failure
5587,M52586,M,298.42,309.53,1697,37.42,106.6,0,0,0,0,0,0,No_Failure
5588,L52587,L,303.36,315.29,1549,45.76,71.9,0,0,0,0,0,0,No_Failure
5589,L52588,L,298.89,308.92,1477,23.29,211.4,0,0,0,0,0,0,No_Failure
5590,M52589,M,295.74,307.55,1197,44.9,122.8,0,0,0,0,0,0,No_Failure
5591,L52590,L,297.67,308.53,1666,47.5,97.3,0,0,0,0,0,0,No_Failure
5592,M52591,M,301.86,314.07,1363,41.51,37.4,0,0,0,0,0,0,No_Failure
5593,M52592,M,299.5,309.97,1528,51.62,97.0,0,0,0,0,0,0,No_Failure
5594,L52593,L,299.73,309.87,1472,42.79,91.6,0,0,0,0,0,0,No_Failure
5595,M52594,M,302.34,313.18,1215,41.47,199.1,0,0,0,0,0,0,No_Failure
5596,M52595,M,298.45,308.01,1458,58.32,214.4,1,0,0,0,0,1,TWF
5597,H52596,H,301.26,311.67,1282,30.42,95.9,0,0,0,0,0,0,No_Failure
5598,L52597,L,298.66,309.99,1383,53.92,103.8,0,0,0,0,0,0,No_Failure
5599,M52598,M,301.15,311.97,1578,53.13,246.7,0,0,0,1,0,1,OSF
5600,L52599,L,299.22,309.19,1626,48.45,95.7,0,0,0,0,0,0,No_Failure
5601,M52600,M,299.52,309.72,1497,35.95,159.0,0,0,0,0,0,0,No_Failure
5602,L52601,L,301.64,312.4,1341,43.43,34.1,0,0,0,0,0,0,No_Failure
5603,H52602,H,301.5,312.22,1383,31.96,108.5,0,0,0,0,0,0,No_Failure
5604,H52603,H,299.67,310.42,1380,34.38,61.1,0,0,0,0,0,0,No_Failure
5605,M52604,M,299.06,309.4,1115,41.31,61.5,0,0,0,0,0,0,No_Failure
5606,M52605,M,303.2,312.37,1513,31.16,59.2,0,0,0,0,0,0,No_Failure
5607,L52606,L,301.18,310.51,1200,37.67,120.1,0,0,0,0,0,0,No_Failure
5608,M52607,M,299.22,309.68,1514,28.98,74.4,0,0,0,0,0,0,No_Failure
5609,L52608,L,298.69,309.53,1237,46.53,206.6,0,0,0,0,0,0,No_Failure
5610,M52609,M,302.05,312.75,1283,56.35,113.5,0,0,0,0,0,0,No_Failure
5611,L52610,L,300.23,309.56,1620,61.97,13.9,0,0,0,0,0,0,No_Failure
5612,M52611,M,299.67,309.52,1504,29.66,111.0,0,0,0,0,0,0,No_Failure
5613,L52612,L,300.23,309.06,1161,31.42,25.1,0,0,0,0,0,0,No_Failure
5614,M52613,M,300.68,309.28,1399,39.5,37.2,0,0,0,0,0,0,No_Failure
5615,M52614,M,299.89,309.97,1547,48.22,34.2,0,0,0,0,0,0,No_Failure
5616,L52615,L,302.41,313.77,1389,39.08,200.6,0,0,0,0,0,0,No_Failure
5617,L52616,L,302.52,312.62,1438,50.78,108.7,0,0,0,0,0,0,No_Failure
5618,H52617,H,301.06,312.97,1544,46.46,0.2,0,0,0,0,0,0,No_Failure
5619,M52618,M,302.75,312.59,1508,23.46,129.5,0,0,0,0,0,0,No_Failure
5620,L52619,L,300.02,310.05,1321,41.69,50.9,0,0,0,0,0,0,No_Failure
5621,L52620,L,301.38,310.39,1504,28.75,181.5,0,0,0,0,0,0,No_Failure
5622,L52621,L,302.01,311.66,1448,35.49,238.2,0,0,0,0,0,0,No_Failure
5623,M52622,M,302.04,310.85,1810,37.02,43.1,0,0,0,0,0,0,No_Failure
5624,M52623,M,301.83,310.29,1481,48.55,69.9,0,0,0,0,0,0,No_Failure
5625,L52624,L,301.26,310.09,1524,40.84,180.2,0,0,0,0,0,0,No_Failure
5626,M52625,M,303.91,314.0,1547,36.47,160.0,0,0,0,0,0,0,No_Failure
5627,M52626,M,298.92,308.18,1442,62.09,209.6,0,0,0,0,0,0,No_Failure
5628,M52627,M,299.69,309.19,1370,32.19,164.2,0,0,0,0,0,0,No_Failure
5629,L52628,L,299.57,309.98,1583,44.0,48.3,0,0,0,0,0,0,No_Failure
5630,L52629,L,299.26,307.72,1584,47.8,211.3,0,0,0,0,0,0,No_Failure
5631,L52630,L,296.02,306.1,1875,42.8,40.7,0,0,0,0,0,0,No_Failure
5632,L52631,L,302.75,313.6,1634,32.13,21.2,0,0,0,0,0,0,No_Failure
5633,L52632,L,297.95,308.88,1637,31.62,237.7,0,0,0,0,0,0,No_Failure
5634,L52633,L,300.34,310.86,1629,47.32,147.7,0,0,0,0,0,0,No_Failure
5635,L52634,L,297.16,307.1,1376,51.56,83.8,0,0,0,0,0,0,No_Failure
5636,M52635,M,301.24,310.62,1274,40.59,64.9,0,0,0,0,0,0,No_Failure
5637,L52636,L,298.43,308.35,1319,27.94,21.4,0,0,0,0,0,0,No_Failure
5638,M52637,M,297.73,309.38,1624,41.21,141.7,0,0,0,0,0,0,No_Failure
5639,L52638,L,300.39,310.66,1756,56.26,220.2,0,0,0,0,0,0,No_Failure
5640,M52639,M,298.6,308.49,1632,31.05,172.0,0,0,0,0,0,0,No_Failure
5641,L52640,L,298.85,309.42,1470,37.93,192.8,0,0,0,0,0,0,No_Failure
5642,M52641,M,300.34,310.39,1802,41.69,151.4,0,0,0,0,0,0,No_Failure
5643,M52642,M,301.6,311.83,1420,51.99,2.5,0,0,0,0,0,0,No_Failure
5644,L52643,L,298.36,308.12,1293,35.81,112.6,0,0,0,0,0,0,No_Failure
5645,M52644,M,298.02,307.6,1546,45.95,9.1,0,0,0,0,0,0,No_Failure
5646,L52645,L,300.05,311.04,1733,55.02,20.6,0,0,0,0,0,0,No_Failure
5647,M52646,M,301.08,309.13,1348,26.29,44.5,0,1,0,0,0,1,HDF
5648,L52647,L,302.93,313.4,1193,28.0,225.0,0,0,0,0,0,0,No_Failure
5649,L52648,L,297.86,307.38,1507,40.17,54.4,0,0,0,0,0,0,No_Failure
5650,L52649,L,299.36,307.46,1639,50.91,114.3,0,0,0,0,0,0,No_Failure
5651,H52650,H,302.35,311.38,966,44.43,221.7,0,0,0,0,0,0,No_Failure
5652,L52651,L,303.95,313.91,1676,51.8,171.6,0,0,1,0,0,1,PWF
5653,M52652,M,298.01,308.12,1254,24.08,33.6,0,0,1,0,0,1,PWF
5654,L52653,L,298.52,309.26,1630,44.56,117.0,0,0,0,0,0,0,No_Failure
5655,L52654,L,300.76,311.57,1141,12.64,195.0,0,0,0,0,0,0,No_Failure
5656,L52655,L,298.84,307.3,1235,54.38,112.3,0,1,0,0,0,1,HDF
5657,H52656,H,298.48,308.86,1611,52.99,55.0,0,0,0,0,0,0,No_Failure
5658,M52657,M,300.49,311.22,1719,37.82,162.8,0,0,0,0,0,0,No_Failure
5659,L52658,L,303.1,313.32,1498,18.01,103.1,0,0,0,0,1,1,RNF
5660,M52659,M,297.38,307.88,1931,39.02,130.0,0,0,0,0,0,0,No_Failure
5661,L52660,L,303.0,311.06,1316,52.27,31.6,0,1,0,0,0,1,HDF
5662,L52661,L,298.85,307.86,1314,45.24,229.0,0,0,0,0,0,0,No_Failure
5663,M52662,M,300.69,312.06,1446,59.59,233.0,1,1,1,0,0,1,TWF
5664,L52663,L,303.18,312.9,1437,38.14,76.7,0,0,0,0,0,0,No_Failure
5665,L52664,L,300.65,312.87,1551,61.4,74.0,0,0,1,0,0,1,PWF
5666,M52665,M,299.41,308.13,1366,20.88,43.2,0,0,0,0,0,0,No_Failure
5667,L52666,L,301.44,313.0,1602,33.51,148.2,0,0,0,0,0,0,No_Failure
5668,H52667,H,299.65,309.04,1598,28.14,50.4,0,0,0,0,0,0,No_Failure
5669,M52668,M,301.04,311.91,1790,48.46,155.5,0,0,1,0,0,1,PWF
5670,H52669,H,299.59,309.3,1412,28.98,239.3,1,0,1,0,0,1,TWF
5671,M52670,M,301.72,311.84,1561,51.16,45.8,0,0,0,0,0,0,No_Failure
5672,H52671,H,297.21,307.81,1609,47.96,57.2,0,0,1,0,0,1,PWF
5673,L52672,L,297.97,307.36,1499,42.9,23.1,0,0,0,0,0,0,No_Failure
5674,M52673,M,297.18,307.98,1462,39.96,79.7,0,0,0,0,0,0,No_Failure
5675,M52674,M,299.89,309.62,1129,30.55,223.0,1,0,0,0,0,1,TWF
5676,H52675,H,296.94,307.12,1515,47.09,4.0,0,0,0,0,0,0,No_Failure
5677,L52676,L,298.62,305.97,1607,35.98,161.0,0,0,0,0,0,0,No_Failure
5678,M52677,M,297.78,307.45,1490,48.7,97.2,0,0,1,0,0,1,PWF
5679,M52678,M,302.96,314.22,1359,56.0,80.3,0,0,0,0,0,0,No_Failure
5680,L52679,L,298.02,308.71,1198,37.93,43.6,0,0,0,0,0,0,No_Failure
5681,H52680,H,297.43,308.31,1582,54.22,210.7,0,0,0,0,0,0,No_Failure
5682,L52681,L,300.5,310.55,1506,42.92,208.2,0,0,0,0,0,0,No_Failure
5683,L52682,L,303.37,315.05,1750,46.99,10.3,0,0,0,0,0,0,No_Failure
5684,M52683,M,299.77,310.06,1239,27.8,145.9,0,0,0,0,0,0,No_Failure
5685,L52684,L,299.92,309.26,1415,34.15,105.0,0,0,0,0,0,0,No_Failure
5686,L52685,L,302.58,313.44,1262,34.04,1.6,0,0,0,0,0,0,No_Failure
5687,L52686,L,301.76,312.68,1685,54.48,77.3,0,0,0,0,0,0,No_Failure
5688,L52687,L,300.85,311.48,1723,37.51,47.6,0,0,0,0,0,0,No_Failure
5689,M52688,M,298.84,308.43,1846,47.3,193.2,0,0,0,0,0,0,No_Failure
5690,H52689,H,300.91,311.19,1594,40.26,113.2,0,0,0,0,0,0,No_Failure
5691,M52690,M,297.28,308.67,1642,37.45,201.9,0,0,0,0,0,0,No_Failure
5692,L52691,L,298.75,309.23,1578,26.3,245.1,1,0,0,0,0,1,TWF
5693,M52692,M,302.86,311.39,1603,21.93,101.5,0,0,0,0,0,0,No_Failure
5694,H52693,H,302.6,311.98,1509,37.63,140.5,0,0,0,0,0,0,No_Failure
5695,M52694,M,300.87,310.2,1611,38.21,246.1,1,0,0,0,0,1,TWF
5696,L52695,L,296.14,305.39,1885,32.23,42.1,0,0,0,0,0,0,No_Failure
5697,L52696,L,297.58,305.47,1539,42.47,13.7,0,0,0,0,0,0,No_Failure
5698,H52697,H,298.64,310.53,1504,60.65,118.8,0,0,1,0,0,1,PWF
5699,H52698,H,299.66,308.78,1536,55.95,123.4,0,0,0,0,0,0,No_Failure
5700,L52699,L,297.5,306.7,1473,40.85,235.0,1,0,0,0,0,1,TWF
5701,H52700,H,299.51,307.57,1544,41.2,115.3,0,0,0,0,0,0,No_Failure
5702,L52701,L,303.53,314.4,1467,47.02,112.3,0,0,0,0,0,0,No_Failure
5703,L52702,L,300.8,310.71,1706,43.07,126.0,0,0,0,0,0,0,No_Failure
5704,M52703,M,300.44,310.09,1688,47.04,112.7,0,0,0,0,1,1,RNF
5705,M52704,M,297.96,307.67,1890,43.36,227.4,0,0,0,0,0,0,No_Failure
5706,L52705,L,296.72,307.31,1496,41.54,156.3,0,0,1,0,0,1,PWF
5707,H52706,H,297.54,307.06,1552,34.08,201.5,0,0,0,0,0,0,No_Failure
5708,H52707,H,296.64,304.65,1544,44.09,39.1,0,0,0,0,0,0,No_Failure
5709,L52708,L,300.15,308.86,1536,17.85,221.6,0,0,0,0,0,0,No_Failure
5710,M52709,M,300.77,309.42,1703,43.12,245.4,1,0,0,0,0,1,TWF
5711,M52710,M,298.07,308.34,1208,19.8,242.1,0,0,1,0,0,1,PWF
5712,M52711,M,300.3,311.23,1583,43.13,248.6,0,0,0,0,0,0,No_Failure
5713,H52712,H,302.94,314.4,1859,30.68,176.4,0,0,0,0,0,0,No_Failure
5714,M52713,M,303.92,312.28,1745,53.25,169.9,0,0,1,0,0,1,PWF
5715,L52714,L,301.54,312.16,1725,41.36,17.0,0,0,0,0,0,0,No_Failure
5716,L52715,L,299.65,309.04,1652,40.49,71.6,0,0,0,0,0,0,No_Failure
5717,H52716,H,301.48,314.4,1393,44.53,199.1,0,0,0,0,0,0,No_Failure
5718,H52717,H,302.7,314.09,1365,31.83,91.4,0,0,0,0,0,0,No_Failure
5719,L52718,L,295.99,307.69,1366,51.69,157.0,0,0,0,0,0,0,No_Failure
5720,L52719,L,302.96,313.77,1295,47.41,148.4,0,0,0,0,0,0,No_Failure
5721,M52720,M,298.91,309.29,1670,34.97,146.9,0,0,0,0,0,0,No_Failure
5722,L52721,L,298.93,308.53,1764,29.89,93.7,0,0,0,0,0,0,No_Failure
5723,L52722,L,299.29,308.69,1578,36.26,223.9,0,0,0,0,0,0,No_Failure
5724,H52723,H,300.64,309.84,1645,38.92,63.0,0,0,0,0,0,0,No_Failure
5725,H52724,H,297.78,308.4,1553,29.15,194.9,0,0,0,0,0,0,No_Failure
5726,H52725,H,299.43,310.99,1602,35.43,6.4,0,0,0,0,0,0,No_Failure
5727,M52726,M,301.05,310.69,1119,34.08,212.1,0,0,0,0,0,0,No_Failure
5728,L52727,L,300.44,309.71,1557,37.98,191.8,0,0,0,0,0,0,No_Failure
5729,H52728,H,300.76,309.28,1423,38.06,247.7,0,0,0,0,0,0,No_Failure
5730,L52729,L,299.35,309.6,1493,44.88,30.6,0,0,0,0,0,0,No_Failure
5731,L52730,L,301.39,312.62,1541,40.31,203.3,0,0,0,0,0,0,No_Failure
5732,H52731,H,302.11,313.39,1371,44.02,78.2,0,0,0,0,0,0,No_Failure
5733,M52732,M,301.99,313.37,1306,42.49,62.7,0,0,0,0,0,0,No_Failure
5734,H52733,H,300.86,311.27,1366,38.05,51.9,0,0,0,0,0,0,No_Failure
5735,L52734,L,301.88,311.97,1239,46.84,181.8,0,0,0,0,0,0,No_Failure
5736,H52735,H,301.74,313.02,1292,12.56,238.4,0,0,0,0,0,0,No_Failure
5737,M52736,M,305.35,314.24,1317,36.41,165.0,0,0,0,0,0,0,No_Failure
5738,M52737,M,302.44,312.0,1242,34.29,67.2,0,0,0,0,0,0,No_Failure
5739,H52738,H,299.82,311.53,1595,41.19,101.2,0,0,0,0,0,0,No_Failure
5740,L52739,L,298.18,307.1,1338,33.66,61.0,0,0,0,0,0,0,No_Failure
5741,M52740,M,299.48,309.44,1165,45.49,17.7,0,0,0,0,0,0,No_Failure
5742,M52741,M,299.34,309.97,1428,47.25,194.1,0,0,0,0,0,0,No_Failure
5743,M52742,M,301.02,311.11,1300,26.16,26.4,0,0,0,0,0,0,No_Failure
5744,H52743,H,298.6,309.75,1763,42.23,164.3,0,0,0,0,0,0,No_Failure
5745,M52744,M,302.38,313.91,1524,27.19,108.4,0,0,0,0,0,0,No_Failure
5746,L52745,L,297.22,307.7,1235,44.8,18.4,0,0,0,0,0,0,No_Failure
5747,L52746,L,296.73,308.13,1602,35.33,76.3,0,0,0,0,0,0,No_Failure
5748,H52747,H,299.73,308.8,1515,31.96,19.1,0,0,0,0,0,0,No_Failure
5749,H52748,H,298.31,308.16,1457,22.9,159.2,0,0,1,0,0,1,PWF
5750,H52749,H,297.48,309.89,1783,39.08,168.8,0,0,0,0,0,0,No_Failure
5751,L52750,L,298.73,310.67,1324,28.42,226.4,1,0,1,0,0,1,TWF
5752,L52751,L,298.48,307.2,1686,25.16,72.4,0,0,0,0,0,0,No_Failure
5753,M52752,M,300.02,310.01,1426,41.86,44.6,0,1,0,0,0,1,HDF
5754,M52753,M,298.76,308.9,1497,49.69,120.1,0,0,0,0,0,0,No_Failure
5755,L52754,L,298.92,309.34,1365,43.94,206.0,0,0,0,0,0,0,No_Failure
5756,M52755,M,299.99,311.26,1377,25.69,143.2,0,0,0,0,0,0,No_Failure
5757,L52756,L,302.03,313.87,1422,38.63,238.8,0,0,0,0,0,0,No_Failure
5758,L52757,L,302.94,312.98,1158,46.81,22.5,0,0,0,0,0,0,No_Failure
5759,L52758,L,300.3,311.42,1562,38.64,182.0,0,0,0,0,0,0,No_Failure
5760,L52759,L,300.45,311.1,1521,43.26,167.8,0,0,0,0,0,0,No_Failure
5761,L52760,L,299.63,309.61,1230,35.63,61.6,0,0,0,0,0,0,No_Failure
5762,H52761,H,300.96,309.26,1619,36.15,52.6,0,0,0,0,0,0,No_Failure
5763,M52762,M,300.78,311.8,1762,33.4,96.7,0,0,0,0,0,0,No_Failure
5764,H52763,H,302.65,313.26,1380,46.12,81.6,0,0,0,0,0,0,No_Failure
5765,L52764,L,296.22,306.61,1359,46.75,84.7,0,0,0,0,0,0,No_Failure
5766,L52765,L,299.53,308.55,1700,34.45,182.7,0,0,0,0,0,0,No_Failure
5767,L52766,L,300.68,312.64,1573,47.55,22.8,0,0,0,0,0,0,No_Failure
5768,M52767,M,299.95,310.1,1476,25.73,189.3,0,0,0,0,0,0,No_Failure
5769,L52768,L,298.12,306.98,1647,38.29,126.4,0,0,0,0,0,0,No_Failure
5770,M52769,M,297.4,306.1,1549,26.46,44.0,0,0,0,0,0,0,No_Failure
5771,H52770,H,301.61,312.29,1757,28.68,169.4,0,0,0,0,0,0,No_Failure
5772,H52771,H,298.49,309.19,1497,26.34,94.6,0,0,0,0,0,0,No_Failure
5773,L52772,L,296.49,306.03,1577,33.44,33.6,0,0,0,0,0,0,No_Failure
5774,M52773,M,301.71,312.18,1698,46.2,148.7,0,0,0,0,0,0,No_Failure
5775,L52774,L,300.92,311.59,1059,39.22,80.9,0,0,0,0,0,0,No_Failure
5776,L52775,L,299.77,309.91,1704,34.16,71.7,0,0,0,0,0,0,No_Failure
5777,M52776,M,298.17,307.47,1409,38.26,120.9,0,0,0,0,0,0,No_Failure
5778,M52777,M,299.77,310.73,1590,19.44,131.5,0,0,0,0,0,0,No_Failure
5779,M52778,M,302.43,313.27,1800,45.72,177.8,0,0,0,0,0,0,No_Failure
5780,L52779,L,296.77,307.34,1445,17.52,124.5,0,0,0,0,0,0,No_Failure
5781,H52780,H,296.87,306.04,1418,32.93,135.0,0,0,0,0,0,0,No_Failure
5782,H52781,H,298.74,307.41,1490,39.21,144.3,0,0,0,0,0,0,No_Failure
5783,L52782,L,299.95,310.02,1239,44.46,234.6,0,0,0,0,0,0,No_Failure
5784,H52783,H,299.01,309.94,1896,42.39,25.6,0,0,0,0,0,0,No_Failure
5785,L52784,L,301.29,312.33,1492,39.51,167.8,0,0,0,0,0,0,No_Failure
5786,M52785,M,302.18,312.76,1796,54.57,9.5,0,0,1,0,0,1,PWF
5787,H52786,H,300.56,310.11,1440,60.15,65.6,0,0,0,0,0,0,No_Failure
5788,H52787,H,301.12,310.32,1506,40.07,200.1,0,0,0,0,0,0,No_Failure
5789,H52788,H,300.54,310.53,1670,39.0,91.4,0,0,0,0,0,0,No_Failure
5790,L52789,L,300.02,310.01,1302,38.4,6.8,0,0,0,0,0,0,No_Failure
5791,H52790,H,297.41,308.52,1482,33.89,129.9,0,0,0,0,0,0,No_Failure
5792,M52791,M,297.94,307.46,1663,43.76,110.7,0,0,0,0,0,0,No_Failure
5793,L52792,L,297.3,306.9,1462,52.72,234.5,0,0,0,0,0,0,No_Failure
5794,L52793,L,299.7,311.76,1413,15.1,238.4,0,0,1,0,0,1,PWF
5795,M52794,M,300.46,312.02,1701,38.3,70.5,0,0,0,0,0,0,No_Failure
5796,M52795,M,297.1,306.22,1752,54.89,207.5,0,0,0,0,0,0,No_Failure
5797,M52796,M,300.15,311.61,1781,43.93,130.2,0,0,0,0,0,0,No_Failure
5798,H52797,H,298.25,307.13,1379,44.14,136.7,0,0,0,0,0,0,No_Failure
5799,M52798,M,297.86,307.43,1396,23.99,28.9,0,0,0,0,0,0,No_Failure
5800,L52799,L,298.75,308.43,1415,47.02,211.6,0,0,0,0,0,0,No_Failure
5801,L52800,L,297.76,307.68,1629,50.09,153.3,0,0,0,0,0,0,No_Failure
5802,M52801,M,301.21,311.83,1285,42.0,241.7,0,0,0,0,0,0,No_Failure
5803,M52802,M,299.66,309.77,1295,33.44,198.1,0,0,0,0,0,0,No_Failure
5804,M52803,M,301.63,312.25,1371,44.43,118.1,0,0,0,0,0,0,No_Failure
5805,M52804,M,299.11,308.71,1331,29.62,216.9,0,0,0,0,0,0,No_Failure
5806,M52805,M,299.19,309.56,1659,28.3,80.5,0,0,0,0,0,0,No_Failure
5807,M52806,M,303.75,313.83,1647,48.02,218.3,0,0,0,0,0,0,No_Failure
5808,H52807,H,296.75,305.37,1413,50.96,29.3,0,0,0,0,0,0,No_Failure
5809,L52808,L,302.57,313.05,1465,32.57,85.1,0,0,0,0,0,0,No_Failure
5810,M52809,M,303.31,313.41,1043,28.35,219.7,0,0,1,0,0,1,PWF
5811,M52810,M,301.53,310.82,1418,31.22,6.1,0,0,0,0,0,0,No_Failure
5812,L52811,L,299.34,308.91,1724,41.98,219.8,0,0,0,0,0,0,No_Failure
5813,M52812,M,302.85,312.45,1408,28.36,10.1,0,0,0,0,0,0,No_Failure
5814,M52813,M,299.36,309.11,1303,52.84,166.7,0,0,0,0,0,0,No_Failure
5815,M52814,M,298.59,310.35,1748,35.35,161.4,0,0,0,0,0,0,No_Failure
5816,M52815,M,299.22,311.31,1299,43.66,14.6,0,0,0,0,0,0,No_Failure
5817,L52816,L,298.86,306.13,1778,32.57,212.1,0,0,0,0,0,0,No_Failure
5818,L52817,L,298.11,308.59,2020,45.84,21.7,0,0,0,0,0,0,No_Failure
5819,L52818,L,302.22,313.17,1480,46.66,215.4,1,0,0,0,0,1,TWF
5820,L52819,L,298.45,308.24,1724,23.22,248.7,0,0,0,0,0,0,No_Failure
5821,M52820,M,299.94,310.87,1200,33.2,170.0,0,0,0,0,0,0,No_Failure
5822,H52821,H,297.11,308.77,1192,38.43,235.4,1,0,0,0,0,1,TWF
5823,M52822,M,300.06,308.69,1357,34.75,158.2,0,0,0,0,0,0,No_Failure
5824,L52823,L,297.69,307.82,1648,48.72,248.2,1,0,0,0,0,1,TWF
5825,L52824,L,297.64,309.6,1500,34.03,201.6,0,0,0,0,0,0,No_Failure
5826,L52825,L,299.78,308.54,1466,47.15,171.9,0,0,0,0,0,0,No_Failure
5827,M52826,M,302.11,312.0,1268,44.85,250.2,0,0,0,0,0,0,No_Failure
5828,L52827,L,300.88,310.43,1477,38.92,122.4,0,0,0,0,0,0,No_Failure
5829,M52828,M,301.02,312.07,1384,47.56,122.4,0,0,0,0,0,0,No_Failure
5830,M52829,M,299.74,310.93,1334,24.62,215.5,0,0,1,0,0,1,PWF
5831,M52830,M,299.33,309.49,1319,39.38,170.6,0,0,0,0,0,0,No_Failure
5832,L52831,L,301.58,311.61,1535,32.26,36.5,0,0,0,0,0,0,No_Failure
5833,L52832,L,298.87,307.15,1370,38.93,77.9,0,0,0,0,0,0,No_Failure
5834,M52833,M,301.67,313.09,1499,35.31,147.9,0,0,0,0,0,0,No_Failure
5835,M52834,M,302.47,312.12,1182,40.6,4.0,0,0,0,0,0,0,No_Failure
5836,L52835,L,298.32,308.17,1591,40.09,129.1,0,0,0,0,0,0,No_Failure
5837,H52836,H,298.61,309.58,1543,41.39,59.2,0,0,0,0,0,0,No_Failure
5838,M52837,M,298.91,309.11,1458,41.78,59.9,0,0,0,0,0,0,No_Failure
5839,L52838,L,297.07,308.07,1529,45.73,226.5,0,0,0,0,0,0,No_Failure
5840,L52839,L,299.06,309.66,1668,27.41,71.4,0,0,0,0,0,0,No_Failure
5841,L52840,L,302.6,312.81,1239,45.09,227.3,1,0,0,0,0,1,TWF
5842,L52841,L,297.91,308.22,1512,24.87,135.0,0,0,0,0,0,0,No_Failure
5843,L52842,L,302.65,311.53,1265,12.06,234.8,0,0,0,0,0,0,No_Failure
5844,M52843,M,299.13,308.98,1516,59.72,184.5,0,0,0,0,0,0,No_Failure
5845,L52844,L,304.23,315.31,1453,30.61,104.7,0,0,0,0,0,0,No_Failure
5846,H52845,H,298.64,307.74,1496,35.52,8.9,0,0,0,0,0,0,No_Failure
5847,H52846,H,299.71,309.0,1653,21.36,225.6,0,0,0,0,0,0,No_Failure
5848,L52847,L,298.18,307.3,1647,35.46,179.0,0,0,0,0,0,0,No_Failure
5849,L52848,L,298.62,308.78,1696,42.07,34.1,0,0,0,0,0,0,No_Failure
5850,M52849,M,302.68,314.08,1429,42.43,236.6,0,0,0,0,0,0,No_Failure
5851,H52850,H,300.95,311.5,1627,27.93,123.6,0,0,0,0,0,0,No_Failure
5852,H52851,H,302.06,309.88,1591,35.56,7.5,0,0,0,0,0,0,No_Failure
5853,L52852,L,297.37,308.02,1433,43.69,74.9,0,0,0,0,0,0,No_Failure
5854,L52853,L,301.31,310.87,1521,42.39,217.5,0,0,0,0,0,0,No_Failure
5855,L52854,L,298.06,308.57,1476,41.28,106.0,0,0,0,0,0,0,No_Failure
5856,H52855,H,297.33,307.18,1751,47.6,204.4,0,0,0,0,0,0,No_Failure
5857,M52856,M,300.48,309.62,1646,38.91,101.9,0,1,0,0,0,1,HDF
5858,M52857,M,300.46,310.39,1440,53.92,33.9,0,0,0,0,0,0,No_Failure
5859,M52858,M,300.11,309.67,1427,37.07,49.2,0,0,0,0,0,0,No_Failure
5860,L52859,L,301.44,311.74,1672,46.95,222.9,0,0,0,0,0,0,No_Failure
5861,M52860,M,301.75,310.86,1741,47.3,45.9,0,0,0,0,0,0,No_Failure
5862,L52861,L,302.94,311.81,1557,23.61,236.7,0,0,0,0,0,0,No_Failure
5863,M52862,M,297.62,308.35,1619,44.41,73.0,0,0,0,0,0,0,No_Failure
5864,M52863,M,303.0,314.11,1735,33.6,245.8,0,0,0,0,0,0,No_Failure
5865,M52864,M,303.76,314.34,1469,29.91,24.5,0,0,0,0,0,0,No_Failure
5866,L52865,L,299.27,308.62,1515,35.76,138.7,0,0,0,0,0,0,No_Failure
5867,H52866,H,296.66,305.92,1588,41.62,9.0,0,0,0,0,0,0,No_Failure
5868,M52867,M,297.23,306.55,1423,24.35,64.9,0,0,0,0,0,0,No_Failure
5869,L52868,L,299.08,309.97,1806,40.27,216.4,0,0,0,0,0,0,No_Failure
5870,L52869,L,304.03,313.2,1421,37.82,47.3,0,0,0,0,0,0,No_Failure
5871,M52870,M,300.03,310.92,1511,50.38,225.6,0,0,0,0,0,0,No_Failure
5872,L52871,L,298.77,309.4,1845,33.66,149.2,0,0,0,0,0,0,No_Failure
5873,L52872,L,298.63,309.87,1165,51.9,183.8,0,0,0,0,0,0,No_Failure
5874,L52873,L,297.35,308.42,1539,43.87,90.9,0,0,0,0,0,0,No_Failure
5875,L52874,L,301.75,312.29,1381,39.67,249.2,0,0,0,0,0,0,No_Failure
5876,L52875,L,299.82,308.35,1500,52.74,209.1,0,0,0,0,0,0,No_Failure
5877,M52876,M,304.2,314.81,1283,59.23,230.7,0,0,0,0,0,0,No_Failure
5878,L52877,L,301.26,311.37,1433,37.89,36.9,0,0,0,0,0,0,No_Failure
5879,M52878,M,301.66,311.29,1504,32.6,67.5,0,0,0,0,0,0,No_Failure
5880,L52879,L,299.52,310.88,1543,44.29,212.8,0,0,0,0,0,0,No_Failure
5881,L52880,L,297.82,307.67,1661,25.77,169.4,0,0,0,0,0,0,No_Failure
5882,L52881,L,298.25,307.72,1082,26.99,97.4,0,0,0,0,0,0,No_Failure
5883,M52882,M,297.26,308.39,1477,53.07,117.5,0,0,0,0,0,0,No_Failure
5884,H52883,H,301.82,311.42,1469,45.72,110.9,0,0,0,0,0,0,No_Failure
5885,L52884,L,299.23,308.65,1488,31.42,141.1,0,0,0,0,0,0,No_Failure
5886,L52885,L,301.91,310.78,1506,71.35,123.7,0,0,0,0,0,0,No_Failure
5887,L52886,L,300.27,309.45,1351,26.18,115.0,0,1,0,0,0,1,HDF
5888,L52887,L,299.41,308.68,1222,46.2,82.9,0,0,0,0,0,0,No_Failure
5889,H52888,H,297.66,308.28,1539,32.04,113.6,0,0,0,0,0,0,No_Failure
5890,L52889,L,300.6,309.58,1321,57.81,44.9,0,0,0,0,0,0,No_Failure
5891,H52890,H,299.56,307.7,1572,34.69,48.3,0,0,0,0,0,0,No_Failure
5892,M52891,M,301.8,312.11,1331,37.15,174.1,0,0,0,0,0,0,No_Failure
5893,M52892,M,298.57,307.94,1625,21.91,244.0,0,0,0,0,0,0,No_Failure
5894,H52893,H,301.23,311.22,1490,60.83,53.7,0,0,0,0,0,0,No_Failure
5895,L52894,L,303.28,314.56,1503,33.82,231.0,0,0,0,0,0,0,No_Failure
5896,M52895,M,300.55,310.62,1456,44.8,158.3,0,0,0,0,0,0,No_Failure
5897,L52896,L,301.57,313.08,1427,40.05,241.1,1,0,0,0,0,1,TWF
5898,H52897,H,301.14,311.08,1458,34.49,100.0,0,0,0,0,0,0,No_Failure
5899,M52898,M,303.8,314.8,1713,17.72,174.6,0,0,0,0,0,0,No_Failure
5900,L52899,L,300.74,310.2,1224,37.72,137.6,0,0,0,0,0,0,No_Failure
5901,H52900,H,301.4,311.51,1383,37.28,247.3,0,0,0,0,0,0,No_Failure
5902,L52901,L,299.93,308.99,1690,43.19,15.3,0,0,0,0,0,0,No_Failure
5903,L52902,L,298.45,307.64,1648,61.45,14.9,0,0,0,0,0,0,No_Failure
5904,M52903,M,297.58,307.36,1742,46.44,218.6,0,0,0,0,0,0,No_Failure
5905,L52904,L,302.53,311.21,1489,48.6,13.5,0,0,0,0,0,0,No_Failure
5906,H52905,H,297.98,308.14,1263,36.95,229.6,0,0,0,0,0,0,No_Failure
5907,M52906,M,301.49,311.19,1301,26.87,23.8,0,0,0,0,0,0,No_Failure
5908,M52907,M,300.83,311.07,1446,37.21,28.4,0,0,0,0,0,0,No_Failure
5909,L52908,L,301.84,310.52,1637,32.66,83.7,0,0,0,0,0,0,No_Failure
5910,L52909,L,298.97,309.67,1454,39.5,183.9,0,0,0,0,0,0,No_Failure
5911,H52910,H,298.42,310.12,1440,35.06,146.0,0,0,0,0,0,0,No_Failure
5912,L52911,L,300.76,312.24,1571,23.22,230.0,0,0,0,0,0,0,No_Failure
5913,M52912,M,299.42,311.32,1505,52.67,159.3,0,0,0,0,0,0,No_Failure
5914,L52913,L,297.54,307.58,1421,38.59,150.7,0,0,0,0,0,0,No_Failure
5915,L52914,L,303.88,313.52,1320,36.7,144.3,0,0,0,0,0,0,No_Failure
5916,M52915,M,298.42,308.9,1670,28.95,102.7,0,0,0,0,0,0,No_Failure
5917,M52916,M,298.01,307.77,1689,35.25,161.7,0,0,0,0,0,0,No_Failure
5918,M52917,M,299.52,307.78,1310,31.37,246.2,1,1,0,0,0,1,TWF
5919,H52918,H,302.51,313.33,1428,28.06,246.0,0,0,0,0,0,0,No_Failure
5920,L52919,L,295.67,305.43,1620,41.63,28.1,0,0,0,0,0,0,No_Failure
5921,L52920,L,302.34,310.87,1295,35.31,115.3,0,0,1,0,0,1,PWF
5922,L52921,L,298.18,307.67,1566,47.49,149.9,0,0,0,0,0,0,No_Failure
5923,M52922,M,300.53,310.32,1441,36.4,181.1,0,0,0,0,0,0,No_Failure
5924,L52923,L,298.65,308.66,1281,41.15,76.0,0,0,0,0,0,0,No_Failure
5925,M52924,M,303.98,314.01,1820,40.86,248.7,1,0,0,0,0,1,TWF
5926,L52925,L,300.25,311.62,1439,43.85,105.1,0,0,0,0,0,0,No_Failure
5927,H52926,H,298.58,307.3,1594,31.59,72.2,0,0,0,0,0,0,No_Failure
5928,H52927,H,299.4,309.25,1298,48.99,197.4,0,0,0,0,0,0,No_Failure
5929,H52928,H,300.18,309.3,1779,28.2,148.8,0,0,0,0,0,0,No_Failure
5930,L52929,L,300.36,311.61,1851,40.42,228.8,0,0,0,0,0,0,No_Failure
5931,H52930,H,300.88,310.32,1230,27.95,26.9,0,0,0,0,0,0,No_Failure
5932,L52931,L,300.0,309.65,1470,38.79,13.8,0,0,0,0,0,0,No_Failure
5933,L52932,L,297.25,308.3,1739,48.91,238.6,0,0,0,0,0,0,No_Failure
5934,L52933,L,299.32,310.64,1416,45.55,112.8,0,0,0,0,0,0,No_Failure
5935,L52934,L,301.21,312.69,1574,50.59,54.7,0,0,0,0,0,0,No_Failure
5936,M52935,M,298.66,307.02,1198,36.97,188.0,0,1,0,0,0,1,HDF
5937,L52936,L,301.35,311.83,1358,49.09,252.4,1,0,0,0,0,1,TWF
5938,L52937,L,300.06,310.33,1555,33.08,252.7,1,0,0,0,0,1,TWF
5939,M52938,M,299.56,309.51,1394,35.42,243.7,0,0,0,0,0,0,No_Failure
5940,H52939,H,302.39,312.45,1435,41.3,39.6,0,0,0,0,0,0,No_Failure
5941,M52940,M,296.52,307.81,1227,48.5,215.1,0,0,0,0,0,0,No_Failure
5942,M52941,M,298.65,309.69,1618,34.53,31.4,0,0,0,0,0,0,No_Failure
5943,L52942,L,302.46,313.36,1259,46.95,90.3,0,0,0,0,0,0,No_Failure
5944,H52943,H,303.66,313.87,1777,42.31,45.1,0,0,0,0,0,0,No_Failure
5945,L52944,L,304.57,316.84,1377,43.37,90.1,0,0,0,0,0,0,No_Failure
5946,L52945,L,300.1,309.7,1644,31.45,62.7,0,0,0,0,0,0,No_Failure
5947,L52946,L,300.92,309.3,1626,36.15,226.9,1,0,0,0,0,1,TWF
5948,M52947,M,301.63,311.37,1323,39.06,249.9,0,0,0,0,0,0,No_Failure
5949,L52948,L,302.55,312.61,1396,43.37,44.0,0,0,0,0,0,0,No_Failure
5950,M52949,M,300.63,311.93,1418,31.93,32.8,0,0,0,0,0,0,No_Failure
5951,L52950,L,301.85,311.34,1430,27.08,41.6,0,1,0,0,0,1,HDF
5952,L52951,L,300.92,311.41,1266,18.67,143.1,0,0,0,0,0,0,No_Failure
5953,L52952,L,301.04,309.57,1596,47.46,223.2,0,0,0,0,0,0,No_Failure
5954,L52953,L,298.16,309.24,1376,49.44,188.6,0,0,0,0,0,0,No_Failure
5955,L52954,L,299.34,309.41,1479,19.9,106.8,0,0,1,0,0,1,PWF
5956,M52955,M,298.95,308.67,1681,40.76,242.6,0,0,0,0,0,0,No_Failure
5957,M52956,M,297.62,309.75,1603,36.23,136.3,0,0,0,0,0,0,No_Failure
5958,L52957,L,296.7,307.77,1388,52.17,198.6,0,0,0,0,0,0,No_Failure
5959,M52958,M,299.15,308.11,1687,37.9,126.5,0,0,0,0,0,0,No_Failure
5960,L52959,L,299.47,309.36,1620,45.46,168.6,0,0,0,0,0,0,No_Failure
5961,L52960,L,300.21,312.95,1373,35.75,95.2,0,0,0,0,0,0,No_Failure
5962,L52961,L,301.11,313.09,1407,33.13,13.3,0,0,0,0,0,0,No_Failure
5963,L52962,L,300.38,311.3,1680,47.67,155.0,0,0,0,0,0,0,No_Failure
5964,L52963,L,299.49,307.64,1640,50.78,73.1,0,0,0,0,0,0,No_Failure
5965,M52964,M,298.17,309.5,1230,27.31,139.3,0,0,0,0,0,0,No_Failure
5966,L52965,L,301.75,311.12,1319,51.42,164.8,0,0,0,0,0,0,No_Failure
5967,M52966,M,299.8,311.12,1625,30.25,114.3,0,0,0,0,0,0,No_Failure
5968,L52967,L,299.13,308.41,1289,16.68,39.7,0,0,0,0,0,0,No_Failure
5969,M52968,M,299.63,310.12,1645,40.11,203.7,0,0,0,0,0,0,No_Failure
5970,M52969,M,298.53,307.89,1848,45.07,43.6,0,0,0,0,0,0,No_Failure
5971,L52970,L,298.94,308.58,1567,24.84,32.7,0,0,0,0,0,0,No_Failure
5972,L52971,L,298.88,309.5,1334,20.17,80.3,0,0,0,0,0,0,No_Failure
5973,M52972,M,299.43,308.11,1532,35.05,14.7,0,0,0,0,0,0,No_Failure
5974,H52973,H,301.31,313.68,1686,33.71,89.4,0,0,0,0,0,0,No_Failure
5975,H52974,H,300.81,309.79,1518,53.7,191.7,0,0,0,0,0,0,No_Failure
5976,L52975,L,303.09,312.01,1587,40.12,199.9,0,0,0,0,0,0,No_Failure
5977,M52976,M,302.42,313.05,1356,47.35,115.6,0,0,0,0,0,0,No_Failure
5978,L52977,L,303.91,315.2,1370,42.1,46.5,0,0,0,0,0,0,No_Failure
5979,L52978,L,301.12,310.79,1663,55.69,246.4,1,0,1,0,0,1,TWF
5980,M52979,M,301.09,310.01,1372,31.08,208.4,0,0,0,0,0,0,No_Failure
5981,M52980,M,299.03,308.1,1034,39.12,1.3,0,0,0,0,0,0,No_Failure
5982,M52981,M,301.65,310.62,1445,24.31,153.6,0,0,0,0,0,0,No_Failure
5983,H52982,H,298.69,309.0,1557,48.11,239.1,1,1,0,0,0,1,TWF
5984,L52983,L,297.06,306.99,1691,51.14,235.1,0,0,0,1,0,1,OSF
5985,M52984,M,303.05,313.48,1796,48.73,101.1,0,0,1,0,0,1,PWF
5986,L52985,L,297.5,307.87,1515,38.75,154.7,0,0,0,0,0,0,No_Failure
5987,L52986,L,300.88,311.7,1619,25.11,155.9,0,0,0,0,0,0,No_Failure
5988,L52987,L,298.24,307.83,1522,39.14,184.7,0,0,0,0,0,0,No_Failure
5989,H52988,H,302.25,311.52,1564,33.22,238.2,0,0,0,0,0,0,No_Failure
5990,L52989,L,302.53,312.68,1466,49.23,118.0,0,0,0,0,0,0,No_Failure
5991,L52990,L,301.06,311.0,1570,35.73,15.6,0,0,0,0,0,0,No_Failure
5992,M52991,M,302.49,312.75,1369,35.52,182.7,0,0,0,0,0,0,No_Failure
5993,H52992,H,300.01,309.3,1856,61.74,239.4,1,0,0,0,0,1,TWF
5994,H52993,H,304.47,315.11,1070,47.99,220.3,0,0,0,0,0,0,No_Failure
5995,M52994,M,301.49,310.31,1603,50.76,6.2,0,0,0,0,0,0,No_Failure
5996,L52995,L,298.2,307.76,1558,34.88,223.3,0,0,0,0,0,0,No_Failure
5997,M52996,M,300.14,311.27,1567,29.0,37.3,0,0,0,0,0,0,No_Failure
5998,H52997,H,299.69,308.56,1287,50.67,247.6,1,0,0,0,0,1,TWF
5999,H52998,H,299.5,310.55,1198,54.92,187.5,0,0,0,0,0,0,No_Failure
6000,H52999,H,296.69,305.28,1609,27.14,31.9,0,0,0,0,0,0,No_Failure
6001,L53000,L,300.77,309.19,1741,34.83,25.5,0,0,0,0,0,0,No_Failure
6002,L53001,L,297.23,305.73,1540,30.86,70.3,0,0,0,0,0,0,No_Failure
6003,M53002,M,294.95,305.07,1645,44.81,58.1,0,0,0,0,0,0,No_Failure
6004,L53003,L,299.31,310.04,1418,50.86,1.0,0,0,0,0,0,0,No_Failure
6005,L53004,L,298.49,309.78,1560,36.32,225.3,0,0,0,0,0,0,No_Failure
6006,L53005,L,298.28,309.49,1721,36.29,32.0,0,0,0,0,0,0,No_Failure
6007,M53006,M,293.79,304.66,1444,20.43,250.3,0,0,0,0,0,0,No_Failure
6008,H53007,H,298.3,307.47,1713,30.46,66.8,0,0,0,0,0,0,No_Failure
6009,M53008,M,299.65,308.81,1206,55.07,145.3,0,0,0,0,0,0,No_Failure
6010,H53009,H,298.73,309.52,1390,44.93,176.7,0,0,0,0,0,0,No_Failure
6011,M53010,M,300.77,312.2,1598,49.26,76.2,0,0,0,0,0,0,No_Failure
6012,M53011,M,302.79,311.75,1843,36.35,115.4,0,0,0,0,0,0,No_Failure
6013,L53012,L,301.03,312.33,1503,37.27,195.6,0,0,0,0,0,0,No_Failure
6014,M53013,M,302.05,310.13,1314,40.19,16.3,0,1,0,0,0,1,HDF
6015,L53014,L,302.22,312.61,1838,43.24,91.5,0,0,0,0,0,0,No_Failure
6016,L53015,L,297.96,307.86,1477,53.76,199.9,0,0,0,0,0,0,No_Failure
6017,L53016,L,300.88,310.67,1620,33.27,84.0,0,0,0,0,0,0,No_Failure
6018,H53017,H,301.99,312.02,1440,38.62,15.0,0,0,0,0,0,0,No_Failure
6019,M53018,M,299.13,308.27,1526,32.07,47.5,0,0,0,0,0,0,No_Failure
6020,H53019,H,298.42,308.86,1399,20.32,171.3,0,0,1,0,0,1,PWF
6021,H53020,H,301.06,311.12,1906,49.2,244.8,1,0,0,0,0,1,TWF
6022,H53021,H,297.04,307.97,1714,57.47,57.9,0,0,0,0,0,0,No_Failure
6023,L53022,L,297.82,309.41,1818,47.65,130.9,0,0,0,0,0,0,No_Failure
6024,H53023,H,298.67,308.79,1358,42.3,60.8,0,0,0,0,0,0,No_Failure
6025,H53024,H,300.9,310.08,1171,58.53,233.6,0,0,0,0,0,0,No_Failure
6026,H53025,H,300.44,309.3,1447,44.59,227.7,0,0,0,0,0,0,No_Failure
6027,L53026,L,302.06,313.76,1953,48.03,99.0,0,0,1,0,0,1,PWF
6028,L53027,L,298.16,309.73,1442,41.41,9.4,0,0,0,0,0,0,No_Failure
6029,H53028,H,298.05,308.94,1689,42.94,153.7,0,0,0,0,0,0,No_Failure
6030,L53029,L,301.05,311.11,1316,38.67,158.8,0,0,0,0,0,0,No_Failure
6031,L53030,L,298.4,309.22,1351,48.33,156.3,0,0,0,0,0,0,No_Failure
6032,L53031,L,298.79,310.1,1486,29.09,74.9,0,0,0,0,0,0,No_Failure
6033,L53032,L,296.29,305.67,1880,44.19,6.0,0,0,0,0,0,0,No_Failure
6034,L53033,L,300.58,310.61,1698,31.47,8.1,0,0,0,0,0,0,No_Failure
6035,H53034,H,303.08,311.98,1130,45.1,197.1,0,0,0,0,0,0,No_Failure
6036,H53035,H,297.94,307.81,1620,63.94,134.4,0,0,0,0,0,0,No_Failure
6037,H53036,H,302.04,313.59,1293,47.0,68.6,0,0,0,0,0,0,No_Failure
6038,L53037,L,299.88,310.96,1377,51.74,231.4,0,0,0,0,0,0,No_Failure
6039,L53038,L,296.47,306.6,1592,49.02,223.7,0,1,0,0,0,1,HDF
6040,L53039,L,298.21,305.52,1752,16.74,206.5,0,0,0,0,0,0,No_Failure
6041,L53040,L,298.09,307.43,1743,38.68,157.3,0,0,0,0,0,0,No_Failure
6042,L53041,L,299.37,309.47,1560,44.48,155.6,0,0,0,0,0,0,No_Failure
6043,M53042,M,300.84,310.62,1562,19.11,134.3,0,0,1,0,0,1,PWF
6044,H53043,H,303.7,313.73,1742,37.16,46.4,0,0,0,0,0,0,No_Failure
6045,M53044,M,297.14,307.38,1216,39.21,184.0,0,0,0,0,0,0,No_Failure
6046,L53045,L,299.03,308.5,1829,27.68,131.7,0,0,0,0,0,0,No_Failure
6047,L53046,L,298.21,308.2,1368,30.3,138.1,0,0,0,0,0,0,No_Failure
6048,L53047,L,297.46,307.31,1547,53.37,174.2,0,0,0,0,0,0,No_Failure
6049,L53048,L,300.19,309.49,1411,4.19,94.1,0,0,1,0,0,1,PWF
6050,M53049,M,300.0,311.85,1292,42.71,178.2,0,0,0,0,0,0,No_Failure
6051,L53050,L,296.37,305.9,1583,51.64,62.8,0,0,0,0,0,0,No_Failure
6052,M53051,M,300.04,307.78,1543,39.73,219.0,1,0,0,0,0,1,TWF
6053,H53052,H,297.59,309.37,1481,54.09,249.5,0,0,0,0,0,0,No_Failure
6054,L53053,L,300.02,309.18,1473,35.73,149.7,0,0,0,0,0,0,No_Failure
6055,L53054,L,302.54,313.44,1775,30.95,96.5,0,0,0,0,0,0,No_Failure
6056,L53055,L,300.93,310.25,1895,39.91,72.9,0,0,0,0,0,0,No_Failure
6057,L53056,L,300.36,310.92,1726,36.18,225.9,0,0,0,0,0,0,No_Failure
6058,M53057,M,298.94,308.89,1550,34.28,82.7,0,0,0,0,0,0,No_Failure
6059,H53058,H,300.13,311.13,1205,38.2,206.0,0,0,0,0,0,0,No_Failure
6060,H53059,H,301.13,310.91,1613,32.08,103.4,0,0,0,0,0,0,No_Failure
6061,M53060,M,300.93,310.27,1621,31.62,222.6,0,0,0,0,0,0,No_Failure
6062,L53061,L,299.8,310.06,1639,28.78,109.3,0,0,0,0,0,0,No_Failure
6063,L53062,L,300.43,310.05,1295,44.17,146.2,0,0,0,0,0,0,No_Failure
6064,L53063,L,297.37,305.44,1653,30.01,31.0,0,0,0,0,0,0,No_Failure
6065,L53064,L,298.53,307.93,1781,27.58,246.8,0,0,0,0,0,0,No_Failure
6066,H53065,H,301.42,314.28,1323,29.26,142.4,0,0,0,0,0,0,No_Failure
6067,L53066,L,301.68,309.86,1623,42.06,156.7,0,0,0,0,0,0,No_Failure
6068,L53067,L,300.19,310.43,1354,46.69,31.7,0,0,0,0,0,0,No_Failure
6069,L53068,L,302.96,312.72,1481,47.51,174.7,0,0,0,0,0,0,No_Failure
6070,L53069,L,301.02,312.85,1329,42.14,107.9,0,0,0,0,0,0,No_Failure
6071,H53070,H,299.53,308.42,1437,45.36,107.1,0,0,0,0,0,0,No_Failure
6072,L53071,L,297.56,307.66,1438,39.45,119.7,0,0,0,0,0,0,No_Failure
6073,L53072,L,302.88,313.56,1574,44.56,135.6,0,0,1,0,0,1,PWF
6074,L53073,L,301.54,311.36,1660,44.4,203.3,0,0,0,0,0,0,No_Failure
6075,H53074,H,303.6,312.83,1719,32.7,86.5,0,0,0,0,0,0,No_Failure
6076,M53075,M,304.33,314.31,1383,29.24,222.8,0,0,0,0,0,0,No_Failure
6077,M53076,M,297.43,307.12,1565,53.52,28.0,0,0,0,0,0,0,No_Failure
6078,L53077,L,297.43,307.12,1302,41.25,134.2,0,0,0,0,0,0,No_Failure
6079,L53078,L,294.27,305.2,1480,50.52,171.6,0,0,0,0,0,0,No_Failure
6080,H53079,H,301.84,312.24,1508,29.0,245.5,0,0,0,0,0,0,No_Failure
6081,L53080,L,301.31,311.86,1334,35.94,100.7,0,0,0,0,0,0,No_Failure
6082,L53081,L,300.2,310.53,1601,26.23,171.7,0,0,0,0,0,0,No_Failure
6083,M53082,M,297.55,308.51,1472,46.46,198.9,1,0,0,0,0,1,TWF
6084,L53083,L,299.82,311.13,1528,33.86,210.6,0,0,0,0,0,0,No_Failure
6085,L53084,L,300.37,310.08,1720,34.46,232.0,1,0,0,0,0,1,TWF
6086,H53085,H,301.57,312.38,1423,59.56,87.5,0,0,0,0,0,0,No_Failure
6087,L53086,L,300.55,309.25,1653,46.66,213.1,0,0,0,0,0,0,No_Failure
6088,L53087,L,301.33,309.07,1760,46.54,242.1,0,0,0,0,0,0,No_Failure
6089,L53088,L,299.75,311.58,1749,27.98,118.8,0,0,0,0,0,0,No_Failure
6090,M53089,M,302.36,312.03,1466,21.42,174.9,0,0,0,0,0,0,No_Failure
6091,L53090,L,301.26,311.52,1325,49.71,81.7,0,0,0,0,0,0,No_Failure
6092,L53091,L,297.63,306.4,1372,17.6,64.8,0,0,0,0,0,0,No_Failure
6093,M53092,M,302.78,311.51,1214,34.98,70.3,0,0,0,0,0,0,No_Failure
6094,M53093,M,302.45,311.74,1623,31.88,13.0,0,0,0,0,0,0,No_Failure
6095,H53094,H,300.93,311.57,1635,30.75,146.3,0,0,0,0,0,0,No_Failure
6096,L53095,L,300.56,310.04,1521,35.59,218.0,0,0,0,0,0,0,No_Failure
6097,L53096,L,303.32,312.98,1252,29.44,72.6,0,0,0,0,0,0,No_Failure
6098,M53097,M,296.73,305.99,1434,27.84,8.0,0,0,0,0,0,0,No_Failure
6099,M53098,M,302.48,313.65,1748,42.55,71.6,0,0,0,0,0,0,No_Failure
6100,L53099,L,299.05,309.92,1610,50.66,195.3,0,0,0,0,0,0,No_Failure
6101,M53100,M,302.19,311.71,1641,22.64,113.2,0,0,0,0,0,0,No_Failure
6102,L53101,L,300.24,310.92,2095,41.96,194.1,0,0,0,0,0,0,No_Failure
6103,H53102,H,297.51,307.27,1559,45.41,54.9,0,0,0,0,0,0,No_Failure
6104,H53103,H,299.01,308.67,1111,44.47,162.4,0,0,0,0,0,0,No_Failure
6105,L53104,L,302.04,311.99,1302,37.79,184.9,0,0,0,0,0,0,No_Failure
6106,H53105,H,299.58,310.22,1555,34.03,204.7,0,0,0,0,0,0,No_Failure
6107,H53106,H,298.76,307.86,1503,47.59,173.1,0,0,0,0,0,0,No_Failure
6108,L53107,L,298.74,309.25,1469,43.35,230.4,0,0,0,0,0,0,No_Failure
6109,L53108,L,301.28,313.78,1472,21.06,31.9,0,0,0,0,0,0,No_Failure
6110,M53109,M,303.5,313.68,1359,37.79,139.3,0,0,0,0,0,0,No_Failure
6111,L53110,L,295.72,305.75,1567,40.55,113.8,0,0,0,0,0,0,No_Failure
6112,L53111,L,305.6,315.52,1751,29.06,252.8,0,0,0,0,0,0,No_Failure
6113,L53112,L,300.41,310.89,1812,37.57,139.0,0,0,0,0,0,0,No_Failure
6114,H53113,H,301.16,309.55,1807,44.92,173.4,0,0,0,0,0,0,No_Failure
6115,L53114,L,299.13,310.83,1328,31.73,232.5,0,0,0,0,0,0,No_Failure
6116,M53115,M,299.99,310.97,1496,42.33,36.1,0,0,0,0,0,0,No_Failure
6117,L53116,L,300.39,309.74,1444,30.1,85.8,0,0,0,0,0,0,No_Failure
6118,L53117,L,297.9,307.93,1607,27.63,81.8,0,0,0,0,0,0,No_Failure
6119,H53118,H,298.39,307.83,1485,46.16,29.6,0,0,0,0,0,0,No_Failure
6120,L53119,L,302.37,312.67,1459,51.74,141.7,0,0,0,0,0,0,No_Failure
6121,L53120,L,296.9,306.96,1762,28.16,77.6,0,0,0,0,0,0,No_Failure
6122,L53121,L,300.88,311.11,1518,49.53,41.8,0,0,0,0,0,0,No_Failure
6123,M53122,M,299.26,308.23,1522,39.87,5.5,0,0,0,0,0,0,No_Failure
6124,L53123,L,298.08,307.6,1574,17.87,6.3,0,0,1,0,0,1,PWF
6125,L53124,L,303.94,315.09,1622,25.65,98.9,0,0,0,0,0,0,No_Failure
6126,L53125,L,298.09,307.56,1623,46.08,154.6,0,0,0,0,0,0,No_Failure
6127,L53126,L,297.74,305.1,1779,23.76,53.8,0,0,0,0,0,0,No_Failure
6128,L53127,L,299.63,309.48,1269,33.81,230.3,0,0,0,0,0,0,No_Failure
6129,M53128,M,298.46,310.87,1558,39.19,53.2,0,0,0,0,0,0,No_Failure
6130,L53129,L,300.01,310.86,1482,44.48,68.4,0,0,0,0,0,0,No_Failure
6131,L53130,L,300.31,309.73,1446,41.85,77.0,0,0,0,0,0,0,No_Failure
6132,M53131,M,300.47,310.42,1636,55.69,39.9,0,0,0,0,0,0,No_Failure
6133,M53132,M,299.75,310.43,1733,31.84,252.8,1,0,0,0,0,1,TWF
6134,L53133,L,298.6,306.84,1393,40.99,181.4,0,0,0,0,0,0,No_Failure
6135,L53134,L,301.29,310.43,1804,44.53,76.0,0,0,0,0,0,0,No_Failure
6136,L53135,L,299.78,310.17,1242,47.12,246.2,1,0,0,0,0,1,TWF
6137,H53136,H,299.01,310.6,1606,50.51,160.6,0,0,0,0,0,0,No_Failure
6138,L53137,L,302.96,312.52,1340,35.66,194.6,0,0,0,0,0,0,No_Failure
6139,L53138,L,299.76,311.32,1384,46.51,87.0,0,0,0,0,0,0,No_Failure
6140,L53139,L,302.18,311.43,1511,30.74,54.8,0,0,0,0,0,0,No_Failure
6141,L53140,L,302.45,309.07,1428,39.22,113.8,0,0,0,0,0,0,No_Failure
6142,L53141,L,302.58,313.32,985,45.01,105.4,0,0,0,0,0,0,No_Failure
6143,L53142,L,301.38,311.92,1610,49.75,249.1,0,0,0,0,0,0,No_Failure
6144,M53143,M,300.0,310.73,1640,45.7,36.7,0,0,0,0,0,0,No_Failure
6145,M53144,M,299.87,310.57,1471,40.91,34.2,0,0,0,0,0,0,No_Failure
6146,M53145,M,299.51,309.7,1457,39.21,157.2,0,0,0,0,0,0,No_Failure
6147,M53146,M,295.67,305.41,1433,45.49,142.2,0,0,0,0,0,0,No_Failure
6148,L53147,L,301.44,311.22,1192,61.89,138.2,0,0,0,0,0,0,No_Failure
6149,H53148,H,300.49,310.03,1173,48.55,104.2,0,0,0,0,0,0,No_Failure
6150,M53149,M,301.65,311.25,1645,43.82,91.4,0,0,0,0,0,0,No_Failure
6151,H53150,H,299.77,307.95,1692,26.31,22.0,0,0,0,0,0,0,No_Failure
6152,M53151,M,301.33,310.12,1607,31.56,200.5,0,0,0,0,0,0,No_Failure
6153,L53152,L,297.24,307.08,1568,36.76,113.0,0,0,0,0,0,0,No_Failure
6154,L53153,L,297.66,305.42,1641,49.1,227.0,1,0,0,0,0,1,TWF
6155,L53154,L,295.05,303.04,1629,30.63,125.4,0,0,0,0,0,0,No_Failure
6156,L53155,L,299.73,309.4,1359,46.42,228.6,0,0,0,0,0,0,No_Failure
6157,L53156,L,298.45,308.33,1540,41.2,233.8,1,0,0,0,0,1,TWF
6158,L53157,L,298.19,307.88,1447,43.55,141.5,0,0,0,0,0,0,No_Failure
6159,L53158,L,300.67,308.29,1449,37.84,201.8,0,0,0,0,0,0,No_Failure
6160,H53159,H,299.15,310.7,1705,34.03,26.3,0,0,0,0,0,0,No_Failure
6161,M53160,M,297.13,305.7,1783,30.26,29.7,0,0,0,0,0,0,No_Failure
6162,M53161,M,305.09,314.27,1078,46.12,177.2,0,0,0,0,0,0,No_Failure
6163,L53162,L,299.93,308.66,1454,39.23,12.9,0,0,0,0,0,0,No_Failure
6164,M53163,M,297.83,309.13,1445,29.23,180.0,0,0,0,0,0,0,No_Failure
6165,H53164,H,298.66,309.08,1709,42.23,58.4,0,0,0,0,0,0,No_Failure
6166,M53165,M,299.65,309.18,1239,74.23,59.4,0,0,1,0,0,1,PWF
6167,M53166,M,299.65,309.11,962,37.99,91.1,0,0,0,0,0,0,No_Failure
6168,L53167,L,302.6,312.78,1648,56.54,233.9,0,0,1,0,0,1,PWF
6169,L53168,L,299.84,308.59,1673,14.15,179.8,0,0,1,0,0,1,PWF
6170,M53169,M,303.71,314.09,1179,37.3,190.1,0,0,0,0,0,0,No_Failure
6171,H53170,H,299.14,308.59,1478,49.55,198.1,0,0,0,0,0,0,No_Failure
6172,L53171,L,300.85,311.37,1775,40.16,210.4,0,0,0,0,0,0,No_Failure
6173,L53172,L,302.04,312.53,1306,33.57,43.1,0,0,0,0,0,0,No_Failure
6174,L53173,L,302.39,311.8,1518,39.74,238.3,0,0,0,0,0,0,No_Failure
6175,L53174,L,302.62,310.57,1591,49.85,100.4,0,0,1,0,0,1,PWF
6176,H53175,H,299.46,309.21,1243,61.43,142.1,0,0,0,0,0,0,No_Failure
6177,M53176,M,299.99,308.54,1399,50.66,205.0,0,0,0,0,0,0,No_Failure
6178,L53177,L,295.04,305.12,1196,34.95,215.7,0,0,0,0,0,0,No_Failure
6179,L53178,L,299.61,309.35,1470,37.67,128.0,0,0,0,0,0,0,No_Failure
6180,L53179,L,302.18,311.59,1358,37.75,137.8,0,0,0,0,0,0,No_Failure
6181,L53180,L,301.79,310.5,1537,31.33,103.6,0,0,0,0,0,0,No_Failure
6182,M53181,M,299.83,311.01,1614,38.45,12.5,0,0,0,0,0,0,No_Failure
6183,H53182,H,303.4,312.94,1750,37.26,163.8,0,0,0,0,0,0,No_Failure
6184,M53183,M,299.23,311.59,1920,27.99,171.3,0,0,0,0,0,0,No_Failure
6185,L53184,L,298.57,308.6,1537,48.38,119.7,0,0,0,0,0,0,No_Failure
6186,M53185,M,299.06,309.42,1443,44.21,12.2,0,0,0,0,0,0,No_Failure
6187,M53186,M,297.76,307.79,1433,33.59,143.2,0,0,0,0,0,0,No_Failure
6188,L53187,L,301.24,311.59,1326,41.48,26.1,0,0,0,0,0,0,No_Failure
6189,M53188,M,300.58,311.67,1581,30.35,114.9,0,0,0,0,0,0,No_Failure
6190,M53189,M,301.22,312.32,1411,34.48,202.0,0,0,0,0,0,0,No_Failure
6191,H53190,H,299.17,307.4,1593,46.88,57.4,0,0,0,0,0,0,No_Failure
6192,L53191,L,299.88,310.74,1332,44.71,232.5,0,0,0,0,0,0,No_Failure
6193,L53192,L,295.64,306.14,1416,34.87,179.2,0,0,0,0,0,0,No_Failure
6194,L53193,L,300.75,310.79,1578,43.11,65.1,0,0,0,0,0,0,No_Failure
6195,L53194,L,300.2,311.91,1478,39.26,58.1,0,0,0,0,0,0,No_Failure
6196,L53195,L,297.8,309.55,1154,30.03,18.9,0,0,0,0,0,0,No_Failure
6197,M53196,M,299.79,310.7,1497,38.33,221.1,1,0,0,0,0,1,TWF
6198,L53197,L,299.48,308.94,1356,44.32,15.9,0,0,0,0,0,0,No_Failure
6199,L53198,L,303.53,312.34,1713,43.06,158.5,0,0,0,0,0,0,No_Failure
6200,H53199,H,297.88,308.63,1675,23.07,190.1,0,0,0,0,0,0,No_Failure
6201,M53200,M,300.66,312.02,1089,41.66,64.5,0,0,0,0,0,0,No_Failure
6202,L53201,L,297.82,305.79,1644,40.25,96.2,0,0,0,0,0,0,No_Failure
6203,M53202,M,298.88,309.97,1570,21.02,74.3,0,0,1,0,0,1,PWF
6204,L53203,L,300.55,310.3,1233,31.92,202.8,0,0,0,0,0,0,No_Failure
6205,L53204,L,299.58,307.77,1658,44.92,251.8,0,0,0,0,0,0,No_Failure
6206,M53205,M,299.99,310.46,1270,53.85,245.6,0,0,0,0,0,0,No_Failure
6207,L53206,L,300.67,311.57,1706,23.59,17.6,0,0,0,0,0,0,No_Failure
6208,L53207,L,299.01,308.66,1384,49.79,171.5,0,0,0,0,0,0,No_Failure
6209,L53208,L,301.77,310.71,1227,21.2,148.0,0,0,0,0,0,0,No_Failure
6210,H53209,H,299.39,311.1,1882,53.98,235.3,0,0,0,0,0,0,No_Failure
6211,L53210,L,299.8,309.14,1222,37.61,146.2,0,0,0,0,0,0,No_Failure
6212,M53211,M,300.72,311.88,1355,32.85,115.7,0,0,0,0,0,0,No_Failure
6213,L53212,L,300.45,308.94,1390,43.55,113.6,0,0,0,0,0,0,No_Failure
6214,M53213,M,301.29,311.7,1418,30.38,216.0,0,0,0,0,0,0,No_Failure
6215,L53214,L,300.63,311.02,1626,45.16,170.0,0,0,0,0,0,0,No_Failure
6216,L53215,L,300.94,311.81,1510,38.76,18.7,0,0,0,0,0,0,No_Failure
6217,M53216,M,299.35,310.84,1681,3.0,236.2,1,0,0,0,0,1,TWF
6218,M53217,M,297.86,307.05,1567,31.89,171.7,0,0,0,0,0,0,No_Failure
6219,L53218,L,297.14,307.67,1199,41.91,39.2,0,0,0,0,0,0,No_Failure
6220,L53219,L,296.66,305.29,1599,50.66,118.7,0,0,0,0,0,0,No_Failure
6221,L53220,L,303.53,312.15,1542,43.31,63.4,0,0,0,0,0,0,No_Failure
6222,L53221,L,295.57,305.0,1388,50.51,149.6,0,0,0,0,0,0,No_Failure
6223,M53222,M,302.39,312.8,1873,31.06,140.7,0,0,0,0,0,0,No_Failure
6224,L53223,L,298.36,310.04,1610,47.28,245.5,1,0,0,0,0,1,TWF
6225,M53224,M,302.37,314.23,1670,47.44,14.0,0,0,0,0,0,0,No_Failure
6226,L53225,L,295.59,305.24,1676,23.69,113.9,0,0,0,0,0,0,No_Failure
6227,L53226,L,299.53,309.84,1424,51.0,46.3,0,0,0,0,0,0,No_Failure
6228,L53227,L,302.91,313.85,1614,43.27,5.6,0,0,0,0,0,0,No_Failure
6229,L53228,L,301.43,312.19,1557,37.19,196.9,0,0,0,0,0,0,No_Failure
6230,L53229,L,299.33,309.16,1400,37.01,191.7,0,0,0,0,0,0,No_Failure
6231,H53230,H,296.11,306.19,1280,29.62,236.4,0,0,0,0,0,0,No_Failure
6232,L53231,L,297.36,307.24,1504,46.31,148.8,0,0,0,0,0,0,No_Failure
6233,H53232,H,302.78,312.57,1606,43.02,64.7,0,0,0,0,0,0,No_Failure
6234,L53233,L,299.3,308.96,1503,45.83,91.8,0,0,0,0,0,0,No_Failure
6235,L53234,L,299.86,309.74,1467,40.79,153.0,0,0,0,0,0,0,No_Failure
6236,L53235,L,300.57,310.16,1505,42.06,159.1,0,0,0,0,0,0,No_Failure
6237,L53236,L,297.39,306.26,1448,37.04,10.8,0,0,0,0,0,0,No_Failure
6238,M53237,M,300.81,311.68,1779,50.77,230.4,0,0,0,0,0,0,No_Failure
6239,H53238,H,299.16,309.68,1549,46.06,234.3,0,0,0,0,0,0,No_Failure
6240,M53239,M,300.59,312.46,1412,41.73,202.0,0,0,0,0,0,0,No_Failure
6241,M53240,M,298.84,309.21,1175,38.65,63.2,0,0,0,0,0,0,No_Failure
6242,L53241,L,296.85,306.44,1465,22.32,88.1,0,0,1,0,0,1,PWF
6243,L53242,L,299.15,308.52,1396,20.15,177.7,0,0,0,0,0,0,No_Failure
6244,M53243,M,301.28,311.33,1389,36.32,77.4,0,0,0,0,0,0,No_Failure
6245,L53244,L,300.79,311.34,1670,52.69,98.1,0,0,0,0,0,0,No_Failure
6246,L53245,L,300.06,309.82,1514,32.95,169.1,0,0,1,0,0,1,PWF
6247,H53246,H,301.8,310.33,1197,33.34,8.6,0,1,0,0,0,1,HDF
6248,H53247,H,299.59,308.85,1611,30.28,34.9,0,0,0,0,0,0,No_Failure
6249,M53248,M,300.11,310.13,1215,27.1,9.1,0,0,1,0,0,1,PWF
6250,L53249,L,299.04,309.78,1625,30.86,67.2,0,1,0,0,0,1,HDF
6251,H53250,H,301.91,310.43,1414,42.79,121.7,0,0,0,0,0,0,No_Failure
6252,L53251,L,300.58,310.85,1516,35.08,213.6,0,0,0,0,0,0,No_Failure
6253,L53252,L,298.89,309.11,1496,34.63,45.3,0,0,0,0,0,0,No_Failure
6254,L53253,L,297.02,306.57,1473,33.74,90.3,0,0,0,0,0,0,No_Failure
6255,H53254,H,302.21,311.62,1538,42.37,2.4,0,0,0,0,0,0,No_Failure
6256,H53255,H,298.51,307.78,1515,43.9,117.3,0,0,0,0,0,0,No_Failure
6257,M53256,M,300.14,310.28,1837,21.31,6.4,0,0,0,0,0,0,No_Failure
6258,L53257,L,304.71,315.83,1540,32.4,81.5,0,0,0,0,0,0,No_Failure
6259,L53258,L,301.6,312.8,1544,39.11,210.2,0,0,0,0,0,0,No_Failure
6260,L53259,L,303.22,312.1,1372,44.39,236.8,1,0,0,0,0,1,TWF
6261,H53260,H,298.92,308.74,1569,41.28,92.9,0,0,0,0,0,0,No_Failure
6262,L53261,L,302.14,309.95,1316,48.23,71.6,0,1,0,0,0,1,HDF
6263,L53262,L,300.05,310.16,1707,25.88,191.9,0,0,0,0,0,0,No_Failure
6264,M53263,M,300.73,311.33,1233,44.15,176.6,0,0,0,0,0,0,No_Failure
6265,L53264,L,304.04,315.61,1348,60.51,95.7,0,0,0,0,0,0,No_Failure
6266,H53265,H,299.44,307.66,1207,40.48,229.1,0,1,0,0,0,1,HDF
6267,L53266,L,300.04,308.95,1576,40.88,114.8,0,0,0,0,0,0,No_Failure
6268,H53267,H,298.19,308.34,1424,45.19,236.8,0,0,0,0,0,0,No_Failure
6269,L53268,L,301.78,310.16,1623,34.55,223.6,0,0,0,0,0,0,No_Failure
6270,L53269,L,298.88,309.05,1324,30.53,240.0,0,0,0,0,0,0,No_Failure
6271,L53270,L,302.05,312.67,1596,40.58,27.5,0,0,0,0,0,0,No_Failure
6272,L53271,L,296.7,305.42,1604,23.46,67.6,0,0,0,0,0,0,No_Failure
6273,M53272,M,301.1,311.23,1538,43.96,93.9,0,0,0,0,0,0,No_Failure
6274,L53273,L,298.71,307.5,1506,45.65,188.1,0,0,0,0,0,0,No_Failure
6275,L53274,L,301.46,312.84,1525,23.96,74.3,0,0,0,0,0,0,No_Failure
6276,M53275,M,299.97,310.18,1336,41.63,52.4,0,0,0,0,0,0,No_Failure
6277,L53276,L,298.93,308.29,1306,37.84,87.0,0,0,0,0,0,0,No_Failure
6278,M53277,M,299.23,307.99,1598,54.78,78.7,0,0,1,0,0,1,PWF
6279,M53278,M,298.3,308.69,1434,53.1,206.1,0,0,0,0,0,0,No_Failure
6280,L53279,L,301.68,313.03,1582,48.42,250.4,0,0,0,0,0,0,No_Failure
6281,M53280,M,297.9,307.13,1779,52.11,76.9,0,0,1,0,0,1,PWF
6282,L53281,L,299.47,309.03,1418,36.35,13.1,0,0,0,0,0,0,No_Failure
6283,L53282,L,300.69,309.94,1392,42.6,182.6,0,0,0,0,0,0,No_Failure
6284,L53283,L,303.23,314.78,1442,37.48,121.6,0,0,0,0,0,0,No_Failure
6285,H53284,H,299.98,308.07,1507,30.03,109.7,0,0,0,0,0,0,No_Failure
6286,M53285,M,299.51,310.8,1611,40.83,88.9,0,0,0,0,0,0,No_Failure
6287,M53286,M,300.55,310.17,1495,39.17,119.0,0,0,0,0,0,0,No_Failure
6288,H53287,H,295.85,305.78,1874,37.98,34.4,0,0,0,0,0,0,No_Failure
6289,L53288,L,297.6,307.26,1576,39.41,154.9,0,0,0,0,0,0,No_Failure
6290,H53289,H,299.25,309.49,1641,40.61,235.2,0,0,0,0,0,0,No_Failure
6291,M53290,M,298.57,307.84,1493,48.88,232.6,0,0,0,0,0,0,No_Failure
6292,H53291,H,296.8,307.86,1682,34.16,186.7,0,0,0,0,0,0,No_Failure
6293,H53292,H,301.72,312.81,1463,27.2,98.5,0,0,0,0,0,0,No_Failure
6294,H53293,H,300.52,309.54,1384,46.78,233.1,0,0,0,0,0,0,No_Failure
6295,L53294,L,300.28,310.95,1663,48.57,166.9,0,0,0,0,0,0,No_Failure
6296,M53295,M,298.61,308.26,1490,43.58,127.4,0,0,0,0,0,0,No_Failure
6297,H53296,H,300.16,310.21,1544,28.61,71.9,0,0,1,0,0,1,PWF
6298,M53297,M,301.03,312.55,1677,38.69,191.1,0,0,0,0,0,0,No_Failure
6299,L53298,L,299.47,308.8,1525,42.85,201.7,0,0,0,0,0,0,No_Failure
6300,H53299,H,300.89,311.82,1473,29.32,141.4,0,0,0,0,0,0,No_Failure
6301,L53300,L,298.41,308.87,1404,32.36,72.4,0,0,0,0,0,0,No_Failure
6302,L53301,L,300.19,310.0,1691,38.53,98.4,0,0,0,0,0,0,No_Failure
6303,M53302,M,302.28,312.65,1438,51.83,157.7,0,0,0,0,0,0,No_Failure
6304,L53303,L,302.46,312.71,1491,42.25,56.4,0,0,0,0,0,0,No_Failure
6305,M53304,M,302.66,311.5,1552,34.27,119.2,0,0,0,0,0,0,No_Failure
6306,L53305,L,300.57,309.96,1551,37.98,10.7,0,0,0,0,0,0,No_Failure
6307,M53306,M,300.06,309.02,1682,33.34,203.7,0,0,0,0,0,0,No_Failure
6308,H53307,H,299.1,308.83,1487,35.88,96.6,0,0,0,0,0,0,No_Failure
6309,L53308,L,296.39,307.73,1748,47.22,112.6,0,0,0,0,0,0,No_Failure
6310,M53309,M,297.31,307.89,1455,20.8,224.0,0,0,0,0,0,0,No_Failure
6311,L53310,L,299.66,308.23,1567,53.15,100.3,0,0,0,0,0,0,No_Failure
6312,H53311,H,299.78,309.51,1467,61.89,120.2,0,0,1,0,0,1,PWF
6313,H53312,H,302.82,313.06,1877,41.63,74.7,0,0,0,0,0,0,No_Failure
6314,L53313,L,302.63,313.37,1437,31.69,204.2,0,0,0,0,0,0,No_Failure
6315,M53314,M,298.63,307.98,1453,51.63,110.4,0,0,0,0,0,0,No_Failure
6316,M53315,M,301.64,310.4,1521,42.78,121.9,0,0,0,0,0,0,No_Failure
6317,M53316,M,299.05,308.99,1452,34.74,124.6,0,0,0,0,0,0,No_Failure
6318,M53317,M,301.37,311.93,1557,30.28,171.2,0,0,0,0,0,0,No_Failure
6319,L53318,L,301.61,311.85,1721,35.94,137.0,0,0,0,0,0,0,No_Failure
6320,M53319,M,302.48,311.6,1527,41.93,110.0,0,0,0,0,0,0,No_Failure
6321,L53320,L,299.01,310.77,1533,48.96,165.7,0,0,0,0,0,0,No_Failure
6322,L53321,L,302.03,311.93,1459,42.84,161.3,0,0,0,0,0,0,No_Failure
6323,H53322,H,296.25,306.45,1409,44.54,179.8,0,0,0,0,0,0,No_Failure
6324,L53323,L,302.59,311.93,1517,36.66,118.8,0,0,0,0,0,0,No_Failure
6325,M53324,M,299.95,311.06,1501,48.55,248.1,0,0,0,0,0,0,No_Failure
6326,L53325,L,299.99,310.56,1711,37.93,145.6,0,0,0,0,0,0,No_Failure
6327,H53326,H,295.93,306.24,1327,58.38,201.9,0,0,0,0,0,0,No_Failure
6328,M53327,M,299.22,308.07,1762,33.47,117.9,0,0,0,0,0,0,No_Failure
6329,L53328,L,302.71,313.8,1474,43.95,85.3,0,0,0,0,0,0,No_Failure
6330,L53329,L,299.15,309.9,1527,61.89,132.7,0,0,0,0,0,0,No_Failure
6331,L53330,L,301.43,312.44,1308,50.42,146.0,0,0,0,0,0,0,No_Failure
6332,H53331,H,300.07,310.11,1601,47.45,78.1,0,0,0,0,0,0,No_Failure
6333,M53332,M,302.13,312.05,1327,42.97,190.8,0,0,0,0,0,0,No_Failure
6334,L53333,L,300.38,310.2,1567,40.53,108.2,0,0,0,0,0,0,No_Failure
6335,M53334,M,298.14,310.42,1550,38.26,167.1,0,0,1,0,0,1,PWF
6336,L53335,L,300.11,309.57,1441,34.38,72.9,0,0,0,0,0,0,No_Failure
6337,L53336,L,303.2,312.02,1128,24.64,122.5,0,0,1,0,0,1,PWF
6338,L53337,L,301.0,310.62,1889,46.41,89.2,0,0,0,0,0,0,No_Failure
6339,L53338,L,299.77,309.23,1310,24.62,106.0,0,0,0,0,0,0,No_Failure
6340,M53339,M,304.51,315.77,1549,46.51,171.0,0,0,0,0,0,0,No_Failure
6341,H53340,H,302.32,310.96,1369,36.91,39.6,0,0,0,0,0,0,No_Failure
6342,H53341,H,301.63,311.07,1689,30.45,62.1,0,0,0,0,0,0,No_Failure
6343,H53342,H,300.63,310.83,1432,54.06,91.0,0,0,0,0,0,0,No_Failure
6344,L53343,L,301.46,312.73,1365,25.51,69.1,0,0,0,0,0,0,No_Failure
6345,L53344,L,301.53,312.24,1607,33.34,44.1,0,0,0,0,0,0,No_Failure
6346,M53345,M,295.63,307.25,1271,34.27,206.7,0,0,0,0,0,0,No_Failure
6347,H53346,H,300.79,311.14,1426,41.5,41.1,0,0,0,0,0,0,No_Failure
6348,M53347,M,299.68,309.47,1624,33.87,162.4,0,0,0,0,0,0,No_Failure
6349,L53348,L,299.0,309.86,1771,54.62,114.2,0,0,0,0,0,0,No_Failure
6350,M53349,M,299.61,308.24,1327,26.29,41.4,0,0,0,0,0,0,No_Failure
6351,M53350,M,296.89,305.18,1390,80.0,75.0,0,0,0,0,0,0,No_Failure
6352,H53351,H,296.39,307.37,1563,29.41,27.7,0,0,0,0,0,0,No_Failure
6353,M53352,M,302.49,312.7,1140,69.56,24.2,0,0,0,0,0,0,No_Failure
6354,L53353,L,300.92,311.89,1744,50.93,90.8,0,0,0,0,0,0,No_Failure
6355,L53354,L,295.17,304.32,1320,38.9,191.0,0,0,0,0,0,0,No_Failure
6356,L53355,L,298.85,310.13,1421,42.27,100.6,0,0,0,0,0,0,No_Failure
6357,L53356,L,301.76,312.43,1547,36.21,143.9,0,0,0,0,0,0,No_Failure
6358,H53357,H,299.44,309.41,1509,43.47,32.4,0,0,0,0,0,0,No_Failure
6359,M53358,M,302.49,312.7,1327,32.63,223.0,0,0,0,0,0,0,No_Failure
6360,L53359,L,302.1,312.45,1810,47.09,83.6,0,0,0,0,0,0,No_Failure
6361,L53360,L,297.29,306.43,1036,41.82,47.9,0,0,0,0,0,0,No_Failure
6362,M53361,M,299.71,309.33,1298,30.1,89.5,0,0,0,0,0,0,No_Failure
6363,M53362,M,299.1,309.43,1385,44.27,245.3,0,0,0,0,0,0,No_Failure
6364,L53363,L,297.22,306.8,1329,43.65,159.4,0,0,0,0,0,0,No_Failure
6365,H53364,H,297.09,305.62,1720,32.83,30.6,0,0,0,0,0,0,No_Failure
6366,L53365,L,298.39,308.68,1201,35.72,41.0,0,0,0,0,0,0,No_Failure
6367,L53366,L,298.72,309.55,1780,45.12,193.0,0,0,0,0,0,0,No_Failure
6368,L53367,L,300.57,311.63,1450,50.91,213.9,0,0,0,0,0,0,No_Failure
6369,M53368,M,302.09,312.62,1255,38.58,20.9,0,0,0,0,0,0,No_Failure
6370,M53369,M,301.03,311.85,1122,49.31,74.3,0,0,0,0,0,0,No_Failure
6371,H53370,H,301.5,312.49,1461,51.67,12.0,0,0,0,0,0,0,No_Failure
6372,L53371,L,299.47,309.55,1374,53.03,31.4,0,0,0,0,0,0,No_Failure
6373,H53372,H,301.21,309.09,1543,44.17,34.9,0,0,0,0,0,0,No_Failure
6374,M53373,M,299.7,310.86,1419,30.98,110.6,0,0,0,0,0,0,No_Failure
6375,L53374,L,299.12,308.22,1672,48.91,3.2,0,0,0,0,0,0,No_Failure
6376,L53375,L,303.79,312.66,1474,38.09,180.5,0,0,0,0,0,0,No_Failure
6377,L53376,L,295.34,304.24,1424,45.07,102.0,0,0,0,0,0,0,No_Failure
6378,H53377,H,296.25,308.74,1675,33.71,101.5,0,0,0,0,0,0,No_Failure
6379,L53378,L,300.77,311.21,1541,34.0,243.4,0,0,0,0,0,0,No_Failure
6380,L53379,L,299.47,308.43,1639,32.99,83.8,0,0,0,0,0,0,No_Failure
6381,M53380,M,297.13,306.44,1707,26.75,10.4,0,0,0,0,0,0,No_Failure
6382,H53381,H,297.89,307.89,1447,34.13,102.4,0,0,0,0,0,0,No_Failure
6383,M53382,M,298.15,308.69,1507,29.67,118.2,0,0,0,0,0,0,No_Failure
6384,M53383,M,301.78,312.06,1652,45.66,119.0,0,0,0,0,0,0,No_Failure
6385,L53384,L,302.42,311.5,1059,29.35,117.3,0,0,0,0,0,0,No_Failure
6386,H53385,H,303.28,313.6,1482,33.31,84.6,0,0,0,0,0,0,No_Failure
6387,L53386,L,296.82,306.21,1460,40.03,138.2,0,0,0,0,0,0,No_Failure
6388,L53387,L,297.27,308.31,1567,58.12,220.3,0,0,0,0,0,0,No_Failure
6389,H53388,H,297.13,307.19,1356,33.08,90.6,0,0,0,0,0,0,No_Failure
6390,L53389,L,302.58,311.82,1697,26.18,135.4,0,0,0,0,0,0,No_Failure
6391,L53390,L,300.83,311.52,1367,26.88,214.4,0,0,0,0,0,0,No_Failure
6392,M53391,M,300.16,310.54,1417,31.39,100.8,0,0,0,0,0,0,No_Failure
6393,L53392,L,300.46,309.98,1380,33.43,34.5,0,0,0,0,0,0,No_Failure
6394,L53393,L,299.89,310.62,1721,63.05,109.4,0,0,1,0,0,1,PWF
6395,M53394,M,297.76,308.39,1125,49.67,127.7,0,0,0,0,0,0,No_Failure
6396,M53395,M,301.03,312.23,1822,36.85,219.8,1,0,0,0,0,1,TWF
6397,M53396,M,299.63,310.34,1765,58.53,215.8,0,0,0,0,0,0,No_Failure
6398,L53397,L,297.6,307.39,1398,33.87,194.4,0,0,0,0,0,0,No_Failure
6399,M53398,M,301.15,309.46,1685,35.89,96.8,0,0,0,0,0,0,No_Failure
6400,H53399,H,299.15,309.34,1523,35.29,70.1,0,0,0,0,0,0,No_Failure
6401,L53400,L,300.45,310.8,1798,50.27,111.7,0,0,0,0,0,0,No_Failure
6402,L53401,L,299.75,309.8,1671,39.3,80.9,0,0,0,0,0,0,No_Failure
6403,L53402,L,301.78,308.77,1895,55.07,247.9,0,0,1,0,0,1,PWF
6404,M53403,M,300.44,311.12,1219,44.34,21.4,0,0,0,0,0,0,No_Failure
6405,L53404,L,298.23,307.32,1534,49.09,128.0,0,0,0,0,0,0,No_Failure
6406,M53405,M,300.64,311.33,1190,21.84,97.2,0,0,1,0,0,1,PWF
6407,H53406,H,300.71,312.41,1407,23.01,195.4,0,0,0,0,0,0,No_Failure
6408,L53407,L,301.02,310.77,1905,23.34,150.9,0,0,0,0,0,0,No_Failure
6409,M53408,M,302.07,312.51,1584,35.72,15.2,0,0,0,0,0,0,No_Failure
6410,L53409,L,298.77,308.8,1677,24.61,170.3,0,0,0,0,1,1,RNF
6411,L53410,L,301.34,311.86,1593,52.4,124.6,0,0,0,0,0,0,No_Failure
6412,M53411,M,296.55,306.65,1581,38.01,155.9,0,0,0,0,0,0,No_Failure
6413,L53412,L,299.76,309.24,1406,46.15,23.2,0,0,0,0,0,0,No_Failure
6414,H53413,H,299.45,308.55,1372,35.08,129.0,0,0,0,0,0,0,No_Failure
6415,M53414,M,302.9,314.49,1401,48.25,133.7,0,0,0,0,0,0,No_Failure
6416,L53415,L,299.69,310.13,1009,20.35,37.0,0,0,1,0,0,1,PWF
6417,L53416,L,301.22,312.05,1485,39.51,155.5,0,0,0,0,0,0,No_Failure
6418,L53417,L,296.48,306.88,1543,45.01,230.0,0,0,0,0,0,0,No_Failure
6419,H53418,H,299.3,310.27,1389,45.85,6.4,0,0,0,0,0,0,No_Failure
6420,M53419,M,298.31,307.41,1476,36.82,64.0,0,0,0,0,0,0,No_Failure
6421,L53420,L,304.95,315.03,1595,22.89,83.3,0,0,0,0,0,0,No_Failure
6422,M53421,M,298.67,309.17,1659,50.11,137.7,0,0,0,0,0,0,No_Failure
6423,M53422,M,300.15,311.44,1284,36.08,187.2,0,0,0,0,0,0,No_Failure
6424,M53423,M,300.25,312.93,1357,36.95,167.2,0,0,0,0,0,0,No_Failure
6425,L53424,L,296.82,307.23,1636,62.19,116.8,0,0,0,0,0,0,No_Failure
6426,L53425,L,298.95,308.29,1606,40.97,242.9,1,0,0,0,0,1,TWF
6427,L53426,L,300.81,309.61,1742,34.81,86.5,0,0,0,0,0,0,No_Failure
6428,L53427,L,300.17,309.27,1735,34.21,198.4,0,0,1,0,0,1,PWF
6429,L53428,L,295.4,304.63,1935,46.45,209.0,0,0,1,0,0,1,PWF
6430,L53429,L,298.87,305.96,1447,31.79,25.5,0,0,0,0,0,0,No_Failure
6431,L53430,L,302.04,311.37,1784,45.12,11.1,0,0,0,0,0,0,No_Failure
6432,L53431,L,301.18,311.89,1334,51.01,249.5,1,0,0,0,0,1,TWF
6433,L53432,L,302.44,312.51,1931,39.12,90.7,0,0,0,0,0,0,No_Failure
6434,H53433,H,298.03,307.77,1582,49.88,169.1,0,0,0,0,0,0,No_Failure
6435,M53434,M,302.56,310.94,1598,39.31,7.4,0,0,0,0,0,0,No_Failure
6436,L53435,L,299.91,310.96,1678,33.13,193.3,0,0,0,0,0,0,No_Failure
6437,M53436,M,303.18,313.7,1256,23.35,89.1,0,0,0,0,0,0,No_Failure
6438,L53437,L,300.01,309.99,1307,42.75,147.1,0,0,0,0,0,0,No_Failure
6439,H53438,H,295.91,303.7,1521,42.96,12.1,0,0,0,0,0,0,No_Failure
6440,M53439,M,301.7,311.21,1562,49.81,27.3,0,0,0,0,0,0,No_Failure
6441,L53440,L,299.11,309.55,1875,48.85,208.2,0,0,1,0,0,1,PWF
6442,H53441,H,299.25,309.22,1329,60.67,140.2,0,0,0,0,0,0,No_Failure
6443,H53442,H,297.09,307.29,1777,34.19,196.6,0,0,0,0,0,0,No_Failure
6444,H53443,H,303.24,313.93,1452,43.56,40.8,0,0,0,0,0,0,No_Failure
6445,L53444,L,298.96,309.11,1450,33.12,82.9,0,0,0,0,0,0,No_Failure
6446,L53445,L,303.15,313.8,1471,49.3,215.3,0,0,0,0,0,0,No_Failure
6447,M53446,M,299.14,308.29,1445,30.73,148.2,0,0,0,0,0,0,No_Failure
6448,L53447,L,298.14,306.92,1588,49.14,169.3,0,0,0,0,0,0,No_Failure
6449,M53448,M,302.64,313.12,1429,32.63,52.2,0,0,0,0,0,0,No_Failure
6450,M53449,M,299.85,310.54,1246,47.67,140.6,0,0,0,0,0,0,No_Failure
6451,L53450,L,299.87,310.39,1452,52.06,185.7,0,0,0,0,0,0,No_Failure
6452,L53451,L,297.44,307.57,1582,24.46,43.7,0,0,0,0,0,0,No_Failure
6453,L53452,L,299.08,308.76,1248,26.53,75.7,0,0,1,0,0,1,PWF
6454,L53453,L,300.86,311.07,1605,42.35,2.3,0,0,0,0,0,0,No_Failure
6455,M53454,M,297.4,307.78,1712,41.28,243.6,0,0,0,0,0,0,No_Failure
6456,M53455,M,298.92,309.36,1766,37.08,226.6,0,0,0,0,0,0,No_Failure
6457,L53456,L,299.16,311.77,1561,35.24,23.3,0,0,0,0,0,0,No_Failure
6458,M53457,M,300.13,309.21,1175,31.45,210.6,0,0,0,0,0,0,No_Failure
6459,M53458,M,302.96,316.19,1617,43.31,138.1,0,0,0,0,0,0,No_Failure
6460,M53459,M,299.4,308.14,1674,30.36,244.0,0,0,0,0,0,0,No_Failure
6461,L53460,L,298.62,309.0,1375,43.66,128.9,0,0,0,0,0,0,No_Failure
6462,M53461,M,305.49,314.3,1487,34.26,52.3,0,0,1,0,0,1,PWF
6463,M53462,M,299.13,309.44,1587,35.77,216.6,0,0,0,0,0,0,No_Failure
6464,L53463,L,299.62,310.6,1822,52.16,237.3,0,0,1,0,0,1,PWF
6465,M53464,M,299.28,309.32,1454,49.54,134.3,0,0,0,0,0,0,No_Failure
6466,H53465,H,299.45,310.42,1660,30.03,103.1,0,0,0,0,0,0,No_Failure
6467,L53466,L,300.16,309.73,1557,31.27,196.1,0,0,0,0,0,0,No_Failure
6468,M53467,M,301.84,309.79,1536,47.78,21.3,0,0,0,0,0,0,No_Failure
6469,H53468,H,300.81,311.43,1739,25.66,213.2,0,0,0,0,0,0,No_Failure
6470,H53469,H,302.15,312.18,1350,54.54,217.8,0,0,0,0,0,0,No_Failure
6471,L53470,L,302.09,311.61,1541,41.35,74.8,0,0,0,0,0,0,No_Failure
6472,M53471,M,300.42,310.01,1505,34.22,2.9,0,0,0,0,0,0,No_Failure
6473,H53472,H,300.75,311.16,1229,40.1,2.5,0,0,0,0,0,0,No_Failure
6474,M53473,M,302.22,311.4,1722,53.61,247.4,0,0,1,0,0,1,PWF
6475,L53474,L,297.78,308.15,1649,18.69,197.4,0,0,0,0,0,0,No_Failure
6476,L53475,L,305.0,316.19,1506,50.26,90.8,0,0,0,0,0,0,No_Failure
6477,M53476,M,298.97,311.03,1453,51.95,225.0,1,0,0,0,0,1,TWF
6478,L53477,L,299.3,310.7,1500,36.79,225.7,0,0,0,0,0,0,No_Failure
6479,L53478,L,297.58,307.74,1627,39.28,229.8,0,0,0,0,0,0,No_Failure
6480,L53479,L,297.64,307.89,1510,41.36,126.9,0,0,0,0,0,0,No_Failure
6481,M53480,M,301.95,311.55,1380,47.34,207.6,1,0,0,0,0,1,TWF
6482,L53481,L,304.54,314.07,1407,32.7,9.5,0,0,0,0,0,0,No_Failure
6483,H53482,H,298.87,309.74,1498,39.85,40.5,0,0,0,0,0,0,No_Failure
6484,M53483,M,300.69,310.39,1332,39.0,160.0,0,1,0,0,0,1,HDF
6485,H53484,H,300.44,310.81,1560,46.79,26.3,0,0,0,0,0,0,No_Failure
6486,H53485,H,302.0,311.04,1357,66.75,11.0,0,0,1,0,0,1,PWF
6487,L53486,L,304.44,315.81,1328,32.66,27.4,0,0,0,0,0,0,No_Failure
6488,M53487,M,303.04,312.72,2075,40.79,115.0,0,0,0,0,0,0,No_Failure
6489,L53488,L,299.52,310.61,1849,32.39,123.5,0,0,0,0,0,0,No_Failure
6490,H53489,H,301.06,310.35,1526,35.11,234.3,0,0,0,0,0,0,No_Failure
6491,L53490,L,301.26,310.5,1653,29.24,106.7,0,0,0,0,0,0,No_Failure
6492,M53491,M,299.96,311.29,1684,24.7,130.1,0,0,0,0,0,0,No_Failure
6493,H53492,H,297.81,307.18,1486,51.83,206.5,0,0,0,0,0,0,No_Failure
6494,L53493,L,298.4,306.83,1551,43.56,206.1,0,0,0,0,0,0,No_Failure
6495,H53494,H,302.3,311.26,1453,40.93,82.6,0,0,0,0,0,0,No_Failure
6496,L53495,L,302.5,313.36,1726,31.26,183.3,0,0,0,0,0,0,No_Failure
6497,L53496,L,299.58,310.35,1728,39.25,224.1,0,0,0,0,0,0,No_Failure
6498,L53497,L,300.52,309.76,1781,28.44,208.3,0,0,0,0,0,0,No_Failure
6499,L53498,L,302.39,311.76,1548,39.73,83.1,0,0,0,0,0,0,No_Failure
6500,M53499,M,296.59,307.26,1890,43.34,187.2,0,0,0,0,0,0,No_Failure
6501,H53500,H,299.11,310.42,1486,34.57,186.7,0,0,0,0,0,0,No_Failure
6502,L53501,L,304.04,313.97,1868,32.43,61.2,0,0,0,0,0,0,No_Failure
6503,M53502,M,300.6,311.15,1417,35.08,169.4,0,0,0,0,0,0,No_Failure
6504,H53503,H,297.74,308.62,1266,48.15,22.2,0,0,0,0,0,0,No_Failure
6505,M53504,M,300.23,312.39,1865,42.02,69.4,0,0,0,0,0,0,No_Failure
6506,L53505,L,302.04,310.89,1619,23.93,7.2,0,0,0,0,0,0,No_Failure
6507,H53506,H,294.91,304.24,1593,47.23,33.1,0,0,0,0,0,0,No_Failure
6508,L53507,L,300.35,309.85,1435,45.43,26.9,0,0,0,0,0,0,No_Failure
6509,M53508,M,299.26,310.08,1348,41.87,239.5,1,0,0,0,0,1,TWF
6510,M53509,M,296.72,306.46,1365,56.46,41.4,0,1,0,0,0,1,HDF
6511,M53510,M,300.16,310.48,1525,40.24,18.3,0,0,0,0,0,0,No_Failure
6512,L53511,L,299.73,309.85,1473,44.31,189.8,0,0,0,0,0,0,No_Failure
6513,L53512,L,299.95,309.95,1151,44.69,164.1,0,0,0,0,0,0,No_Failure
6514,M53513,M,299.3,309.41,1805,48.77,160.9,0,0,1,0,0,1,PWF
6515,L53514,L,297.96,308.99,1424,37.77,225.7,0,0,0,0,0,0,No_Failure
6516,L53515,L,297.09,306.12,1723,33.55,168.6,0,0,0,0,0,0,No_Failure
6517,M53516,M,298.62,308.47,1373,49.73,169.1,0,0,0,0,0,0,No_Failure
6518,M53517,M,301.72,310.5,1528,49.21,115.6,0,0,0,0,0,0,No_Failure
6519,L53518,L,300.47,310.69,1675,52.75,143.1,0,0,1,0,0,1,PWF
6520,L53519,L,299.86,309.67,1650,44.16,193.8,0,0,0,0,0,0,No_Failure
6521,H53520,H,297.92,308.99,1452,23.51,90.9,0,0,0,0,0,0,No_Failure
6522,L53521,L,299.25,309.25,1592,41.64,9.1,0,0,0,0,0,0,No_Failure
6523,L53522,L,301.47,311.03,1622,40.34,107.9,0,0,0,0,0,0,No_Failure
6524,L53523,L,301.01,310.76,1473,52.29,95.4,0,0,0,0,0,0,No_Failure
6525,L53524,L,299.05,310.77,1300,50.58,46.0,0,0,0,0,0,0,No_Failure
6526,H53525,H,294.78,303.21,1388,46.13,179.3,0,0,0,0,0,0,No_Failure
6527,L53526,L,298.65,308.02,1432,19.27,203.5,0,0,0,0,0,0,No_Failure
6528,L53527,L,299.03,309.07,1505,31.75,40.1,0,0,0,0,0,0,No_Failure
6529,M53528,M,298.19,307.55,1787,36.36,121.7,0,1,0,0,0,1,HDF
6530,L53529,L,299.17,309.66,1663,36.59,82.5,0,0,0,0,0,0,No_Failure
6531,L53530,L,301.63,311.58,1353,41.67,143.7,0,0,0,0,0,0,No_Failure
6532,H53531,H,299.93,310.18,1831,54.8,23.8,0,0,0,0,0,0,No_Failure
6533,M53532,M,301.98,312.1,1486,47.79,236.3,0,0,0,0,0,0,No_Failure
6534,L53533,L,296.98,306.88,1621,30.81,16.1,0,0,0,0,0,0,No_Failure
6535,L53534,L,299.39,308.1,1331,31.71,208.1,0,0,0,0,0,0,No_Failure
6536,L53535,L,296.12,306.3,1419,30.81,49.2,0,0,0,0,0,0,No_Failure
6537,L53536,L,299.15,307.38,1687,38.83,195.0,0,0,0,0,0,0,No_Failure
6538,M53537,M,297.91,307.24,1342,48.06,71.4,0,0,0,0,0,0,No_Failure
6539,M53538,M,302.56,313.05,1510,49.64,199.8,0,0,0,0,0,0,No_Failure
6540,M53539,M,300.82,312.01,1585,36.24,231.7,0,0,0,0,0,0,No_Failure
6541,H53540,H,302.03,314.38,1316,39.7,236.7,0,0,0,0,0,0,No_Failure
6542,L53541,L,299.14,308.71,1180,56.74,218.5,0,0,0,1,0,1,OSF
6543,H53542,H,297.96,307.1,1663,25.15,107.6,0,0,0,0,0,0,No_Failure
6544,M53543,M,297.9,308.42,2015,46.38,108.5,0,0,0,0,0,0,No_Failure
6545,L53544,L,300.53,312.4,1583,45.3,241.0,0,0,0,0,0,0,No_Failure
6546,H53545,H,303.62,315.15,1617,37.03,225.5,1,0,0,0,0,1,TWF
6547,L53546,L,300.82,309.79,1341,39.82,122.7,0,0,0,0,0,0,No_Failure
6548,M53547,M,299.25,309.11,1765,44.2,100.7,0,0,0,0,0,0,No_Failure
6549,M53548,M,299.62,310.47,1432,37.05,23.8,0,0,0,0,0,0,No_Failure
6550,L53549,L,299.94,310.86,1709,33.62,91.5,0,0,0,0,0,0,No_Failure
6551,H53550,H,304.05,314.65,1609,32.87,119.2,0,0,0,0,0,0,No_Failure
6552,L53551,L,302.47,312.02,1614,58.62,210.2,0,0,1,0,0,1,PWF
6553,H53552,H,300.52,311.1,1607,35.6,82.0,0,0,0,0,0,0,No_Failure
6554,L53553,L,300.22,311.15,1601,42.01,76.6,0,0,0,0,0,0,No_Failure
6555,L53554,L,300.6,309.67,1551,47.85,6.7,0,0,0,0,0,0,No_Failure
6556,L53555,L,300.99,312.32,1674,37.89,10.0,0,0,1,0,0,1,PWF
6557,H53556,H,299.17,310.17,1369,40.36,204.4,0,0,0,0,0,0,No_Failure
6558,L53557,L,298.31,307.57,1457,45.03,41.5,0,0,0,0,0,0,No_Failure
6559,H53558,H,302.06,312.99,1764,31.52,244.5,0,0,0,0,0,0,No_Failure
6560,L53559,L,300.04,310.86,1531,24.64,15.2,0,0,0,0,0,0,No_Failure
6561,L53560,L,301.9,312.75,1441,32.69,204.0,0,0,1,0,0,1,PWF
6562,L53561,L,303.29,314.87,1686,57.28,29.1,0,0,0,0,0,0,No_Failure
6563,L53562,L,301.04,311.03,1651,34.25,160.6,0,0,0,0,0,0,No_Failure
6564,H53563,H,300.72,311.05,1266,41.31,191.5,0,0,0,0,0,0,No_Failure
6565,L53564,L,306.4,313.76,1631,26.74,57.2,0,0,0,0,0,0,No_Failure
6566,M53565,M,300.41,311.53,1525,53.42,141.9,0,0,0,0,0,0,No_Failure
6567,M53566,M,297.82,308.84,1628,36.99,197.5,0,0,0,0,0,0,No_Failure
6568,M53567,M,299.44,310.79,1502,35.45,43.2,0,0,0,0,0,0,No_Failure
6569,M53568,M,303.1,312.17,1584,38.67,132.2,0,0,0,0,0,0,No_Failure
6570,H53569,H,297.41,308.37,1170,65.13,134.8,0,0,0,0,0,0,No_Failure
6571,M53570,M,298.5,309.51,1339,44.42,194.2,0,0,0,0,0,0,No_Failure
6572,M53571,M,302.21,311.56,1633,38.43,91.4,0,0,0,0,0,0,No_Failure
6573,M53572,M,299.46,310.51,1972,11.17,163.3,0,0,0,0,0,0,No_Failure
6574,M53573,M,299.78,310.24,1566,53.53,240.4,0,0,0,0,0,0,No_Failure
6575,L53574,L,302.15,310.45,1375,33.05,179.4,0,0,0,0,0,0,No_Failure
6576,M53575,M,298.57,309.15,1524,31.47,4.5,0,0,0,0,0,0,No_Failure
6577,L53576,L,297.06,306.3,1339,32.37,38.2,0,0,0,0,0,0,No_Failure
6578,M53577,M,297.22,305.55,1725,54.65,100.7,0,0,0,0,0,0,No_Failure
6579,H53578,H,301.16,311.53,1509,39.58,102.3,0,0,1,0,0,1,PWF
6580,H53579,H,300.52,310.45,1690,24.78,83.6,0,0,0,0,0,0,No_Failure
6581,H53580,H,298.61,310.02,1472,37.96,112.1,0,0,0,0,0,0,No_Failure
6582,M53581,M,297.68,307.86,1706,31.68,238.7,1,0,0,0,0,1,TWF
6583,M53582,M,299.46,310.24,1208,43.6,203.5,0,0,0,0,0,0,No_Failure
6584,L53583,L,302.23,312.74,1504,36.14,35.1,0,0,0,0,0,0,No_Failure
6585,L53584,L,298.33,309.35,1597,24.31,112.4,0,0,0,0,0,0,No_Failure
6586,L53585,L,298.67,307.79,1452,39.18,172.4,0,0,0,0,0,0,No_Failure
6587,L53586,L,297.62,307.82,1565,39.43,41.4,0,0,0,0,0,0,No_Failure
6588,H53587,H,299.27,309.12,1562,27.47,12.8,0,0,0,0,0,0,No_Failure
6589,H53588,H,300.68,311.33,1689,20.4,242.3,0,0,0,0,0,0,No_Failure
6590,M53589,M,304.23,314.49,1612,42.83,198.5,0,0,0,0,0,0,No_Failure
6591,L53590,L,300.44,309.82,1571,37.19,224.0,0,0,0,0,0,0,No_Failure
6592,M53591,M,299.89,309.55,1658,37.85,197.7,0,0,0,0,0,0,No_Failure
6593,L53592,L,301.73,313.37,1256,47.46,171.8,0,0,0,0,0,0,No_Failure
6594,H53593,H,301.39,309.7,1365,20.61,193.6,0,1,0,0,0,1,HDF
6595,H53594,H,298.84,309.55,1251,40.6,132.9,0,0,0,0,0,0,No_Failure
6596,L53595,L,304.6,315.85,1599,46.63,65.1,0,0,0,0,0,0,No_Failure
6597,L53596,L,299.95,310.53,1574,38.17,23.9,0,0,0,0,0,0,No_Failure
6598,L53597,L,300.47,312.44,1749,25.84,151.2,0,0,0,0,0,0,No_Failure
6599,L53598,L,301.1,312.04,1563,33.39,55.5,0,0,0,0,0,0,No_Failure
6600,L53599,L,300.69,311.08,1386,35.49,208.2,0,0,0,0,0,0,No_Failure
6601,L53600,L,303.05,312.58,1524,24.21,135.4,0,0,0,0,0,0,No_Failure
6602,L53601,L,298.82,309.22,1162,43.71,251.8,1,0,0,0,0,1,TWF
6603,L53602,L,301.57,312.25,1427,40.03,97.5,0,0,0,0,0,0,No_Failure
6604,L53603,L,300.33,310.33,1078,33.57,106.1,0,0,0,0,0,0,No_Failure
6605,M53604,M,301.97,311.22,1559,49.86,68.2,0,0,0,0,0,0,No_Failure
6606,L53605,L,299.57,308.37,1450,34.78,72.4,0,0,0,0,0,0,No_Failure
6607,H53606,H,299.3,309.48,1476,54.8,120.8,0,0,0,0,0,0,No_Failure
6608,L53607,L,301.46,309.98,1332,37.31,16.3,0,1,0,0,0,1,HDF
6609,L53608,L,300.72,310.24,1380,30.45,210.9,0,0,0,0,0,0,No_Failure
6610,L53609,L,298.36,305.93,1625,30.76,25.0,0,0,0,0,0,0,No_Failure
6611,M53610,M,302.69,313.52,1242,40.91,229.4,0,0,0,0,0,0,No_Failure
6612,L53611,L,301.47,312.62,1591,29.3,101.0,0,0,0,0,0,0,No_Failure
6613,M53612,M,299.85,309.93,1354,41.44,116.3,0,0,0,0,0,0,No_Failure
6614,L53613,L,299.06,310.89,1197,35.99,243.9,1,0,0,0,0,1,TWF
6615,H53614,H,300.73,312.08,1721,35.77,187.0,0,0,0,0,0,0,No_Failure
6616,L53615,L,301.32,311.8,1739,39.58,70.5,0,0,0,0,0,0,No_Failure
6617,L53616,L,296.81,306.7,1403,50.05,77.3,0,0,0,0,0,0,No_Failure
6618,H53617,H,300.75,310.4,1401,34.57,37.9,0,0,0,0,0,0,No_Failure
6619,L53618,L,301.31,311.87,1455,41.84,161.6,0,0,0,0,0,0,No_Failure
6620,L53619,L,295.3,305.15,1354,44.44,167.2,0,0,0,0,0,0,No_Failure
6621,H53620,H,300.39,310.94,1386,27.9,225.0,0,0,0,0,0,0,No_Failure
6622,L53621,L,301.39,312.01,1581,45.23,71.9,0,0,0,0,0,0,No_Failure
6623,L53622,L,301.16,310.93,1873,48.15,17.0,0,0,1,0,0,1,PWF
6624,L53623,L,301.6,312.7,1436,49.66,55.7,0,0,0,0,0,0,No_Failure
6625,L53624,L,299.34,309.12,1684,28.91,243.7,1,0,0,0,0,1,TWF
6626,H53625,H,297.92,307.94,1564,29.61,250.0,0,0,0,0,0,0,No_Failure
6627,M53626,M,296.4,305.42,1199,39.46,89.4,0,0,0,0,0,0,No_Failure
6628,M53627,M,302.18,311.91,1496,38.89,123.9,0,0,0,0,0,0,No_Failure
6629,L53628,L,301.41,313.56,1473,40.19,214.1,0,0,0,0,0,0,No_Failure
6630,M53629,M,302.34,311.44,1764,36.43,120.9,0,0,0,0,0,0,No_Failure
6631,M53630,M,298.55,308.99,1771,41.86,242.6,0,0,0,0,0,0,No_Failure
6632,L53631,L,301.61,311.15,1568,14.46,211.9,0,0,1,0,0,1,PWF
6633,H53632,H,296.99,304.78,1719,46.58,187.6,0,0,0,0,0,0,No_Failure
6634,M53633,M,298.26,308.82,1474,54.72,159.0,0,0,0,0,0,0,No_Failure
6635,M53634,M,300.25,309.7,1701,34.47,52.2,0,0,0,0,0,0,No_Failure
6636,L53635,L,301.33,311.65,1518,42.02,46.3,0,0,0,0,0,0,No_Failure
6637,L53636,L,303.36,314.35,1698,56.81,219.2,0,0,0,0,0,0,No_Failure
6638,M53637,M,299.52,309.75,1716,40.33,60.9,0,0,0,0,0,0,No_Failure
6639,M53638,M,298.27,308.6,1629,43.05,61.6,0,0,0,0,0,0,No_Failure
6640,L53639,L,298.17,307.3,1367,58.42,214.1,0,0,0,0,0,0,No_Failure
6641,L53640,L,298.62,309.33,1424,60.36,11.7,0,0,0,0,0,0,No_Failure
6642,H53641,H,304.44,314.25,1635,29.39,181.6,0,0,0,0,0,0,No_Failure
6643,L53642,L,301.51,309.52,1661,35.89,155.8,0,0,0,0,0,0,No_Failure
6644,L53643,L,302.23,313.05,1529,48.94,9.6,0,0,0,0,0,0,No_Failure
6645,M53644,M,299.52,310.66,1444,44.97,45.8,0,0,0,0,0,0,No_Failure
6646,L53645,L,300.0,311.48,1534,47.06,75.9,0,0,0,0,0,0,No_Failure
6647,L53646,L,301.4,313.57,1450,13.78,57.5,0,0,1,0,0,1,PWF
6648,L53647,L,298.99,309.76,1451,20.46,42.8,0,0,1,0,0,1,PWF
6649,H53648,H,299.42,309.93,1853,57.84,216.0,0,0,0,0,0,0,No_Failure
6650,L53649,L,298.65,309.74,1414,47.74,234.0,0,0,0,0,0,0,No_Failure
6651,M53650,M,299.11,308.22,1591,43.54,44.3,0,0,0,0,0,0,No_Failure
6652,H53651,H,300.1,308.43,1528,27.58,146.3,0,0,0,0,0,0,No_Failure
6653,M53652,M,298.36,307.88,1279,35.85,109.6,0,0,0,0,0,0,No_Failure
6654,M53653,M,300.57,311.85,1273,45.7,95.2,0,0,0,0,0,0,No_Failure
6655,M53654,M,300.57,309.91,1485,26.17,241.1,1,0,0,0,0,1,TWF
6656,L53655,L,299.64,310.11,1149,32.95,11.6,0,0,0,0,0,0,No_Failure
6657,M53656,M,298.35,308.92,1829,43.75,246.6,1,0,0,0,0,1,TWF
6658,H53657,H,300.21,310.45,1435,45.9,80.4,0,0,0,0,0,0,No_Failure
6659,M53658,M,298.99,307.71,1420,34.77,144.1,0,0,0,0,0,0,No_Failure
6660,L53659,L,300.09,310.44,1720,49.82,235.6,0,0,0,0,0,0,No_Failure
6661,L53660,L,302.2,311.77,1475,49.5,163.2,0,0,0,0,0,0,No_Failure
6662,H53661,H,297.49,309.2,1617,22.07,194.1,0,0,1,0,0,1,PWF
6663,L53662,L,304.35,315.48,1397,56.38,24.5,0,0,0,0,0,0,No_Failure
6664,H53663,H,299.85,309.47,1508,51.66,144.2,0,0,0,0,0,0,No_Failure
6665,L53664,L,300.82,312.59,1674,42.07,78.6,0,0,0,0,0,0,No_Failure
6666,M53665,M,298.49,308.84,1345,38.63,106.1,0,0,0,0,0,0,No_Failure
6667,H53666,H,302.28,310.61,1595,47.89,60.1,0,0,0,0,0,0,No_Failure
6668,L53667,L,299.75,309.67,1065,45.34,155.8,0,0,0,0,0,0,No_Failure
6669,L53668,L,299.21,310.85,1728,37.28,135.6,0,0,0,0,0,0,No_Failure
6670,H53669,H,298.85,308.03,1400,56.06,32.5,0,0,0,0,0,0,No_Failure
6671,L53670,L,299.46,309.39,1485,18.95,184.5,0,0,0,0,0,0,No_Failure
6672,L53671,L,300.84,309.48,1482,33.35,72.0,0,0,0,0,0,0,No_Failure
6673,M53672,M,300.35,309.14,1325,44.48,148.4,0,0,0,0,0,0,No_Failure
6674,L53673,L,299.92,309.09,1311,39.48,219.7,0,0,0,0,0,0,No_Failure
6675,M53674,M,298.58,307.35,1594,47.0,100.6,0,0,0,0,0,0,No_Failure
6676,L53675,L,298.46,307.84,1602,26.05,161.8,0,0,0,0,0,0,No_Failure
6677,L53676,L,299.08,310.82,1341,37.46,218.1,0,0,0,0,0,0,No_Failure
6678,H53677,H,300.92,310.88,1597,51.5,157.4,0,0,0,0,0,0,No_Failure
6679,L53678,L,301.32,312.11,1600,25.06,248.7,0,0,0,0,0,0,No_Failure
6680,L53679,L,301.59,312.69,1432,37.6,20.6,0,0,0,0,0,0,No_Failure
6681,M53680,M,300.0,308.89,1267,34.69,91.8,0,0,0,0,0,0,No_Failure
6682,H53681,H,300.77,309.94,1493,43.63,177.8,0,0,0,0,0,0,No_Failure
6683,M53682,M,299.66,310.43,1566,43.93,123.5,0,0,0,0,0,0,No_Failure
6684,H53683,H,296.52,305.88,1489,40.97,65.4,0,0,0,0,0,0,No_Failure
6685,L53684,L,299.57,310.27,1393,37.1,84.7,0,0,0,0,0,0,No_Failure
6686,L53685,L,299.25,310.93,1584,40.63,183.2,0,0,0,0,0,0,No_Failure
6687,H53686,H,297.92,306.47,1728,38.35,199.0,0,0,0,0,0,0,No_Failure
6688,H53687,H,298.87,308.51,1361,39.68,160.6,0,0,0,0,0,0,No_Failure
6689,M53688,M,300.27,310.07,1446,54.57,224.9,0,0,0,0,0,0,No_Failure
6690,L53689,L,297.73,307.21,1994,27.98,132.0,0,0,0,0,0,0,No_Failure
6691,L53690,L,298.58,307.97,1552,43.42,208.4,0,0,0,0,0,0,No_Failure
6692,L53691,L,303.1,312.6,1272,30.58,27.1,0,0,0,0,0,0,No_Failure
6693,H53692,H,296.79,306.78,1414,59.55,249.4,0,0,0,0,0,0,No_Failure
6694,H53693,H,299.63,309.8,1364,40.89,221.3,0,0,0,0,0,0,No_Failure
6695,L53694,L,297.67,308.62,1568,27.32,226.0,1,0,0,0,0,1,TWF
6696,L53695,L,298.5,308.47,1555,37.68,222.7,0,0,0,0,0,0,No_Failure
6697,L53696,L,299.6,310.72,1385,25.41,213.1,0,0,0,0,0,0,No_Failure
6698,L53697,L,298.02,307.43,1834,33.67,21.5,0,0,0,0,0,0,No_Failure
6699,M53698,M,301.15,309.95,1515,46.16,230.3,1,0,0,0,0,1,TWF
6700,M53699,M,302.7,312.4,1418,53.61,42.7,0,0,0,0,0,0,No_Failure
6701,L53700,L,301.68,312.15,1280,50.81,219.6,0,0,0,0,0,0,No_Failure
6702,M53701,M,302.05,312.91,1339,38.95,141.3,0,0,0,0,0,0,No_Failure
6703,H53702,H,297.24,308.7,1276,45.7,71.6,0,0,0,0,0,0,No_Failure
6704,L53703,L,299.51,309.8,1466,48.09,79.7,0,0,0,0,0,0,No_Failure
6705,L53704,L,300.93,311.69,1341,62.5,68.2,0,0,0,0,0,0,No_Failure
6706,L53705,L,301.74,313.11,1641,33.96,183.5,0,0,0,0,0,0,No_Failure
6707,L53706,L,303.51,312.73,1395,55.09,186.1,0,1,0,0,0,1,HDF
6708,M53707,M,302.14,311.93,1651,29.08,108.2,0,0,0,0,0,0,No_Failure
6709,M53708,M,301.79,314.56,1588,51.8,108.1,0,0,0,0,0,0,No_Failure
6710,L53709,L,305.27,316.12,1616,33.79,54.0,0,0,0,0,0,0,No_Failure
6711,L53710,L,300.19,310.7,1661,33.16,100.7,0,0,0,0,0,0,No_Failure
6712,H53711,H,299.42,310.32,1859,37.15,167.7,0,0,0,0,0,0,No_Failure
6713,L53712,L,300.35,309.02,1347,32.24,158.2,0,0,0,0,0,0,No_Failure
6714,M53713,M,298.17,307.52,1652,44.26,32.8,0,0,0,0,0,0,No_Failure
6715,M53714,M,300.14,309.12,1572,52.27,185.1,0,0,0,0,0,0,No_Failure
6716,H53715,H,296.55,306.96,1691,18.88,250.4,0,0,1,0,0,1,PWF
6717,M53716,M,298.94,308.57,1520,38.25,205.2,0,0,0,0,0,0,No_Failure
6718,H53717,H,299.77,309.86,1712,29.13,2.0,0,0,0,0,0,0,No_Failure
6719,M53718,M,301.9,311.59,1268,49.05,208.0,0,0,0,0,0,0,No_Failure
6720,L53719,L,302.22,310.6,1319,54.2,7.6,0,1,0,0,0,1,HDF
6721,L53720,L,298.07,308.96,1398,38.25,34.0,0,0,0,0,0,0,No_Failure
6722,L53721,L,304.15,312.39,1487,32.97,61.4,0,0,0,0,0,0,No_Failure
6723,L53722,L,300.3,309.57,1508,23.85,124.5,0,0,0,0,0,0,No_Failure
6724,L53723,L,300.48,309.16,1367,59.49,213.7,0,0,0,0,0,0,No_Failure
6725,L53724,L,296.76,305.88,1322,53.19,206.0,0,1,0,0,0,1,HDF
6726,L53725,L,298.76,308.96,1382,20.21,94.2,0,0,0,0,0,0,No_Failure
6727,L53726,L,302.1,313.33,1192,46.55,119.9,0,0,0,0,0,0,No_Failure
6728,L53727,L,300.34,308.78,1448,28.88,43.1,0,0,0,0,0,0,No_Failure
6729,M53728,M,300.22,309.66,1489,34.91,240.8,0,0,0,0,0,0,No_Failure
6730,M53729,M,300.45,308.71,1579,27.52,69.1,0,0,0,0,0,0,No_Failure
6731,H53730,H,297.11,306.51,1530,19.99,51.9,0,0,0,0,0,0,No_Failure
6732,M53731,M,299.81,309.88,1823,39.54,249.8,1,0,0,0,0,1,TWF
6733,H53732,H,302.82,313.58,1646,58.95,53.6,0,0,1,0,0,1,PWF
6734,M53733,M,302.17,310.05,1633,30.74,46.0,0,0,0,0,0,0,No_Failure
6735,L53734,L,299.75,310.3,1566,48.91,248.7,0,0,0,0,0,0,No_Failure
6736,H53735,H,303.13,312.15,1596,50.48,19.4,0,0,0,0,0,0,No_Failure
6737,L53736,L,297.48,306.27,1460,47.22,8.4,0,0,0,0,0,0,No_Failure
6738,M53737,M,298.06,308.12,1518,59.96,115.3,0,0,1,0,0,1,PWF
6739,M53738,M,303.73,314.35,1846,49.55,75.1,0,0,1,0,0,1,PWF
6740,L53739,L,301.16,311.06,1487,58.05,220.1,0,0,0,0,0,0,No_Failure
6741,M53740,M,299.42,308.33,1260,28.53,185.9,0,0,0,0,0,0,No_Failure
6742,L53741,L,299.89,309.79,1625,47.45,136.8,0,0,0,0,0,0,No_Failure
6743,L53742,L,298.39,307.66,1658,55.11,2.5,0,0,0,0,0,0,No_Failure
6744,L53743,L,300.55,311.16,1528,32.28,67.2,0,0,0,0,0,0,No_Failure
6745,L53744,L,300.39,311.47,1162,5.14,225.3,0,0,1,0,0,1,PWF
6746,L53745,L,300.04,311.05,1732,27.33,62.8,0,0,0,0,0,0,No_Failure
6747,M53746,M,297.68,307.66,1541,32.75,7.0,0,0,0,0,0,0,No_Failure
6748,M53747,M,300.53,311.65,1444,45.61,58.5,0,0,0,0,0,0,No_Failure
6749,L53748,L,298.94,307.92,1714,34.34,191.4,0,0,0,0,0,0,No_Failure
6750,M53749,M,298.03,309.81,1136,40.03,217.5,0,0,0,0,0,0,No_Failure
6751,L53750,L,302.53,311.51,1520,33.96,72.2,0,0,0,0,0,0,No_Failure
6752,L53751,L,304.34,312.31,1403,38.71,58.8,0,0,0,0,0,0,No_Failure
6753,M53752,M,303.89,315.25,1769,39.34,211.9,0,0,0,0,0,0,No_Failure
6754,H53753,H,301.3,310.59,1544,33.68,49.6,0,0,0,0,0,0,No_Failure
6755,L53754,L,299.47,309.59,1344,48.21,91.9,0,0,0,0,0,0,No_Failure
6756,L53755,L,299.86,308.83,1705,53.8,96.3,0,0,0,0,0,0,No_Failure
6757,M53756,M,300.81,313.17,1057,28.51,100.2,0,0,1,0,0,1,PWF
6758,H53757,H,299.16,310.98,1591,42.17,19.0,0,0,0,0,0,0,No_Failure
6759,L53758,L,302.64,314.18,1273,25.7,213.5,1,0,0,0,0,1,TWF
6760,L53759,L,295.93,306.02,1417,22.47,54.4,0,0,0,0,1,1,RNF
6761,L53760,L,299.41,310.39,1457,50.37,92.8,0,0,0,0,0,0,No_Failure
6762,M53761,M,301.6,311.55,1664,60.07,161.2,0,0,0,0,0,0,No_Failure
6763,H53762,H,298.31,309.43,1897,36.72,203.3,0,0,0,0,0,0,No_Failure
6764,M53763,M,299.52,309.11,1180,58.33,148.5,0,0,0,0,0,0,No_Failure
6765,L53764,L,301.19,312.77,1580,33.52,91.5,0,0,0,0,0,0,No_Failure
6766,M53765,M,303.04,312.58,1896,37.66,1.3,0,0,0,0,0,0,No_Failure
6767,H53766,H,297.41,307.06,1397,56.68,125.3,0,0,0,0,0,0,No_Failure
6768,L53767,L,297.26,306.8,1386,30.87,142.2,0,0,0,0,0,0,No_Failure
6769,H53768,H,298.11,308.3,1542,49.17,91.0,0,0,0,0,0,0,No_Failure
6770,L53769,L,296.92,306.54,1649,36.52,159.3,0,0,0,0,0,0,No_Failure
6771,L53770,L,297.07,307.55,1618,32.79,199.3,0,0,0,0,0,0,No_Failure
6772,M53771,M,298.05,307.57,1435,34.91,9.0,0,0,0,0,0,0,No_Failure
6773,L53772,L,302.47,313.26,1356,18.32,205.3,0,0,0,0,0,0,No_Failure
6774,H53773,H,299.38,310.89,1737,52.61,149.4,0,0,1,0,0,1,PWF
6775,M53774,M,300.06,310.14,1361,42.26,82.4,0,0,0,0,0,0,No_Failure
6776,L53775,L,298.09,310.31,1155,38.52,175.5,0,0,0,0,0,0,No_Failure
6777,L53776,L,301.27,312.39,1238,33.07,178.1,0,0,0,0,0,0,No_Failure
6778,M53777,M,303.75,315.89,1396,43.12,191.8,0,0,0,0,0,0,No_Failure
6779,L53778,L,298.22,308.16,1769,48.83,104.4,0,0,0,0,0,0,No_Failure
6780,M53779,M,303.45,311.79,1286,37.25,145.8,0,1,0,0,0,1,HDF
6781,L53780,L,300.73,310.02,1774,49.64,120.5,0,0,0,0,0,0,No_Failure
6782,L53781,L,300.03,309.43,1735,42.75,92.1,0,0,0,0,0,0,No_Failure
6783,M53782,M,300.8,309.85,1541,39.07,32.7,0,0,0,0,0,0,No_Failure
6784,L53783,L,300.78,308.59,1041,49.12,232.5,0,0,0,0,0,0,No_Failure
6785,M53784,M,303.71,314.74,1287,34.92,32.2,0,0,0,0,0,0,No_Failure
6786,M53785,M,301.04,309.18,1386,27.48,164.1,0,0,0,0,0,0,No_Failure
6787,L53786,L,301.08,312.01,1812,39.47,101.2,0,0,0,0,0,0,No_Failure
6788,M53787,M,299.16,311.34,1398,40.35,207.8,0,0,0,0,0,0,No_Failure
6789,M53788,M,301.68,310.9,1361,37.78,119.3,0,0,0,0,0,0,No_Failure
6790,H53789,H,298.09,308.47,1534,51.9,47.2,0,0,0,0,0,0,No_Failure
6791,L53790,L,300.22,309.82,1246,45.0,38.1,0,0,0,0,0,0,No_Failure
6792,L53791,L,305.77,316.59,1496,38.85,99.1,0,0,0,0,0,0,No_Failure
6793,M53792,M,294.99,303.8,1356,39.94,135.3,0,0,0,0,0,0,No_Failure
6794,M53793,M,300.47,310.33,1984,40.81,159.2,0,0,0,0,0,0,No_Failure
6795,M53794,M,300.54,311.66,1335,45.26,214.8,0,0,0,0,0,0,No_Failure
6796,M53795,M,299.54,309.49,1847,40.53,94.7,0,0,0,0,0,0,No_Failure
6797,M53796,M,299.59,307.96,1295,38.46,197.6,0,0,0,0,0,0,No_Failure
6798,L53797,L,300.18,311.42,1547,26.66,56.9,0,0,0,0,0,0,No_Failure
6799,M53798,M,299.5,308.2,1590,32.9,222.2,0,0,0,0,0,0,No_Failure
6800,L53799,L,300.44,310.52,1526,42.77,24.6,0,0,0,0,0,0,No_Failure
6801,L53800,L,299.02,309.61,1514,41.88,203.4,0,0,0,0,0,0,No_Failure
6802,M53801,M,304.04,314.16,1655,25.15,67.8,0,0,0,0,0,0,No_Failure
6803,L53802,L,299.5,312.03,1575,34.38,166.2,0,0,0,0,0,0,No_Failure
6804,L53803,L,301.14,311.87,1469,30.7,137.6,0,0,0,0,0,0,No_Failure
6805,H53804,H,298.66,308.46,1379,53.65,146.3,0,0,0,0,0,0,No_Failure
6806,M53805,M,301.87,312.47,1470,42.51,248.0,0,0,0,0,0,0,No_Failure
6807,M53806,M,301.47,311.68,1468,44.3,151.4,0,0,0,0,0,0,No_Failure
6808,H53807,H,300.84,310.88,1464,39.33,54.4,0,0,0,0,0,0,No_Failure
6809,L53808,L,297.95,308.19,1514,33.74,103.9,0,0,0,0,0,0,No_Failure
6810,M53809,M,298.5,308.06,1246,35.55,24.5,0,0,0,0,0,0,No_Failure
6811,L53810,L,303.37,313.59,1315,44.93,84.9,0,0,0,0,0,0,No_Failure
6812,L53811,L,298.47,307.97,1650,37.4,74.1,0,0,0,0,0,0,No_Failure
6813,L53812,L,301.28,309.39,1095,45.03,162.8,0,0,0,0,0,0,No_Failure
6814,L53813,L,298.11,309.25,1715,41.43,231.2,0,0,0,0,0,0,No_Failure
6815,M53814,M,302.02,311.45,1399,42.96,71.2,0,0,0,0,0,0,No_Failure
6816,L53815,L,298.63,308.77,1801,43.47,214.4,1,0,0,0,0,1,TWF
6817,M53816,M,298.07,307.31,1721,34.74,221.6,0,0,0,0,0,0,No_Failure
6818,L53817,L,298.58,307.85,1441,36.89,160.1,0,0,0,0,0,0,No_Failure
6819,L53818,L,298.89,307.85,1460,49.09,176.8,0,1,0,0,0,1,HDF
6820,H53819,H,300.81,311.76,1787,58.26,202.0,0,0,1,0,0,1,PWF
6821,M53820,M,300.14,311.33,1729,49.18,94.2,0,0,0,0,0,0,No_Failure
6822,H53821,H,297.81,307.84,1675,12.11,249.6,0,0,0,0,0,0,No_Failure
6823,L53822,L,299.94,309.41,1706,32.42,96.6,0,0,0,0,0,0,No_Failure
6824,L53823,L,297.71,306.02,1304,41.15,21.5,0,1,0,0,0,1,HDF
6825,M53824,M,301.29,312.08,1537,29.02,185.4,0,0,0,0,0,0,No_Failure
6826,M53825,M,301.65,310.98,1361,28.55,84.8,0,0,0,0,0,0,No_Failure
6827,L53826,L,299.95,308.83,1300,35.81,7.0,0,0,0,0,0,0,No_Failure
6828,H53827,H,300.54,310.57,1529,43.45,45.3,0,0,0,0,0,0,No_Failure
6829,M53828,M,303.5,313.17,1426,46.18,93.4,0,0,0,0,0,0,No_Failure
6830,M53829,M,299.68,308.17,1470,36.33,53.8,0,0,0,0,0,0,No_Failure
6831,L53830,L,298.11,306.73,1410,35.56,34.5,0,0,0,0,0,0,No_Failure
6832,M53831,M,301.16,311.49,1274,31.56,41.1,0,0,0,0,0,0,No_Failure
6833,L53832,L,297.73,307.08,1805,45.07,158.5,0,0,0,0,0,0,No_Failure
6834,H53833,H,299.58,310.09,1528,44.4,32.5,0,0,0,0,0,0,No_Failure
6835,L53834,L,298.8,308.95,1240,49.07,198.2,0,0,0,0,0,0,No_Failure
6836,L53835,L,298.6,309.64,1533,41.3,213.0,0,0,0,0,0,0,No_Failure
6837,L53836,L,299.5,308.67,1774,26.89,183.0,0,0,0,0,0,0,No_Failure
6838,M53837,M,301.8,312.03,1673,36.51,62.0,0,0,0,0,0,0,No_Failure
6839,H53838,H,302.21,312.85,1407,48.57,145.8,0,0,0,0,0,0,No_Failure
6840,H53839,H,301.85,311.23,1411,22.65,15.4,0,0,1,0,0,1,PWF
6841,M53840,M,300.67,311.8,1328,39.15,238.5,0,0,0,0,0,0,No_Failure
6842,H53841,H,299.48,307.82,1366,42.85,1.9,0,0,0,0,0,0,No_Failure
6843,M53842,M,295.28,304.45,1381,60.04,56.0,0,0,0,0,0,0,No_Failure
6844,L53843,L,300.74,309.03,1236,33.99,21.0,0,0,0,0,0,0,No_Failure
6845,M53844,M,295.44,304.71,1420,38.78,251.7,1,0,0,0,0,1,TWF
6846,L53845,L,296.15,306.0,1562,56.88,10.3,0,0,1,0,0,1,PWF
6847,L53846,L,299.68,310.51,1425,34.12,0.4,0,0,0,0,0,0,No_Failure
6848,L53847,L,300.53,310.37,1539,50.75,25.5,0,0,0,0,0,0,No_Failure
6849,L53848,L,299.1,308.5,1792,43.93,223.0,0,0,0,0,0,0,No_Failure
6850,H53849,H,303.07,311.52,1830,37.79,101.4,0,0,0,0,0,0,No_Failure
6851,H53850,H,300.92,309.71,1488,44.52,239.0,1,0,0,0,0,1,TWF
6852,L53851,L,299.5,309.81,1658,38.52,242.8,0,0,0,0,0,0,No_Failure
6853,M53852,M,302.77,313.65,1470,62.58,183.7,0,0,1,0,0,1,PWF
6854,L53853,L,303.13,312.71,1412,19.34,42.7,0,0,1,0,0,1,PWF
6855,L53854,L,301.03,312.24,1299,37.18,245.7,0,0,0,0,0,0,No_Failure
6856,L53855,L,298.45,307.5,1516,37.47,110.9,0,0,0,0,0,0,No_Failure
6857,L53856,L,298.9,308.51,1695,38.66,117.5,0,0,0,0,0,0,No_Failure
6858,L53857,L,297.11,306.8,1271,50.8,161.1,0,0,0,0,0,0,No_Failure
6859,L53858,L,299.92,311.44,1448,35.53,181.2,0,0,0,0,0,0,No_Failure
6860,L53859,L,297.9,308.03,1440,44.92,243.5,0,0,0,0,0,0,No_Failure
6861,L53860,L,299.34,307.54,1544,42.31,245.6,0,0,0,0,0,0,No_Failure
6862,H53861,H,300.52,311.47,1547,48.38,104.6,0,0,0,0,0,0,No_Failure
6863,L53862,L,296.03,307.88,1597,38.63,36.0,0,0,0,0,0,0,No_Failure
6864,L53863,L,297.47,307.22,1841,43.22,231.6,0,0,0,0,0,0,No_Failure
6865,M53864,M,298.99,308.09,1343,38.77,30.1,0,0,0,0,0,0,No_Failure
6866,L53865,L,299.89,310.76,1333,30.14,139.8,0,0,0,0,0,0,No_Failure
6867,M53866,M,299.01,310.98,1545,55.99,42.0,0,0,1,0,0,1,PWF
6868,L53867,L,299.46,310.31,1761,32.38,90.6,0,0,0,0,0,0,No_Failure
6869,M53868,M,298.59,306.96,1237,35.22,134.0,0,0,0,0,0,0,No_Failure
6870,M53869,M,297.1,307.86,1560,31.43,178.4,0,0,0,0,0,0,No_Failure
6871,M53870,M,298.93,309.33,1464,44.02,246.7,0,0,0,0,0,0,No_Failure
6872,M53871,M,299.57,308.62,1654,35.22,232.4,0,0,0,0,0,0,No_Failure
6873,L53872,L,299.38,310.67,1613,55.15,131.7,0,0,0,0,0,0,No_Failure
6874,L53873,L,300.22,310.66,1509,45.34,79.0,0,0,0,0,0,0,No_Failure
6875,L53874,L,300.84,312.15,1588,37.23,135.8,0,0,0,0,0,0,No_Failure
6876,M53875,M,301.36,310.3,1382,30.9,92.8,0,0,0,0,0,0,No_Failure
6877,L53876,L,298.73,309.13,1644,38.89,116.3,0,0,0,0,0,0,No_Failure
6878,L53877,L,296.85,305.95,1750,45.2,231.3,1,0,0,0,0,1,TWF
6879,M53878,M,302.54,312.79,1518,39.54,130.1,0,1,0,0,0,1,HDF
6880,L53879,L,300.77,312.25,1427,38.6,10.5,0,0,0,0,0,0,No_Failure
6881,L53880,L,298.09,306.66,1474,29.8,173.1,0,0,0,0,0,0,No_Failure
6882,M53881,M,300.56,309.19,1642,62.43,71.1,0,0,1,0,0,1,PWF
6883,L53882,L,302.14,313.09,1492,37.99,54.1,0,0,0,0,0,0,No_Failure
6884,H53883,H,303.46,313.44,1284,26.25,193.9,0,0,0,0,0,0,No_Failure
6885,H53884,H,300.5,311.67,1671,29.25,41.9,0,0,0,0,0,0,No_Failure
6886,H53885,H,302.12,311.31,1323,36.56,154.1,0,0,0,0,0,0,No_Failure
6887,L53886,L,297.58,307.63,1576,59.45,206.7,0,0,1,0,0,1,PWF
6888,L53887,L,299.93,310.62,1164,38.3,76.0,0,0,0,0,0,0,No_Failure
6889,M53888,M,299.33,309.54,1519,36.25,119.5,0,0,0,0,0,0,No_Failure
6890,M53889,M,300.69,308.9,1488,48.45,146.1,0,0,0,0,0,0,No_Failure
6891,M53890,M,303.22,316.04,1146,49.18,162.2,0,0,0,0,0,0,No_Failure
6892,L53891,L,300.5,310.71,1560,46.59,245.9,1,0,0,0,0,1,TWF
6893,L53892,L,298.12,306.78,1302,42.0,224.9,0,0,0,0,0,0,No_Failure
6894,L53893,L,297.47,307.79,1515,28.96,52.9,0,0,0,0,0,0,No_Failure
6895,L53894,L,303.29,313.72,1426,32.49,138.1,0,0,0,0,0,0,No_Failure
6896,L53895,L,301.03,312.02,1233,24.09,39.9,0,0,0,0,0,0,No_Failure
6897,H53896,H,300.9,311.82,1312,37.76,15.2,0,0,0,0,0,0,No_Failure
6898,L53897,L,299.31,309.1,1326,35.75,93.1,0,0,0,0,0,0,No_Failure
6899,M53898,M,300.54,308.81,1677,34.72,80.9,0,0,0,0,0,0,No_Failure
6900,H53899,H,298.03,308.49,1650,42.79,144.3,0,0,0,0,0,0,No_Failure
6901,L53900,L,300.77,309.13,1895,33.43,162.2,0,0,0,0,0,0,No_Failure
6902,M53901,M,297.65,308.87,1408,36.6,97.6,0,0,0,0,0,0,No_Failure
6903,M53902,M,299.28,308.55,1402,35.14,219.4,0,0,0,0,0,0,No_Failure
6904,L53903,L,298.71,309.35,1524,39.68,213.0,0,0,0,0,0,0,No_Failure
6905,L53904,L,293.49,302.83,1436,43.65,182.5,0,0,0,0,0,0,No_Failure
6906,H53905,H,299.31,308.81,1395,26.55,88.7,0,0,0,0,0,0,No_Failure
6907,M53906,M,298.2,307.4,1510,44.53,61.3,0,0,0,0,0,0,No_Failure
6908,H53907,H,299.58,310.3,1627,42.64,29.4,0,0,0,0,0,0,No_Failure
6909,H53908,H,300.0,309.38,1120,44.19,63.4,0,0,0,0,0,0,No_Failure
6910,L53909,L,303.54,314.3,1397,41.33,242.7,0,0,0,0,0,0,No_Failure
6911,M53910,M,300.61,310.01,1247,43.62,105.7,0,0,0,0,0,0,No_Failure
6912,M53911,M,300.67,310.44,1472,35.84,105.2,0,0,0,0,0,0,No_Failure
6913,M53912,M,300.99,311.03,1578,44.43,119.1,0,0,0,0,0,0,No_Failure
6914,M53913,M,301.74,311.9,1701,51.45,163.9,0,0,0,0,0,0,No_Failure
6915,M53914,M,300.91,309.98,1422,35.05,232.8,0,0,0,0,0,0,No_Failure
6916,H53915,H,300.56,311.27,1519,35.41,28.9,0,0,0,0,0,0,No_Failure
6917,L53916,L,301.42,311.15,1197,46.31,207.5,0,0,0,0,0,0,No_Failure
6918,M53917,M,295.15,305.69,1345,34.46,113.6,0,0,0,0,0,0,No_Failure
6919,L53918,L,304.18,314.16,1537,32.81,69.5,0,0,0,0,0,0,No_Failure
6920,M53919,M,303.18,313.77,1255,44.22,137.6,0,0,0,0,0,0,No_Failure
6921,M53920,M,300.43,310.02,1723,35.7,136.7,0,0,0,0,0,0,No_Failure
6922,M53921,M,297.17,306.38,1594,52.22,33.7,0,0,0,0,0,0,No_Failure
6923,L53922,L,302.42,312.85,1337,35.34,24.5,0,0,0,0,0,0,No_Failure
6924,M53923,M,298.61,308.12,1233,31.81,158.6,0,0,0,0,0,0,No_Failure
6925,L53924,L,301.07,312.53,1371,39.95,186.1,0,0,0,0,0,0,No_Failure
6926,L53925,L,297.43,307.5,1338,44.35,155.6,0,0,0,0,0,0,No_Failure
6927,L53926,L,304.45,313.08,1281,43.2,89.3,0,0,0,0,0,0,No_Failure
6928,H53927,H,297.12,306.53,1247,45.39,140.6,0,0,0,0,0,0,No_Failure
6929,L53928,L,300.14,309.14,1459,34.47,229.3,0,0,0,0,0,0,No_Failure
6930,H53929,H,295.76,306.83,1632,51.35,233.7,0,0,0,0,0,0,No_Failure
6931,L53930,L,299.92,310.69,1372,23.45,58.8,0,0,0,0,0,0,No_Failure
6932,M53931,M,299.15,309.09,1580,32.19,24.1,0,0,0,0,0,0,No_Failure
6933,M53932,M,302.27,312.56,1441,40.38,165.3,0,0,0,0,0,0,No_Failure
6934,M53933,M,299.15,309.06,1610,33.03,44.1,0,0,0,0,0,0,No_Failure
6935,M53934,M,302.28,313.14,1358,36.9,202.7,0,0,0,0,0,0,No_Failure
6936,M53935,M,297.95,308.47,1551,30.18,71.0,0,0,0,0,0,0,No_Failure
6937,H53936,H,299.44,310.14,1522,37.92,38.1,0,0,0,0,0,0,No_Failure
6938,M53937,M,299.48,309.28,1745,44.63,206.5,1,0,0,0,0,1,TWF
6939,L53938,L,300.99,310.36,1601,34.64,52.8,0,0,0,0,0,0,No_Failure
6940,L53939,L,300.74,311.4,1546,31.21,2.2,0,0,0,0,0,0,No_Failure
6941,M53940,M,301.44,313.0,1235,35.39,207.9,0,0,0,0,0,0,No_Failure
6942,L53941,L,300.53,311.64,1405,51.04,23.7,0,0,0,0,0,0,No_Failure
6943,M53942,M,301.32,312.9,1356,50.96,106.2,0,0,0,0,0,0,No_Failure
6944,M53943,M,298.2,308.37,1352,35.22,100.1,0,0,0,0,0,0,No_Failure
6945,L53944,L,300.78,309.81,1503,45.08,36.2,0,0,1,0,0,1,PWF
6946,M53945,M,303.22,312.34,1543,39.82,8.9,0,0,0,0,0,0,No_Failure
6947,M53946,M,296.64,308.02,1550,52.84,21.4,0,0,0,0,0,0,No_Failure
6948,M53947,M,300.98,309.12,1727,41.92,108.2,0,0,0,0,0,0,No_Failure
6949,M53948,M,301.35,312.86,1587,37.98,242.1,1,0,0,0,0,1,TWF
6950,H53949,H,302.92,312.13,1279,56.0,183.4,0,0,0,0,0,0,No_Failure
6951,M53950,M,301.45,313.38,1536,30.76,180.8,0,0,0,0,0,0,No_Failure
6952,H53951,H,300.2,310.13,1605,43.19,169.4,0,0,0,0,0,0,No_Failure
6953,L53952,L,300.86,311.58,1727,53.66,194.6,0,0,0,0,0,0,No_Failure
6954,M53953,M,298.53,310.91,1472,46.66,133.9,0,0,0,0,0,0,No_Failure
6955,M53954,M,299.22,308.89,1474,32.37,249.4,1,0,1,0,0,1,TWF
6956,L53955,L,297.33,306.98,1694,31.83,153.8,0,0,0,0,0,0,No_Failure
6957,L53956,L,302.97,312.28,1532,25.92,159.6,0,0,0,0,0,0,No_Failure
6958,M53957,M,300.9,309.9,1212,54.83,5.4,0,0,0,0,0,0,No_Failure
6959,L53958,L,298.17,307.84,1174,28.67,190.9,0,0,0,0,0,0,No_Failure
6960,H53959,H,300.54,309.99,1831,47.13,90.0,0,0,1,0,0,1,PWF
6961,L53960,L,302.32,311.07,1192,25.73,195.8,0,0,1,0,0,1,PWF
6962,L53961,L,301.99,311.78,1470,65.57,214.4,1,0,0,0,0,1,TWF
6963,M53962,M,298.14,308.59,1659,26.47,5.6,0,0,0,0,0,0,No_Failure
6964,L53963,L,293.73,302.84,1182,40.43,97.3,0,0,0,0,0,0,No_Failure
6965,L53964,L,300.79,310.63,1305,52.12,229.0,0,0,0,0,0,0,No_Failure
6966,M53965,M,298.23,309.63,1276,32.97,32.4,0,0,0,0,0,0,No_Failure
6967,M53966,M,301.24,309.83,1824,45.64,188.3,0,0,0,0,0,0,No_Failure
6968,L53967,L,301.9,313.83,1863,37.18,81.8,0,0,1,0,0,1,PWF
6969,M53968,M,302.23,311.55,1368,43.88,128.9,0,1,0,0,0,1,HDF
6970,M53969,M,303.49,313.69,1604,50.81,228.6,0,0,0,0,0,0,No_Failure
6971,M53970,M,302.47,313.75,1555,35.72,160.1,0,0,0,0,0,0,No_Failure
6972,L53971,L,303.5,315.08,1449,54.97,109.7,0,0,0,0,0,0,No_Failure
6973,L53972,L,302.76,313.23,1207,43.52,176.4,0,0,0,0,0,0,No_Failure
6974,H53973,H,302.93,312.24,1915,59.48,56.4,0,0,0,0,0,0,No_Failure
6975,M53974,M,299.92,309.14,1173,31.68,3.1,0,0,0,0,0,0,No_Failure
6976,L53975,L,297.42,306.85,1538,33.58,156.5,0,0,0,0,0,0,No_Failure
6977,H53976,H,304.96,316.85,1383,37.68,217.9,0,0,0,0,0,0,No_Failure
6978,L53977,L,300.13,309.74,1681,27.87,177.0,0,0,0,0,0,0,No_Failure
6979,M53978,M,302.46,312.78,1652,49.26,131.4,0,0,0,0,0,0,No_Failure
6980,M53979,M,298.9,307.86,1324,39.24,36.3,0,0,0,0,0,0,No_Failure
6981,H53980,H,301.93,310.77,1358,28.54,21.5,0,0,0,0,0,0,No_Failure
6982,H53981,H,295.11,305.14,1221,31.77,70.8,0,0,0,0,0,0,No_Failure
6983,L53982,L,299.18,308.85,1535,31.3,243.7,0,0,0,0,0,0,No_Failure
6984,M53983,M,299.8,309.55,1628,49.24,116.9,0,0,0,0,0,0,No_Failure
6985,L53984,L,300.93,309.45,1421,44.57,203.6,0,0,0,0,0,0,No_Failure
6986,M53985,M,302.14,312.07,1456,38.67,3.3,0,0,0,0,0,0,No_Failure
6987,M53986,M,297.81,309.36,1843,36.35,119.6,0,0,0,0,0,0,No_Failure
6988,L53987,L,301.32,310.47,1669,37.61,62.5,0,0,0,0,0,0,No_Failure
6989,L53988,L,302.45,313.35,1743,57.81,241.0,1,0,0,1,0,1,TWF
6990,L53989,L,304.69,311.23,1096,37.66,50.3,0,1,0,0,0,1,HDF
6991,L53990,L,301.41,310.61,1598,48.58,12.6,0,0,0,0,0,0,No_Failure
6992,L53991,L,299.08,307.17,1545,36.71,41.0,0,0,0,0,0,0,No_Failure
6993,H53992,H,297.46,308.69,1275,56.82,16.0,0,0,0,0,0,0,No_Failure
6994,M53993,M,303.66,314.54,1312,27.81,79.8,0,0,0,0,0,0,No_Failure
6995,M53994,M,301.47,310.44,1461,48.07,251.9,1,0,0,0,0,1,TWF
6996,H53995,H,299.96,310.25,1258,32.41,235.4,1,0,0,0,0,1,TWF
6997,M53996,M,296.76,307.96,1356,62.13,144.7,0,0,0,0,0,0,No_Failure
6998,L53997,L,298.14,309.49,1417,46.97,210.2,0,0,0,0,0,0,No_Failure
6999,H53998,H,301.26,310.86,1603,22.96,101.2,0,0,0,0,0,0,No_Failure
7000,M53999,M,300.71,308.5,1373,30.69,225.4,0,0,0,0,0,0,No_Failure
7001,M54000,M,296.11,305.21,1419,46.85,53.2,0,0,0,0,0,0,No_Failure
7002,H54001,H,301.27,312.03,1684,46.58,102.0,0,0,0,0,0,0,No_Failure
7003,M54002,M,296.86,308.96,1182,45.83,30.5,0,0,0,0,0,0,No_Failure
7004,M54003,M,302.71,312.65,1541,41.57,237.0,0,0,0,0,0,0,No_Failure
7005,H54004,H,300.42,309.81,1570,36.81,85.6,0,0,0,0,0,0,No_Failure
7006,L54005,L,299.07,311.47,1575,50.87,62.2,0,0,0,0,0,0,No_Failure
7007,H54006,H,301.98,312.39,1410,31.36,56.1,0,0,0,0,0,0,No_Failure
7008,L54007,L,300.71,309.48,1308,40.53,119.9,0,0,0,0,0,0,No_Failure
7009,L54008,L,302.65,312.53,1774,33.8,127.5,0,0,0,0,0,0,No_Failure
7010,M54009,M,300.16,311.16,1346,33.0,170.2,0,0,0,0,0,0,No_Failure
7011,L54010,L,300.28,310.21,1299,35.41,204.7,0,0,0,0,0,0,No_Failure
7012,H54011,H,299.43,310.22,1504,32.65,177.8,0,0,0,0,0,0,No_Failure
7013,L54012,L,300.53,308.92,1367,45.5,124.6,0,1,0,0,0,1,HDF
7014,M54013,M,303.4,311.96,1689,25.24,135.5,0,0,0,0,0,0,No_Failure
7015,L54014,L,298.99,308.26,1452,44.31,246.8,1,0,0,0,0,1,TWF
7016,H54015,H,301.3,311.01,1712,33.66,113.1,0,0,0,0,0,0,No_Failure
7017,L54016,L,298.24,308.57,1581,40.3,81.3,0,0,0,0,0,0,No_Failure
7018,L54017,L,295.87,306.5,1430,38.33,163.3,0,0,0,0,0,0,No_Failure
7019,L54018,L,300.41,312.88,1701,35.01,170.2,0,0,0,0,0,0,No_Failure
7020,M54019,M,300.74,310.0,1383,52.13,237.2,1,0,0,0,0,1,TWF
7021,H54020,H,299.78,309.47,1442,36.29,89.1,0,0,0,0,0,0,No_Failure
7022,H54021,H,297.01,306.3,1595,47.04,128.9,0,0,0,0,0,0,No_Failure
7023,L54022,L,300.61,311.69,1541,47.16,158.0,0,0,0,0,0,0,No_Failure
7024,L54023,L,300.53,311.67,1379,37.27,179.3,0,0,0,0,0,0,No_Failure
7025,L54024,L,298.22,307.77,1223,27.42,10.1,0,0,0,0,0,0,No_Failure
7026,M54025,M,297.29,309.36,1497,31.18,227.8,1,0,0,0,0,1,TWF
7027,M54026,M,299.5,308.79,1369,52.79,44.9,0,0,0,0,0,0,No_Failure
7028,L54027,L,301.31,312.34,1505,44.93,57.0,0,0,0,0,0,0,No_Failure
7029,M54028,M,300.83,312.29,1424,41.39,175.7,0,0,0,0,0,0,No_Failure
7030,H54029,H,298.24,306.88,1371,34.33,50.3,0,0,0,0,0,0,No_Failure
7031,L54030,L,300.27,310.85,1452,57.32,33.8,0,0,0,0,0,0,No_Failure
7032,L54031,L,301.77,309.05,1487,31.32,240.2,0,0,0,0,0,0,No_Failure
7033,L54032,L,297.65,308.48,1625,41.4,162.7,0,0,0,0,0,0,No_Failure
7034,L54033,L,300.13,309.02,1576,45.02,239.7,1,0,0,0,0,1,TWF
7035,L54034,L,302.68,313.25,1877,26.94,16.0,0,0,0,0,0,0,No_Failure
7036,M54035,M,297.45,308.21,1525,32.42,9.0,0,0,0,0,0,0,No_Failure
7037,L54036,L,302.31,313.43,1379,35.42,70.7,0,0,0,0,0,0,No_Failure
7038,M54037,M,303.24,314.13,1470,48.62,9.7,0,0,0,0,0,0,No_Failure
7039,H54038,H,299.56,309.61,1602,35.62,111.0,0,0,0,0,0,0,No_Failure
7040,H54039,H,299.31,308.93,1681,25.64,243.3,0,0,0,0,0,0,No_Failure
7041,M54040,M,302.07,311.99,1741,24.68,90.3,0,0,0,0,0,0,No_Failure
7042,L54041,L,299.63,308.51,1317,32.33,185.3,0,0,0,0,0,0,No_Failure
7043,L54042,L,295.29,305.08,1731,25.1,163.5,0,0,0,0,0,0,No_Failure
7044,L54043,L,299.8,309.51,1492,47.69,8.2,0,0,0,0,0,0,No_Failure
7045,H54044,H,300.94,310.15,1333,48.08,58.7,0,0,0,0,0,0,No_Failure
7046,H54045,H,301.48,309.74,1463,40.07,159.4,0,0,0,0,0,0,No_Failure
7047,L54046,L,298.24,306.96,1718,37.37,23.3,0,0,0,0,0,0,No_Failure
7048,L54047,L,299.46,306.31,1582,47.42,115.7,0,0,0,0,0,0,No_Failure
7049,M54048,M,301.95,311.65,1282,47.0,171.4,0,0,0,0,0,0,No_Failure
7050,L54049,L,299.88,310.24,1283,30.13,86.0,0,0,0,0,0,0,No_Failure
7051,H54050,H,296.94,304.26,1278,31.51,79.0,0,0,0,0,0,0,No_Failure
7052,L54051,L,302.48,312.71,1368,47.07,183.0,0,0,0,0,0,0,No_Failure
7053,L54052,L,299.57,309.45,1514,42.71,106.0,0,0,0,0,0,0,No_Failure
7054,L54053,L,302.18,311.01,1297,46.08,134.6,0,0,0,0,0,0,No_Failure
7055,L54054,L,297.21,306.78,1423,31.06,50.5,0,0,0,0,0,0,No_Failure
7056,L54055,L,299.76,310.81,1752,32.48,199.8,0,0,0,0,0,0,No_Failure
7057,H54056,H,301.02,310.05,1791,44.64,151.7,0,0,0,0,0,0,No_Failure
7058,L54057,L,299.83,309.9,1779,33.18,246.1,0,0,0,0,0,0,No_Failure
7059,M54058,M,297.63,307.98,1177,24.8,191.3,0,0,0,0,0,0,No_Failure
7060,L54059,L,295.23,304.4,1801,33.33,151.6,0,0,0,0,0,0,No_Failure
7061,L54060,L,303.05,314.05,1517,37.95,155.4,0,0,0,0,0,0,No_Failure
7062,L54061,L,300.5,310.9,1514,57.01,84.2,0,0,1,0,0,1,PWF
7063,L54062,L,302.33,312.08,1685,31.62,112.7,0,0,0,0,0,0,No_Failure
7064,L54063,L,301.86,314.22,1627,39.38,170.3,0,0,0,0,0,0,No_Failure
7065,L54064,L,301.19,312.21,1164,60.43,130.3,0,0,0,0,0,0,No_Failure
7066,H54065,H,299.36,307.67,1390,29.07,241.4,0,0,0,0,0,0,No_Failure
7067,M54066,M,300.98,310.59,1434,46.6,140.0,0,0,0,0,0,0,No_Failure
7068,H54067,H,302.87,315.33,1261,32.89,3.2,0,0,0,0,0,0,No_Failure
7069,L54068,L,300.17,309.18,1679,44.02,31.9,0,0,0,0,0,0,No_Failure
7070,M54069,M,303.8,313.87,1759,63.35,11.7,0,0,0,0,0,0,No_Failure
7071,M54070,M,297.0,308.23,1498,47.92,228.5,0,0,0,0,0,0,No_Failure
7072,L54071,L,296.79,307.44,1554,41.52,79.7,0,0,0,0,0,0,No_Failure
7073,L54072,L,301.98,312.77,1498,30.49,211.5,0,0,0,0,0,0,No_Failure
7074,M54073,M,298.36,309.1,1518,38.25,112.7,0,0,0,0,0,0,No_Failure
7075,M54074,M,304.09,314.11,1701,34.35,232.9,0,0,0,0,0,0,No_Failure
7076,L54075,L,302.67,311.88,1182,25.49,122.0,0,0,0,0,0,0,No_Failure
7077,L54076,L,303.18,313.61,1587,18.71,217.6,1,0,0,0,0,1,TWF
7078,H54077,H,301.77,311.37,1502,31.7,169.9,0,0,1,0,0,1,PWF
7079,L54078,L,298.16,307.68,1372,39.68,67.4,0,0,0,0,0,0,No_Failure
7080,H54079,H,296.68,308.16,1409,51.19,145.9,0,0,0,0,0,0,No_Failure
7081,H54080,H,302.99,312.61,1830,32.62,67.8,0,0,0,0,0,0,No_Failure
7082,H54081,H,297.0,308.71,1261,41.92,50.6,0,0,0,0,0,0,No_Failure
7083,M54082,M,303.17,313.43,1470,22.99,80.8,0,0,0,0,0,0,No_Failure
7084,L54083,L,301.34,311.18,1793,32.0,75.1,0,0,0,0,0,0,No_Failure
7085,M54084,M,299.85,308.03,1271,15.53,125.6,0,1,1,0,0,1,HDF
7086,M54085,M,300.88,313.0,1418,62.34,161.2,0,0,0,0,0,0,No_Failure
7087,M54086,M,300.93,310.92,1508,41.98,244.8,1,0,0,0,0,1,TWF
7088,L54087,L,299.6,307.32,1574,41.66,118.7,0,0,0,0,0,0,No_Failure
7089,L54088,L,302.85,313.84,1486,45.35,192.5,0,0,0,0,0,0,No_Failure
7090,L54089,L,302.78,312.73,1339,65.32,124.2,0,1,0,0,0,1,HDF
7091,L54090,L,300.31,309.38,1581,35.65,109.8,0,0,0,0,0,0,No_Failure
7092,M54091,M,298.8,309.73,1482,30.19,104.3,0,0,0,0,0,0,No_Failure
7093,H54092,H,302.61,310.06,1613,60.0,221.6,0,0,1,0,0,1,PWF
7094,M54093,M,295.95,305.24,1666,27.69,37.0,0,0,0,0,0,0,No_Failure
7095,M54094,M,300.89,310.59,1232,52.98,73.4,0,0,0,0,0,0,No_Failure
7096,L54095,L,301.48,312.33,1686,39.26,182.4,0,0,0,0,0,0,No_Failure
7097,L54096,L,298.34,310.58,1454,44.33,74.8,0,0,0,0,0,0,No_Failure
7098,L54097,L,301.95,311.7,1649,25.63,0.6,0,0,0,0,0,0,No_Failure
7099,L54098,L,299.95,310.41,1589,65.94,54.8,0,0,0,0,0,0,No_Failure
7100,L54099,L,298.91,311.66,1834,36.18,7.4,0,0,0,0,0,0,No_Failure
7101,L54100,L,301.93,311.93,1501,32.99,74.0,0,0,0,0,0,0,No_Failure
7102,L54101,L,297.83,308.3,1427,45.48,82.7,0,0,0,0,0,0,No_Failure
7103,M54102,M,301.74,310.5,1408,33.55,241.2,0,0,0,0,0,0,No_Failure
7104,L54103,L,296.04,307.99,1313,44.24,204.4,0,0,0,0,0,0,No_Failure
7105,L54104,L,300.57,309.86,1645,27.39,30.9,0,0,0,0,0,0,No_Failure
7106,L54105,L,300.09,310.36,1302,41.46,31.1,0,0,0,0,0,0,No_Failure
7107,M54106,M,298.92,309.16,1644,33.97,252.2,0,0,0,0,0,0,No_Failure
7108,M54107,M,300.78,310.86,1460,32.17,169.9,0,0,0,0,0,0,No_Failure
7109,L54108,L,299.84,309.41,1183,30.59,158.3,0,0,0,0,0,0,No_Failure
7110,L54109,L,302.11,312.35,1768,48.86,148.9,0,0,1,0,0,1,PWF
7111,H54110,H,301.12,312.88,900,36.5,37.9,0,0,1,0,0,1,PWF
7112,M54111,M,300.91,313.19,1485,38.16,66.9,0,0,0,0,0,0,No_Failure
7113,M54112,M,300.58,310.41,1542,44.27,109.4,0,0,0,0,0,0,No_Failure
7114,M54113,M,299.06,308.61,1085,51.4,112.9,0,0,0,0,0,0,No_Failure
7115,H54114,H,299.4,308.59,1579,30.77,245.6,1,0,0,0,0,1,TWF
7116,H54115,H,300.5,313.18,1379,42.21,11.1,0,0,0,0,0,0,No_Failure
7117,L54116,L,299.65,309.78,1455,30.9,3.7,0,1,0,0,0,1,HDF
7118,M54117,M,302.22,313.34,1742,37.91,231.5,0,0,0,0,0,0,No_Failure
7119,L54118,L,300.19,310.88,1526,50.65,222.0,0,0,0,0,0,0,No_Failure
7120,M54119,M,300.75,312.96,1437,16.54,73.3,0,0,1,0,0,1,PWF
7121,L54120,L,297.19,306.95,1469,30.77,81.3,0,0,0,0,0,0,No_Failure
7122,L54121,L,301.89,310.78,1820,37.69,149.8,0,0,0,0,0,0,No_Failure
7123,H54122,H,298.84,310.7,1573,43.81,51.1,0,0,0,0,0,0,No_Failure
7124,H54123,H,297.91,308.82,1341,52.2,221.5,1,0,0,0,0,1,TWF
7125,L54124,L,303.29,313.75,1412,23.03,68.2,0,0,0,0,0,0,No_Failure
7126,H54125,H,301.4,312.93,1286,54.15,15.2,0,0,0,0,0,0,No_Failure
7127,L54126,L,301.95,312.47,1419,45.21,134.8,0,0,0,0,0,0,No_Failure
7128,L54127,L,300.91,312.48,1789,37.59,185.6,0,0,0,0,0,0,No_Failure
7129,H54128,H,299.81,310.06,1470,25.31,241.9,0,0,1,0,0,1,PWF
7130,L54129,L,299.44,310.34,1259,34.28,158.1,0,0,0,0,0,0,No_Failure
7131,L54130,L,301.56,312.08,1578,50.25,25.8,0,0,0,0,0,0,No_Failure
7132,M54131,M,302.27,311.94,1429,40.26,167.6,0,0,0,0,0,0,No_Failure
7133,L54132,L,299.86,309.66,1601,38.19,23.4,0,0,0,0,0,0,No_Failure
7134,L54133,L,304.15,313.75,1456,30.29,49.1,0,0,0,0,0,0,No_Failure
7135,L54134,L,299.61,309.87,1760,47.35,75.0,0,0,0,0,0,0,No_Failure
7136,M54135,M,297.21,306.76,1336,38.5,14.0,0,0,0,0,0,0,No_Failure
7137,L54136,L,296.56,306.99,1290,37.63,92.6,0,0,0,0,0,0,No_Failure
7138,L54137,L,296.62,307.03,1669,39.05,194.1,0,0,0,0,0,0,No_Failure
7139,M54138,M,299.17,309.38,1139,33.55,13.6,0,0,0,0,0,0,No_Failure
7140,L54139,L,299.54,309.76,1469,31.85,125.5,0,0,0,0,0,0,No_Failure
7141,L54140,L,301.37,310.8,1644,24.8,57.3,0,0,0,0,0,0,No_Failure
7142,M54141,M,299.94,309.66,1105,33.81,143.3,0,0,0,0,0,0,No_Failure
7143,M54142,M,301.69,310.02,1512,22.0,124.6,0,0,0,0,0,0,No_Failure
7144,L54143,L,300.09,309.97,1231,44.86,42.0,0,0,0,0,0,0,No_Failure
7145,H54144,H,300.03,309.04,1168,33.32,215.7,1,0,0,0,0,1,TWF
7146,M54145,M,298.84,308.94,1308,36.08,126.6,0,0,0,0,0,0,No_Failure
7147,L54146,L,302.85,312.13,1467,39.63,249.4,1,0,0,0,0,1,TWF
7148,M54147,M,296.94,304.89,1373,31.98,249.1,0,0,0,0,0,0,No_Failure
7149,M54148,M,300.6,312.86,1699,28.25,63.5,0,0,0,0,0,0,No_Failure
7150,M54149,M,299.64,309.41,1515,42.22,223.4,1,0,0,0,0,1,TWF
7151,M54150,M,301.56,313.01,1412,58.89,182.0,0,0,0,0,0,0,No_Failure
7152,M54151,M,299.96,309.43,1264,49.1,109.4,0,1,0,0,0,1,HDF
7153,H54152,H,300.02,311.72,1540,52.8,206.2,0,0,0,0,0,0,No_Failure
7154,M54153,M,299.47,308.32,1871,27.02,106.4,0,0,0,0,0,0,No_Failure
7155,H54154,H,302.79,312.96,1373,38.09,124.6,0,0,0,0,0,0,No_Failure
7156,M54155,M,300.0,308.91,1395,38.02,94.1,0,0,0,0,0,0,No_Failure
7157,H54156,H,303.94,316.54,1309,54.28,213.4,0,0,0,0,0,0,No_Failure
7158,H54157,H,300.54,310.3,1713,49.17,229.4,0,0,1,0,0,1,PWF
7159,L54158,L,300.04,310.87,1667,38.36,38.3,0,0,0,0,0,0,No_Failure
7160,L54159,L,299.71,310.16,1420,17.12,149.2,0,0,0,0,0,0,No_Failure
7161,M54160,M,301.13,311.1,1392,28.41,29.6,0,0,0,0,0,0,No_Failure
7162,L54161,L,298.82,309.34,1330,46.33,224.0,0,0,0,0,0,0,No_Failure
7163,M54162,M,300.29,311.65,1448,36.79,55.7,0,0,0,0,0,0,No_Failure
7164,M54163,M,300.02,310.68,1684,38.9,9.1,0,0,0,0,0,0,No_Failure
7165,H54164,H,300.65,310.81,1507,46.14,188.6,0,0,1,0,0,1,PWF
7166,L54165,L,300.7,311.22,1732,51.32,168.6,0,0,1,0,0,1,PWF
7167,M54166,M,300.8,312.72,1370,32.21,104.0,0,0,0,0,0,0,No_Failure
7168,L54167,L,300.19,309.77,1084,45.92,156.6,0,0,0,0,0,0,No_Failure
7169,M54168,M,303.14,311.28,1969,56.11,195.1,0,0,1,0,0,1,PWF
7170,L54169,L,300.85,309.75,1539,54.28,43.0,0,0,0,0,0,0,No_Failure
7171,M54170,M,305.21,314.19,1640,34.69,77.0,0,0,0,0,0,0,No_Failure
7172,M54171,M,300.1,309.22,1358,42.95,122.8,0,0,0,0,0,0,No_Failure
7173,M54172,M,301.92,311.07,1255,47.51,160.2,0,0,0,0,0,0,No_Failure
7174,M54173,M,298.55,308.52,1528,40.2,155.3,0,0,0,0,0,0,No_Failure
7175,L54174,L,302.8,313.05,1141,37.51,124.9,0,0,0,0,0,0,No_Failure
7176,L54175,L,298.59,308.83,1452,22.7,167.3,0,0,1,0,0,1,PWF
7177,L54176,L,300.91,310.18,1684,31.35,5.3,0,0,0,0,0,0,No_Failure
7178,H54177,H,299.47,310.47,1581,33.05,81.9,0,0,0,0,0,0,No_Failure
7179,H54178,H,300.9,311.44,1546,27.39,144.8,0,0,0,0,0,0,No_Failure
7180,L54179,L,299.53,311.11,1814,41.09,77.5,0,0,0,0,0,0,No_Failure
7181,L54180,L,298.42,309.27,1568,48.67,238.2,0,0,0,1,0,1,OSF
7182,L54181,L,299.46,309.11,1157,35.81,243.8,1,0,0,0,0,1,TWF
7183,M54182,M,303.08,314.39,1473,17.96,94.0,0,0,0,0,0,0,No_Failure
7184,L54183,L,300.93,311.21,1847,38.82,58.6,0,0,0,0,0,0,No_Failure
7185,L54184,L,297.42,308.22,1444,42.74,56.7,0,0,0,0,0,0,No_Failure
7186,L54185,L,302.19,312.91,1836,42.06,112.3,0,0,0,0,0,0,No_Failure
7187,L54186,L,298.22,308.09,1684,32.79,242.3,0,0,0,0,0,0,No_Failure
7188,L54187,L,301.49,311.59,1426,27.95,59.8,0,0,0,0,0,0,No_Failure
7189,L54188,L,301.11,310.97,1306,48.86,83.8,0,0,0,0,0,0,No_Failure
7190,M54189,M,301.23,310.38,1561,43.52,141.5,0,0,0,0,0,0,No_Failure
7191,M54190,M,303.71,311.56,1729,33.19,144.2,0,0,1,0,0,1,PWF
7192,L54191,L,298.34,307.65,1216,24.99,167.6,0,0,1,0,1,1,PWF
7193,M54192,M,301.22,311.42,1522,42.23,184.2,0,0,0,0,0,0,No_Failure
7194,L54193,L,302.52,313.6,1133,31.02,200.2,0,0,0,0,0,0,No_Failure
7195,M54194,M,298.71,309.51,1439,43.83,124.3,0,0,0,0,0,0,No_Failure
7196,H54195,H,298.51,308.23,1202,41.58,18.0,0,0,0,0,0,0,No_Failure
7197,L54196,L,299.43,308.75,1601,60.77,171.1,0,0,0,0,0,0,No_Failure
7198,H54197,H,300.65,310.47,1376,39.22,149.9,0,0,0,0,0,0,No_Failure
7199,M54198,M,297.18,306.2,1708,60.01,54.2,0,0,1,0,0,1,PWF
7200,M54199,M,301.1,308.99,1403,40.82,216.0,0,0,0,0,0,0,No_Failure
7201,L54200,L,297.18,305.64,1386,33.33,187.6,0,0,0,0,0,0,No_Failure
7202,L54201,L,302.59,313.96,1209,29.45,106.7,0,0,0,0,0,0,No_Failure
7203,L54202,L,301.03,312.88,1570,31.23,245.1,0,0,0,0,0,0,No_Failure
7204,H54203,H,303.83,314.58,1589,44.29,171.2,0,0,0,0,0,0,No_Failure
7205,M54204,M,301.34,311.28,1669,41.29,235.3,1,0,0,0,0,1,TWF
7206,L54205,L,299.39,308.0,1618,21.61,184.4,0,0,0,0,0,0,No_Failure
7207,M54206,M,298.4,308.24,1572,50.2,179.8,0,0,0,0,0,0,No_Failure
7208,L54207,L,300.48,311.09,1607,54.77,55.1,0,0,1,0,0,1,PWF
7209,L54208,L,299.94,310.77,1625,21.51,106.0,0,0,0,0,0,0,No_Failure
7210,M54209,M,302.37,313.06,1663,50.12,160.9,0,0,0,0,0,0,No_Failure
7211,M54210,M,298.14,309.35,1225,56.83,209.5,0,1,0,0,0,1,HDF
7212,M54211,M,304.04,315.98,1417,22.04,230.5,1,0,1,0,0,1,TWF
7213,M54212,M,302.55,312.14,1208,35.33,20.7,0,0,0,0,0,0,No_Failure
7214,M54213,M,299.59,312.4,1560,31.5,180.8,0,0,0,0,0,0,No_Failure
7215,H54214,H,303.6,311.58,1793,49.74,67.3,0,0,0,0,0,0,No_Failure
7216,L54215,L,298.43,307.66,1661,35.85,179.6,0,0,0,0,0,0,No_Failure
7217,M54216,M,300.41,310.61,1391,35.45,80.3,0,0,0,0,0,0,No_Failure
7218,M54217,M,297.45,308.0,1591,44.21,144.4,0,0,0,0,0,0,No_Failure
7219,L54218,L,303.69,313.51,1563,55.6,133.3,0,0,0,0,0,0,No_Failure
7220,L54219,L,296.71,306.21,1542,39.38,220.6,0,0,0,0,0,0,No_Failure
7221,L54220,L,297.12,309.32,1265,35.29,165.4,0,0,0,0,0,0,No_Failure
7222,L54221,L,298.73,308.19,1737,37.16,61.5,0,0,0,0,0,0,No_Failure
7223,M54222,M,302.64,311.63,1288,46.58,159.1,0,0,0,0,0,0,No_Failure
7224,L54223,L,301.91,313.6,1434,26.69,162.1,0,0,0,0,0,0,No_Failure
7225,M54224,M,300.24,311.09,1673,39.84,92.2,0,0,0,0,0,0,No_Failure
7226,L54225,L,302.04,313.13,1433,30.62,66.5,0,0,0,0,0,0,No_Failure
7227,L54226,L,299.77,309.97,1514,27.97,230.1,1,0,0,0,0,1,TWF
7228,L54227,L,300.84,309.47,1522,20.55,38.9,0,0,1,0,0,1,PWF
7229,L54228,L,303.3,313.39,1512,34.85,35.9,0,0,0,0,0,0,No_Failure
7230,H54229,H,299.51,307.99,1521,50.79,149.1,0,0,0,0,0,0,No_Failure
7231,L54230,L,298.47,308.71,1539,20.17,78.0,0,0,0,0,0,0,No_Failure
7232,L54231,L,300.94,311.59,1513,45.43,127.6,0,0,0,0,0,0,No_Failure
7233,L54232,L,301.48,312.56,1339,33.51,67.7,0,0,0,0,0,0,No_Failure
7234,L54233,L,300.22,310.13,1221,29.37,93.1,0,0,0,0,0,0,No_Failure
7235,M54234,M,302.01,312.75,1680,43.44,103.3,0,0,0,0,0,0,No_Failure
7236,M54235,M,299.6,308.69,1688,53.11,142.2,0,0,0,0,0,0,No_Failure
7237,L54236,L,300.26,311.22,1561,54.98,19.9,0,0,0,0,0,0,No_Failure
7238,M54237,M,300.75,311.42,1559,42.84,109.3,0,0,0,0,0,0,No_Failure
7239,L54238,L,300.57,309.77,1335,39.3,173.9,0,0,0,0,0,0,No_Failure
7240,H54239,H,303.23,313.76,1061,43.92,179.4,0,0,0,0,0,0,No_Failure
7241,M54240,M,300.74,311.83,1455,64.77,68.5,0,0,1,0,0,1,PWF
7242,L54241,L,299.39,309.47,1158,37.07,137.5,0,0,0,0,0,0,No_Failure
7243,M54242,M,301.06,310.23,1533,51.35,97.2,0,0,0,0,0,0,No_Failure
7244,H54243,H,302.02,312.2,1735,34.08,9.3,0,0,0,0,0,0,No_Failure
7245,L54244,L,301.55,312.1,1389,31.69,109.3,0,0,0,0,0,0,No_Failure
7246,H54245,H,301.44,310.61,1399,57.69,170.4,0,0,0,0,0,0,No_Failure
7247,H54246,H,297.0,306.0,1319,40.03,239.2,0,0,0,0,0,0,No_Failure
7248,L54247,L,295.01,305.54,1508,42.25,28.4,0,0,0,0,0,0,No_Failure
7249,M54248,M,302.55,313.37,1494,45.47,108.1,0,0,0,0,0,0,No_Failure
7250,M54249,M,300.88,313.03,1317,31.07,238.1,0,0,0,0,0,0,No_Failure
7251,M54250,M,299.96,310.62,1664,35.62,118.8,0,0,0,0,0,0,No_Failure
7252,M54251,M,301.39,310.18,1986,33.58,226.1,0,0,0,0,0,0,No_Failure
7253,H54252,H,303.85,315.89,1714,43.32,172.6,0,0,0,0,0,0,No_Failure
7254,M54253,M,302.83,313.88,1480,43.67,219.1,0,0,0,0,0,0,No_Failure
7255,M54254,M,301.92,309.92,1478,33.99,191.8,0,0,0,0,0,0,No_Failure
7256,L54255,L,298.23,307.2,1408,60.28,18.3,0,0,0,0,0,0,No_Failure
7257,L54256,L,298.49,307.99,1404,39.73,192.9,0,0,0,0,0,0,No_Failure
7258,H54257,H,295.23,306.07,1672,41.03,32.3,0,0,0,0,0,0,No_Failure
7259,M54258,M,301.27,308.89,1680,53.43,189.4,0,0,1,0,0,1,PWF
7260,L54259,L,302.22,312.1,1289,31.25,106.0,0,0,0,0,0,0,No_Failure
7261,H54260,H,302.38,313.16,1566,34.79,173.2,0,0,0,0,0,0,No_Failure
7262,H54261,H,301.35,308.52,1700,42.86,15.3,0,0,0,0,0,0,No_Failure
7263,M54262,M,299.69,310.44,1437,25.24,28.8,0,0,0,0,0,0,No_Failure
7264,L54263,L,298.87,309.74,1462,37.63,27.0,0,0,0,0,0,0,No_Failure
7265,M54264,M,298.35,307.5,1625,60.51,95.0,0,0,1,0,0,1,PWF
7266,L54265,L,299.67,308.52,1630,58.29,42.9,0,0,1,0,0,1,PWF
7267,L54266,L,298.04,307.18,1577,48.97,2.0,0,0,0,0,0,0,No_Failure
7268,M54267,M,303.51,310.84,1546,51.83,222.4,1,0,0,0,0,1,TWF
7269,H54268,H,297.4,307.07,1570,44.93,190.2,0,0,0,0,0,0,No_Failure
7270,L54269,L,299.61,309.83,1450,35.68,143.8,0,0,0,0,0,0,No_Failure
7271,H54270,H,296.13,304.91,1299,56.44,183.2,0,0,0,0,0,0,No_Failure
7272,H54271,H,300.59,311.57,1220,30.51,76.5,0,0,0,0,0,0,No_Failure
7273,L54272,L,300.0,310.1,1607,49.68,178.5,0,0,0,0,0,0,No_Failure
7274,L54273,L,299.29,309.55,1519,34.91,131.6,0,0,0,0,0,0,No_Failure
7275,M54274,M,298.13,307.73,1582,35.51,22.5,0,0,0,0,0,0,No_Failure
7276,M54275,M,300.0,310.75,1351,45.39,168.1,0,0,0,0,0,0,No_Failure
7277,L54276,L,298.91,310.2,1518,60.34,251.4,0,0,0,0,0,0,No_Failure
7278,M54277,M,299.73,309.32,1514,54.29,64.8,0,0,0,0,0,0,No_Failure
7279,M54278,M,303.91,314.68,1730,43.39,1.2,0,0,0,0,0,0,No_Failure
7280,M54279,M,300.34,311.12,1653,40.63,189.9,0,0,0,0,0,0,No_Failure
7281,M54280,M,301.07,311.48,1367,47.81,70.5,0,0,0,0,0,0,No_Failure
7282,L54281,L,299.07,310.75,1591,53.65,102.5,0,0,0,0,0,0,No_Failure
7283,L54282,L,298.43,307.7,1366,22.39,2.0,0,0,0,0,0,0,No_Failure
7284,L54283,L,299.95,309.53,1030,38.73,16.3,0,0,0,0,0,0,No_Failure
7285,H54284,H,305.01,314.23,1811,29.48,179.4,0,0,0,0,0,0,No_Failure
7286,H54285,H,299.43,310.15,1433,37.81,243.9,0,0,0,0,0,0,No_Failure
7287,M54286,M,300.72,310.45,1687,27.42,149.4,0,0,0,0,0,0,No_Failure
7288,L54287,L,298.34,307.65,1381,21.94,213.1,0,0,1,0,0,1,PWF
7289,M54288,M,294.49,306.15,1355,26.81,52.1,0,0,0,0,0,0,No_Failure
7290,L54289,L,298.42,310.23,1402,34.46,17.1,0,0,0,0,0,0,No_Failure
7291,L54290,L,304.76,314.43,1545,45.87,87.8,0,0,0,0,0,0,No_Failure
7292,L54291,L,301.19,309.82,1532,31.86,52.7,0,0,0,0,0,0,No_Failure
7293,H54292,H,303.28,315.15,1590,31.34,156.0,0,0,0,0,0,0,No_Failure
7294,L54293,L,299.3,309.78,1411,43.96,241.9,0,0,0,0,0,0,No_Failure
7295,M54294,M,295.29,305.71,1507,42.87,58.5,0,0,0,0,0,0,No_Failure
7296,H54295,H,297.78,307.89,1348,57.02,228.2,0,0,0,0,0,0,No_Failure
7297,M54296,M,300.79,309.99,1764,49.35,135.9,0,0,0,0,0,0,No_Failure
7298,L54297,L,300.48,310.06,1263,29.74,25.8,0,0,0,0,0,0,No_Failure
7299,H54298,H,299.98,310.66,1352,33.29,135.6,0,0,0,0,0,0,No_Failure
7300,M54299,M,298.94,308.49,1424,47.46,118.2,0,0,0,0,0,0,No_Failure
7301,L54300,L,301.88,312.31,1930,31.13,189.5,0,0,0,0,0,0,No_Failure
7302,M54301,M,299.0,309.01,1638,36.76,189.4,0,0,0,0,0,0,No_Failure
7303,H54302,H,300.62,309.56,1346,22.9,162.2,0,0,1,0,0,1,PWF
7304,L54303,L,300.39,312.01,1648,26.93,169.0,0,0,0,0,0,0,No_Failure
7305,M54304,M,299.26,309.86,1593,52.59,153.6,0,0,0,0,0,0,No_Failure
7306,L54305,L,298.24,308.57,1549,41.67,59.9,0,0,0,0,0,0,No_Failure
7307,L54306,L,299.15,309.7,1625,33.71,234.2,0,0,0,0,0,0,No_Failure
7308,M54307,M,303.75,311.95,1510,35.11,53.6,0,0,0,0,0,0,No_Failure
7309,L54308,L,302.22,311.73,1531,57.15,150.6,0,0,0,0,0,0,No_Failure
7310,L54309,L,302.04,310.51,1220,33.43,195.8,0,1,0,0,0,1,HDF
7311,L54310,L,298.43,308.55,1760,44.73,21.2,0,0,0,0,0,0,No_Failure
7312,L54311,L,297.12,307.45,1419,48.71,113.9,0,0,0,0,0,0,No_Failure
7313,L54312,L,302.19,312.33,1277,54.45,7.6,0,0,0,0,0,0,No_Failure
7314,M54313,M,301.81,312.99,1409,31.49,57.2,0,0,0,0,0,0,No_Failure
7315,L54314,L,300.27,308.78,1416,26.01,160.9,0,0,0,0,0,0,No_Failure
7316,L54315,L,299.26,308.46,1356,28.96,231.1,0,0,0,0,0,0,No_Failure
7317,H54316,H,297.07,307.49,1640,47.31,77.0,0,0,0,0,0,0,No_Failure
7318,H54317,H,301.73,312.0,1675,59.92,211.2,0,0,1,0,0,1,PWF
7319,L54318,L,302.37,311.06,1147,47.66,132.8,0,0,0,0,0,0,No_Failure
7320,L54319,L,298.64,309.84,1407,33.41,192.5,0,0,0,0,0,0,No_Failure
7321,L54320,L,298.47,310.02,1420,51.88,205.0,0,0,0,0,0,0,No_Failure
7322,L54321,L,302.48,312.91,1469,35.31,160.9,0,0,0,0,0,0,No_Failure
7323,L54322,L,298.72,307.21,1807,31.68,106.9,0,0,0,0,0,0,No_Failure
7324,H54323,H,303.56,313.72,1354,36.69,147.8,0,0,0,0,0,0,No_Failure
7325,M54324,M,299.78,310.12,1781,34.19,174.9,0,0,0,0,0,0,No_Failure
7326,L54325,L,299.23,308.96,1474,32.98,217.9,0,0,0,0,0,0,No_Failure
7327,H54326,H,300.09,311.44,1783,52.22,138.7,0,0,0,0,0,0,No_Failure
7328,L54327,L,299.23,309.11,1444,34.84,221.0,0,0,0,0,0,0,No_Failure
7329,L54328,L,302.25,314.36,1423,24.13,98.3,0,0,0,0,0,0,No_Failure
7330,L54329,L,301.77,312.55,1496,45.86,192.1,0,0,0,0,0,0,No_Failure
7331,L54330,L,302.18,312.45,1733,30.45,154.2,0,0,0,0,0,0,No_Failure
7332,H54331,H,300.37,311.29,1528,30.78,19.6,0,0,0,0,0,0,No_Failure
7333,L54332,L,299.09,310.62,1538,47.01,127.0,0,0,0,0,0,0,No_Failure
7334,M54333,M,299.98,310.88,1615,32.75,193.2,0,0,0,0,0,0,No_Failure
7335,L54334,L,299.15,309.07,1342,35.47,170.1,0,0,0,0,0,0,No_Failure
7336,H54335,H,302.93,312.27,1561,40.42,142.6,0,0,0,0,0,0,No_Failure
7337,M54336,M,302.0,310.88,1387,37.14,200.6,0,0,0,0,0,0,No_Failure
7338,L54337,L,299.82,307.38,1765,35.71,228.5,0,0,0,0,0,0,No_Failure
7339,L54338,L,298.15,308.32,1575,16.57,36.3,0,0,1,0,0,1,PWF
7340,H54339,H,303.08,312.69,1625,38.27,64.6,0,0,0,0,0,0,No_Failure
7341,M54340,M,300.27,309.94,1133,56.13,250.2,1,0,0,0,0,1,TWF
7342,L54341,L,299.74,310.77,1627,46.3,61.1,0,0,0,0,0,0,No_Failure
7343,H54342,H,303.1,312.99,1468,36.24,209.3,1,0,0,0,0,1,TWF
7344,L54343,L,298.98,310.88,1241,44.7,134.6,0,0,0,0,0,0,No_Failure
7345,L54344,L,299.36,308.79,1517,46.27,97.4,0,0,0,0,0,0,No_Failure
7346,M54345,M,299.54,308.57,1227,31.58,184.0,0,0,0,0,0,0,No_Failure
7347,L54346,L,297.37,306.11,1610,52.57,190.6,0,0,0,0,0,0,No_Failure
7348,L54347,L,300.63,311.35,1758,41.63,68.8,0,0,0,0,0,0,No_Failure
7349,L54348,L,298.48,309.63,1178,36.88,2.8,0,0,0,0,0,0,No_Failure
7350,L54349,L,298.86,308.26,1495,55.9,196.9,0,0,0,0,0,0,No_Failure
7351,L54350,L,298.59,307.53,1470,19.32,174.4,0,0,0,0,0,0,No_Failure
7352,L54351,L,298.83,310.36,1142,28.24,30.5,0,0,1,0,0,1,PWF
7353,H54352,H,298.32,306.87,1665,46.42,9.3,0,0,0,0,0,0,No_Failure
7354,M54353,M,300.49,311.5,1613,46.74,167.1,0,0,0,0,0,0,No_Failure
7355,L54354,L,299.69,309.12,1865,56.47,152.1,0,0,1,0,0,1,PWF
7356,L54355,L,300.1,310.49,1589,17.44,193.1,0,0,1,0,0,1,PWF
7357,M54356,M,304.71,315.78,1342,48.59,220.9,0,0,0,0,0,0,No_Failure
7358,L54357,L,299.69,310.17,1593,27.55,168.0,0,0,0,0,0,0,No_Failure
7359,L54358,L,301.21,310.91,1731,44.19,160.8,0,0,0,0,0,0,No_Failure
7360,M54359,M,301.44,312.83,1416,39.35,131.7,0,1,0,0,0,1,HDF
7361,L54360,L,299.87,310.16,1653,48.5,143.3,0,0,0,0,0,0,No_Failure
7362,M54361,M,300.55,314.23,1076,37.65,246.4,1,0,0,0,0,1,TWF
7363,H54362,H,300.04,308.34,1766,50.11,11.8,0,0,0,0,0,0,No_Failure
7364,H54363,H,300.41,308.69,1644,31.72,137.5,0,0,0,0,0,0,No_Failure
7365,L54364,L,298.83,309.82,1042,39.19,62.6,0,0,0,0,0,0,No_Failure
7366,L54365,L,299.01,308.98,1569,41.93,183.5,0,0,0,0,0,0,No_Failure
7367,L54366,L,300.03,310.83,1142,56.77,189.4,0,0,0,0,0,0,No_Failure
7368,M54367,M,296.06,304.96,1390,48.33,67.1,0,0,0,0,1,1,RNF
7369,H54368,H,302.99,313.05,1622,42.04,191.9,0,0,0,0,0,0,No_Failure
7370,H54369,H,304.32,314.78,1476,46.4,162.9,0,0,0,0,0,0,No_Failure
7371,L54370,L,300.34,309.8,1726,50.86,239.5,0,0,0,0,0,0,No_Failure
7372,H54371,H,301.33,311.56,1511,43.75,206.3,0,0,0,0,0,0,No_Failure
7373,M54372,M,302.16,310.8,1493,29.75,195.3,0,0,0,0,0,0,No_Failure
7374,H54373,H,297.35,307.75,1698,46.28,35.5,0,0,0,0,0,0,No_Failure
7375,M54374,M,301.86,313.3,1439,39.72,249.6,1,0,0,0,0,1,TWF
7376,L54375,L,299.15,307.91,1495,36.47,201.4,0,0,0,0,0,0,No_Failure
7377,L54376,L,304.58,313.28,1519,32.15,213.2,0,0,0,0,0,0,No_Failure
7378,H54377,H,299.62,310.81,1488,45.79,190.2,0,0,0,0,0,0,No_Failure
7379,L54378,L,301.82,310.5,1709,45.12,216.2,0,0,0,0,0,0,No_Failure
7380,L54379,L,299.64,310.48,1380,30.44,154.0,0,0,0,0,0,0,No_Failure
7381,L54380,L,304.39,314.45,1351,28.94,3.3,0,0,0,0,0,0,No_Failure
7382,L54381,L,298.98,308.56,1309,58.92,117.3,0,0,0,0,0,0,No_Failure
7383,H54382,H,302.33,313.8,1114,48.61,62.8,0,0,0,0,0,0,No_Failure
7384,L54383,L,301.25,312.18,1767,40.87,78.7,0,0,0,0,0,0,No_Failure
7385,L54384,L,300.81,311.09,1338,46.06,69.7,0,0,0,0,0,0,No_Failure
7386,M54385,M,300.46,308.31,1457,35.32,159.7,0,0,0,0,0,0,No_Failure
7387,M54386,M,298.67,309.38,1780,38.28,199.4,0,0,1,0,0,1,PWF
7388,L54387,L,294.83,303.76,1474,40.21,220.0,0,0,0,0,0,0,No_Failure
7389,L54388,L,302.15,311.93,1593,49.64,221.1,0,0,0,0,0,0,No_Failure
7390,L54389,L,299.02,309.03,1244,25.87,5.1,0,0,0,0,0,0,No_Failure
7391,L54390,L,302.34,314.24,1752,29.8,190.8,0,0,0,0,0,0,No_Failure
7392,L54391,L,300.7,310.45,1478,27.75,235.3,1,0,0,0,0,1,TWF
7393,L54392,L,302.4,310.98,1317,48.53,195.7,0,0,0,0,0,0,No_Failure
7394,M54393,M,301.6,313.07,1317,38.99,29.5,0,0,0,0,0,0,No_Failure
7395,H54394,H,295.07,305.8,1804,30.84,242.2,0,0,0,0,0,0,No_Failure
7396,H54395,H,301.23,311.99,1394,37.78,127.0,0,0,0,0,0,0,No_Failure
7397,L54396,L,299.31,310.8,1321,33.68,145.3,0,0,0,0,0,0,No_Failure
7398,L54397,L,302.33,314.05,1422,25.65,71.6,0,0,1,0,0,1,PWF
7399,H54398,H,301.18,310.29,1508,52.6,214.2,0,0,0,0,0,0,No_Failure
7400,M54399,M,301.21,309.81,1527,38.51,221.9,0,0,0,0,0,0,No_Failure
7401,M54400,M,299.46,310.3,1580,52.83,206.4,0,0,0,0,0,0,No_Failure
7402,L54401,L,298.17,307.91,1542,25.51,52.4,0,0,0,0,0,0,No_Failure
7403,L54402,L,299.13,308.96,1616,45.04,32.2,0,0,0,0,0,0,No_Failure
7404,M54403,M,296.4,305.28,1451,25.57,247.0,0,0,0,0,0,0,No_Failure
7405,M54404,M,298.82,309.4,1873,64.45,220.7,0,0,0,1,0,1,OSF
7406,L54405,L,297.07,307.47,1412,22.71,216.7,0,0,0,0,0,0,No_Failure
7407,H54406,H,297.12,306.97,1743,57.96,197.3,0,0,0,0,0,0,No_Failure
7408,M54407,M,300.23,308.84,1392,39.8,27.0,0,0,0,0,0,0,No_Failure
7409,M54408,M,301.07,312.28,1243,38.17,130.2,0,0,0,0,0,0,No_Failure
7410,L54409,L,299.94,310.19,1200,45.89,29.2,0,0,0,0,0,0,No_Failure
7411,M54410,M,299.0,310.12,1555,30.62,106.9,0,0,0,0,0,0,No_Failure
7412,M54411,M,298.11,306.0,1709,47.85,40.9,0,0,0,0,0,0,No_Failure
7413,L54412,L,299.37,309.42,1293,48.58,121.3,0,0,0,0,0,0,No_Failure
7414,M54413,M,298.36,307.64,1342,40.12,169.9,0,0,0,0,0,0,No_Failure
7415,M54414,M,299.87,309.91,1570,42.5,212.8,0,0,0,0,0,0,No_Failure
7416,H54415,H,296.96,307.9,1500,59.3,20.4,0,0,0,0,0,0,No_Failure
7417,L54416,L,301.4,311.77,1395,46.51,225.7,0,0,0,0,0,0,No_Failure
7418,H54417,H,298.87,308.88,1270,32.18,48.0,0,0,0,0,0,0,No_Failure
7419,L54418,L,300.75,310.77,1556,47.51,238.7,0,0,0,0,0,0,No_Failure
7420,L54419,L,301.77,310.21,1618,34.62,121.9,0,0,0,0,0,0,No_Failure
7421,L54420,L,300.66,309.75,1589,32.68,14.4,0,0,0,0,0,0,No_Failure
7422,L54421,L,301.6,312.72,1505,45.13,200.1,0,0,0,0,0,0,No_Failure
7423,L54422,L,295.87,305.36,1310,29.91,11.9,0,0,0,0,0,0,No_Failure
7424,L54423,L,299.01,310.15,1557,40.46,158.7,0,0,0,0,0,0,No_Failure
7425,M54424,M,302.21,313.03,1543,46.74,201.6,0,0,0,0,0,0,No_Failure
7426,L54425,L,301.02,311.9,1264,59.1,117.1,0,0,0,0,0,0,No_Failure
7427,H54426,H,303.7,314.03,1446,46.38,172.3,0,0,0,0,0,0,No_Failure
7428,L54427,L,303.41,312.97,1566,25.3,144.8,0,0,0,0,0,0,No_Failure
7429,M54428,M,300.6,310.45,1486,26.86,17.8,0,0,0,0,0,0,No_Failure
7430,H54429,H,299.5,310.14,1147,57.26,175.4,0,0,0,0,0,0,No_Failure
7431,H54430,H,298.08,305.96,1385,33.66,241.0,0,0,0,0,0,0,No_Failure
7432,M54431,M,299.05,310.29,1373,24.84,86.7,0,0,0,0,0,0,No_Failure
7433,M54432,M,299.18,308.68,1601,29.95,31.9,0,0,0,0,1,1,RNF
7434,L54433,L,298.81,308.73,1968,47.94,64.9,0,0,1,0,0,1,PWF
7435,L54434,L,298.16,308.09,1524,41.13,160.8,0,0,0,0,0,0,No_Failure
7436,L54435,L,300.8,310.76,1284,46.47,248.8,0,0,0,0,0,0,No_Failure
7437,L54436,L,303.39,312.08,1471,39.67,205.4,0,0,0,0,0,0,No_Failure
7438,L54437,L,301.87,312.02,1502,28.97,197.6,0,0,0,0,0,0,No_Failure
7439,L54438,L,299.36,309.95,1636,22.13,91.2,0,0,0,0,0,0,No_Failure
7440,H54439,H,302.03,309.98,1724,31.65,154.3,0,0,0,0,0,0,No_Failure
7441,H54440,H,300.69,309.39,1750,41.22,102.3,0,0,0,0,0,0,No_Failure
7442,H54441,H,299.92,310.81,1597,28.16,14.9,0,0,0,0,0,0,No_Failure
7443,M54442,M,299.79,310.5,1500,49.83,124.3,0,0,0,0,0,0,No_Failure
7444,L54443,L,299.6,309.9,1767,30.0,138.6,0,0,0,0,0,0,No_Failure
7445,L54444,L,301.3,310.62,1437,23.48,214.4,0,0,0,0,0,0,No_Failure
7446,M54445,M,300.28,310.99,1510,40.01,193.1,0,0,0,0,0,0,No_Failure
7447,M54446,M,298.54,307.34,1456,47.61,114.9,0,0,0,0,0,0,No_Failure
7448,L54447,L,298.45,308.31,1116,54.93,125.9,0,0,0,0,0,0,No_Failure
7449,L54448,L,300.61,309.31,1729,23.88,200.5,0,0,0,0,0,0,No_Failure
7450,L54449,L,300.86,310.7,1622,54.24,73.1,0,0,1,0,0,1,PWF
7451,L54450,L,299.37,308.34,1073,41.85,91.1,0,0,0,0,0,0,No_Failure
7452,L54451,L,297.74,308.49,1680,33.79,228.6,0,0,0,0,0,0,No_Failure
7453,L54452,L,302.5,312.94,1445,46.81,192.3,0,0,0,0,0,0,No_Failure
7454,M54453,M,302.08,311.51,1678,53.55,238.7,1,0,1,0,0,1,TWF
7455,H54454,H,296.03,307.12,1514,23.21,222.4,0,0,0,0,0,0,No_Failure
7456,M54455,M,302.68,311.72,1256,35.69,192.9,0,0,0,0,0,0,No_Failure
7457,M54456,M,299.58,309.55,1505,34.55,66.1,0,0,0,0,0,0,No_Failure
7458,H54457,H,300.38,309.77,1338,46.26,131.8,0,0,0,0,0,0,No_Failure
7459,L54458,L,302.28,313.02,1280,54.6,105.4,0,0,0,0,0,0,No_Failure
7460,M54459,M,303.31,313.95,1656,40.73,98.7,0,0,0,0,0,0,No_Failure
7461,L54460,L,302.01,313.31,1570,37.08,197.1,0,0,0,0,0,0,No_Failure
7462,M54461,M,300.48,310.57,1770,44.45,98.0,0,0,0,0,0,0,No_Failure
7463,L54462,L,297.25,304.29,1429,37.66,37.4,0,0,0,0,0,0,No_Failure
7464,H54463,H,295.95,305.52,1327,18.3,88.2,0,0,0,0,0,0,No_Failure
7465,H54464,H,301.76,313.32,1615,45.17,204.2,0,0,0,0,0,0,No_Failure
7466,L54465,L,302.68,312.36,1350,49.86,128.5,0,0,0,0,0,0,No_Failure
7467,L54466,L,298.37,306.45,1444,50.74,3.2,0,0,0,0,0,0,No_Failure
7468,L54467,L,299.46,309.91,1595,28.44,157.6,0,0,0,0,0,0,No_Failure
7469,M54468,M,298.89,309.41,1477,46.07,44.2,0,0,0,0,0,0,No_Failure
7470,M54469,M,298.83,308.11,1412,55.33,27.3,0,0,0,0,0,0,No_Failure
7471,L54470,L,302.15,311.9,1248,65.31,77.0,0,0,0,0,0,0,No_Failure
7472,H54471,H,300.44,309.59,1669,44.79,194.9,0,0,0,0,0,0,No_Failure
7473,L54472,L,299.54,310.06,1434,49.84,12.7,0,0,0,0,0,0,No_Failure
7474,L54473,L,305.32,315.37,1611,30.07,52.4,0,1,0,0,0,1,HDF
7475,L54474,L,297.13,305.97,1587,28.77,51.3,0,0,0,0,0,0,No_Failure
7476,M54475,M,301.1,311.09,1696,49.87,208.2,0,0,0,0,0,0,No_Failure
7477,L54476,L,297.9,307.17,1458,19.64,63.3,0,0,0,0,0,0,No_Failure
7478,L54477,L,299.69,311.15,1437,41.55,146.6,0,0,0,0,0,0,No_Failure
7479,L54478,L,300.3,311.19,1301,54.31,31.9,0,0,0,0,0,0,No_Failure
7480,H54479,H,301.69,311.57,1402,47.13,200.1,0,0,0,0,0,0,No_Failure
7481,M54480,M,299.48,309.56,1561,47.06,66.0,0,0,0,0,0,0,No_Failure
7482,H54481,H,299.27,310.28,1353,39.51,116.7,0,0,0,0,0,0,No_Failure
7483,M54482,M,299.44,309.27,1557,35.9,84.0,0,0,0,0,0,0,No_Failure
7484,M54483,M,297.84,308.6,1764,61.55,166.3,0,0,1,0,0,1,PWF
7485,L54484,L,301.26,312.74,1420,52.34,65.4,0,0,0,0,0,0,No_Failure
7486,M54485,M,300.56,310.07,1263,48.46,0.1,0,0,0,0,0,0,No_Failure
7487,L54486,L,300.87,312.52,1426,40.28,133.0,0,0,0,0,0,0,No_Failure
7488,L54487,L,299.86,311.22,1244,34.16,246.6,0,0,0,0,0,0,No_Failure
7489,L54488,L,299.61,309.86,1740,50.8,210.2,0,0,1,0,0,1,PWF
7490,L54489,L,302.35,311.91,1515,36.93,251.2,0,0,0,0,0,0,No_Failure
7491,H54490,H,302.04,312.28,1369,40.79,112.5,0,0,0,0,0,0,No_Failure
7492,H54491,H,302.83,312.59,1399,46.16,143.7,0,0,0,0,0,0,No_Failure
7493,M54492,M,300.75,309.95,1287,42.09,201.8,0,0,0,0,0,0,No_Failure
7494,L54493,L,302.71,313.24,1682,55.5,85.3,0,0,0,0,0,0,No_Failure
7495,H54494,H,299.17,308.14,1831,26.8,28.6,0,0,0,0,0,0,No_Failure
7496,M54495,M,299.6,309.26,1231,40.67,42.7,0,0,0,0,0,0,No_Failure
7497,L54496,L,302.39,312.06,1688,61.38,243.5,0,0,1,0,0,1,PWF
7498,M54497,M,301.69,310.32,1456,48.97,199.9,0,0,0,0,0,0,No_Failure
7499,M54498,M,299.42,310.08,1728,38.03,73.1,0,0,0,0,0,0,No_Failure
7500,L54499,L,297.91,307.68,1170,47.99,197.5,0,0,0,0,0,0,No_Failure
7501,M54500,M,299.59,310.89,1541,39.52,178.4,0,0,0,0,0,0,No_Failure
7502,M54501,M,298.63,308.39,1427,54.66,118.7,0,0,0,0,0,0,No_Failure
7503,L54502,L,303.45,313.04,1619,48.21,5.8,0,0,0,0,0,0,No_Failure
7504,L54503,L,301.52,310.62,1511,31.33,184.2,0,0,0,0,0,0,No_Failure
7505,M54504,M,298.47,308.51,1504,42.38,73.5,0,0,1,0,0,1,PWF
7506,M54505,M,297.91,307.95,1481,44.19,68.7,0,0,0,0,0,0,No_Failure
7507,H54506,H,298.44,309.19,1781,44.68,133.1,0,0,0,0,0,0,No_Failure
7508,H54507,H,298.88,308.95,1469,43.19,67.3,0,0,0,0,0,0,No_Failure
7509,M54508,M,299.67,311.76,1656,45.65,181.3,0,0,0,0,0,0,No_Failure
7510,M54509,M,302.23,312.69,1613,44.19,73.9,0,0,0,0,0,0,No_Failure
7511,M54510,M,298.07,307.08,1660,32.79,204.1,0,1,0,0,0,1,HDF
7512,M54511,M,304.58,313.51,1317,35.44,110.6,0,0,0,0,0,0,No_Failure
7513,L54512,L,298.11,308.65,1627,37.46,130.7,0,0,0,0,0,0,No_Failure
7514,M54513,M,297.18,306.16,1561,40.96,8.9,0,0,0,0,0,0,No_Failure
7515,M54514,M,303.38,313.97,1286,37.49,5.2,0,0,0,0,0,0,No_Failure
7516,M54515,M,302.64,313.54,1462,51.03,53.6,0,0,0,0,0,0,No_Failure
7517,H54516,H,299.64,310.56,1913,30.4,88.0,0,0,0,0,0,0,No_Failure
7518,M54517,M,300.76,309.89,1429,22.65,44.6,0,0,0,0,0,0,No_Failure
7519,L54518,L,300.81,311.73,1434,59.67,127.1,0,0,0,0,0,0,No_Failure
7520,L54519,L,300.27,310.6,1581,31.82,152.1,0,0,0,0,0,0,No_Failure
7521,L54520,L,297.41,306.8,1403,51.0,203.2,0,0,0,0,0,0,No_Failure
7522,L54521,L,295.04,304.88,1525,46.09,130.0,0,0,0,0,0,0,No_Failure
7523,L54522,L,298.31,308.78,1419,32.18,92.9,0,0,0,0,0,0,No_Failure
7524,L54523,L,303.63,312.96,1572,38.67,233.7,0,0,0,0,0,0,No_Failure
7525,L54524,L,303.71,314.01,1489,37.18,110.2,0,0,0,0,0,0,No_Failure
7526,L54525,L,299.48,310.92,1851,43.56,71.1,0,0,0,0,0,0,No_Failure
7527,M54526,M,298.08,309.05,1508,32.33,19.2,0,0,0,0,0,0,No_Failure
7528,M54527,M,300.56,310.64,1460,38.23,46.7,0,0,0,0,0,0,No_Failure
7529,L54528,L,300.88,311.11,1685,39.63,174.9,0,0,0,0,0,0,No_Failure
7530,L54529,L,301.2,310.66,1250,51.02,50.2,0,0,0,0,0,0,No_Failure
7531,L54530,L,294.95,304.44,1805,35.89,92.3,0,0,0,0,0,0,No_Failure
7532,L54531,L,306.32,314.78,1322,30.24,7.0,0,1,0,0,0,1,HDF
7533,L54532,L,302.26,312.52,1715,34.55,95.7,0,0,0,0,0,0,No_Failure
7534,L54533,L,299.6,310.29,1762,43.67,163.9,0,0,0,0,0,0,No_Failure
7535,L54534,L,298.56,308.49,1405,22.28,55.5,0,0,0,0,0,0,No_Failure
7536,H54535,H,301.97,311.1,1423,51.97,1.0,0,0,0,0,0,0,No_Failure
7537,M54536,M,300.99,311.06,1480,40.2,210.8,0,0,0,0,0,0,No_Failure
7538,H54537,H,300.18,311.53,1612,44.33,182.4,0,0,0,0,0,0,No_Failure
7539,L54538,L,300.92,311.81,1320,42.19,251.2,0,0,0,0,0,0,No_Failure
7540,L54539,L,299.77,309.75,1480,33.33,34.3,0,0,1,0,0,1,PWF
7541,H54540,H,300.8,312.85,1444,29.18,171.4,0,0,0,0,0,0,No_Failure
7542,L54541,L,301.45,314.15,1293,33.0,65.1,0,0,0,0,0,0,No_Failure
7543,M54542,M,300.69,310.21,1312,24.94,127.1,0,0,1,0,0,1,PWF
7544,H54543,H,300.58,310.34,1523,43.48,188.9,0,0,0,0,0,0,No_Failure
7545,M54544,M,302.79,313.48,1520,38.37,42.6,0,0,0,0,0,0,No_Failure
7546,L54545,L,296.81,305.89,1362,24.66,117.8,0,0,0,0,0,0,No_Failure
7547,M54546,M,298.4,309.25,1514,33.83,68.1,0,0,0,0,0,0,No_Failure
7548,L54547,L,300.05,310.15,1384,46.52,39.2,0,0,0,0,0,0,No_Failure
7549,L54548,L,298.54,308.91,1735,52.93,182.9,0,0,0,0,0,0,No_Failure
7550,L54549,L,299.21,308.63,1481,27.16,65.4,0,0,0,0,0,0,No_Failure
7551,H54550,H,302.58,311.79,1698,61.61,134.0,0,0,0,0,0,0,No_Failure
7552,M54551,M,299.7,307.72,1195,30.41,175.2,0,0,0,0,0,0,No_Failure
7553,L54552,L,296.34,307.83,1558,22.95,112.1,0,0,0,0,0,0,No_Failure
7554,L54553,L,299.15,310.09,1607,57.57,33.7,0,0,0,0,0,0,No_Failure
7555,M54554,M,300.12,310.79,1475,29.59,3.1,0,0,0,0,0,0,No_Failure
7556,H54555,H,300.08,310.43,1403,55.24,96.7,0,0,0,0,0,0,No_Failure
7557,L54556,L,301.11,308.81,1472,33.35,250.6,0,0,0,0,0,0,No_Failure
7558,L54557,L,300.95,310.2,1634,37.07,246.1,1,0,0,0,0,1,TWF
7559,H54558,H,299.72,309.47,1282,26.95,113.4,0,0,0,0,0,0,No_Failure
7560,H54559,H,297.61,306.53,1626,52.77,105.2,0,0,0,0,0,0,No_Failure
7561,H54560,H,299.12,307.42,1557,51.4,163.5,0,0,0,0,0,0,No_Failure
7562,L54561,L,298.75,307.78,1453,33.4,210.6,0,0,0,0,0,0,No_Failure
7563,L54562,L,299.43,309.48,1461,39.25,146.3,0,0,0,0,0,0,No_Failure
7564,L54563,L,301.38,311.43,1511,46.62,183.2,0,0,0,0,0,0,No_Failure
7565,L54564,L,300.81,311.72,1799,35.29,6.1,0,0,0,0,0,0,No_Failure
7566,H54565,H,301.65,313.71,1563,53.64,222.3,1,0,0,0,0,1,TWF
7567,L54566,L,299.23,309.92,1330,38.94,136.3,0,0,0,0,0,0,No_Failure
7568,M54567,M,303.02,312.84,1422,34.81,124.6,0,0,0,0,0,0,No_Failure
7569,H54568,H,301.35,313.15,1294,24.17,54.7,0,0,1,0,0,1,PWF
7570,H54569,H,300.22,308.64,1160,27.06,34.4,0,1,0,0,0,1,HDF
7571,M54570,M,301.21,309.13,1291,45.89,93.1,0,0,0,0,0,0,No_Failure
7572,H54571,H,298.65,307.76,1522,42.35,232.8,0,0,0,0,0,0,No_Failure
7573,L54572,L,295.78,306.59,1729,48.16,141.5,0,0,0,0,0,0,No_Failure
7574,L54573,L,298.79,308.96,1679,34.37,104.2,0,0,0,0,0,0,No_Failure
7575,L54574,L,301.49,310.37,1292,23.59,35.2,0,0,1,0,0,1,PWF
7576,H54575,H,300.16,309.43,1356,35.04,15.7,0,0,0,0,0,0,No_Failure
7577,H54576,H,299.73,308.48,1331,60.38,153.4,0,0,0,0,0,0,No_Failure
7578,L54577,L,298.3,307.06,1035,30.35,242.4,0,0,1,0,0,1,PWF
7579,L54578,L,296.09,307.64,1470,39.64,113.3,0,0,0,0,0,0,No_Failure
7580,L54579,L,302.85,312.71,1645,15.86,60.0,0,0,1,0,0,1,PWF
7581,L54580,L,299.58,311.35,1455,34.8,95.3,0,0,0,0,0,0,No_Failure
7582,H54581,H,299.14,308.25,1272,35.86,129.1,0,0,0,0,0,0,No_Failure
7583,L54582,L,298.66,309.15,1348,43.32,190.7,0,0,0,0,0,0,No_Failure
7584,M54583,M,302.51,312.74,1441,36.82,114.7,0,0,0,0,0,0,No_Failure
7585,M54584,M,301.76,312.64,1639,24.81,234.4,0,0,0,0,0,0,No_Failure
7586,L54585,L,298.07,308.32,1467,33.36,162.1,0,0,0,0,0,0,No_Failure
7587,L54586,L,302.33,313.31,1614,37.96,30.5,0,0,0,0,0,0,No_Failure
7588,H54587,H,299.71,310.26,1485,30.04,28.9,0,0,0,0,0,0,No_Failure
7589,M54588,M,298.78,307.69,1543,31.49,139.5,0,0,0,0,0,0,No_Failure
7590,L54589,L,299.41,310.15,1331,50.05,203.1,0,0,0,0,0,0,No_Failure
7591,L54590,L,298.43,308.33,1377,33.75,134.9,0,0,0,0,0,0,No_Failure
7592,H54591,H,297.36,306.58,1274,44.4,203.4,1,0,0,0,0,1,TWF
7593,H54592,H,301.55,312.25,1608,38.23,20.3,0,0,0,0,0,0,No_Failure
7594,H54593,H,299.56,310.48,1448,27.7,83.2,0,0,0,0,0,0,No_Failure
7595,M54594,M,301.23,310.75,900,36.67,12.2,0,0,0,0,0,0,No_Failure
7596,H54595,H,300.57,310.22,1587,42.91,90.1,0,0,0,0,0,0,No_Failure
7597,L54596,L,301.1,309.71,1675,57.37,143.9,0,0,1,0,0,1,PWF
7598,M54597,M,295.91,304.1,1354,32.28,234.2,0,1,0,0,0,1,HDF
7599,L54598,L,298.27,308.02,1586,39.15,116.4,0,0,0,0,0,0,No_Failure
7600,M54599,M,301.14,311.93,1462,49.09,95.0,0,0,0,0,0,0,No_Failure
7601,H54600,H,297.45,306.88,1119,52.61,171.9,0,0,0,0,0,0,No_Failure
7602,H54601,H,300.75,312.17,1852,33.51,181.7,0,0,0,0,0,0,No_Failure
7603,M54602,M,297.22,307.01,1463,38.44,43.3,0,0,0,0,0,0,No_Failure
7604,M54603,M,300.03,309.83,1536,51.13,177.2,0,0,0,0,0,0,No_Failure
7605,H54604,H,303.22,312.93,1388,45.11,136.5,0,0,0,0,0,0,No_Failure
7606,H54605,H,301.55,312.53,1447,50.33,128.8,0,0,0,0,0,0,No_Failure
7607,M54606,M,296.3,305.34,1529,51.71,248.3,0,0,0,0,0,0,No_Failure
7608,L54607,L,301.7,311.57,1312,45.54,195.1,0,0,0,0,0,0,No_Failure
7609,L54608,L,303.64,313.1,1805,41.44,206.2,0,0,0,0,0,0,No_Failure
7610,H54609,H,305.59,315.03,1651,33.29,207.8,0,0,0,0,0,0,No_Failure
7611,M54610,M,300.95,310.99,1593,37.56,163.8,0,0,0,0,0,0,No_Failure
7612,M54611,M,297.27,307.16,1474,38.22,6.5,0,0,0,0,0,0,No_Failure
7613,M54612,M,300.87,311.92,1363,51.99,93.2,0,0,0,0,0,0,No_Failure
7614,L54613,L,303.19,313.18,1685,41.76,194.0,0,0,0,0,0,0,No_Failure
7615,L54614,L,299.63,310.18,1610,41.86,45.5,0,0,0,0,0,0,No_Failure
7616,H54615,H,302.09,312.26,1428,30.06,242.2,1,0,0,0,0,1,TWF
7617,L54616,L,298.32,309.72,1305,52.04,1.8,0,0,0,0,0,0,No_Failure
7618,M54617,M,300.74,310.44,1216,32.33,141.3,0,0,0,0,0,0,No_Failure
7619,M54618,M,295.02,304.72,1505,37.15,21.4,0,0,0,0,0,0,No_Failure
7620,H54619,H,298.1,308.84,1455,53.09,192.4,0,0,0,0,0,0,No_Failure
7621,L54620,L,299.99,309.67,1713,48.87,156.1,0,0,0,0,0,0,No_Failure
7622,M54621,M,299.27,309.77,1679,31.5,102.4,0,0,0,0,0,0,No_Failure
7623,L54622,L,297.4,309.74,1507,29.21,25.6,0,0,0,0,0,0,No_Failure
7624,L54623,L,299.0,308.02,1485,37.96,114.3,0,0,0,0,0,0,No_Failure
7625,L54624,L,300.66,312.19,1293,34.24,88.5,0,0,0,0,0,0,No_Failure
7626,L54625,L,299.83,309.34,1691,25.33,47.5,0,0,0,0,0,0,No_Failure
7627,H54626,H,300.12,311.46,1490,32.47,46.5,0,0,0,0,0,0,No_Failure
7628,H54627,H,301.46,312.15,1609,12.52,214.4,0,0,0,0,0,0,No_Failure
7629,L54628,L,299.31,309.91,1712,49.04,83.2,0,0,0,0,0,0,No_Failure
7630,H54629,H,302.72,312.57,1398,48.41,25.1,0,0,0,0,0,0,No_Failure
7631,M54630,M,298.02,307.77,1351,54.1,40.0,0,0,0,0,0,0,No_Failure
7632,M54631,M,303.86,313.13,1944,43.53,167.2,0,0,0,0,0,0,No_Failure
7633,H54632,H,302.23,312.23,1607,35.52,93.5,0,0,1,0,0,1,PWF
7634,M54633,M,299.29,309.1,1450,50.23,14.3,0,0,1,0,0,1,PWF
7635,L54634,L,299.42,309.61,1723,32.99,13.9,0,0,0,0,0,0,No_Failure
7636,L54635,L,300.41,309.0,1445,26.73,15.0,0,0,0,0,0,0,No_Failure
7637,L54636,L,301.2,311.22,1559,38.53,186.5,0,0,0,0,0,0,No_Failure
7638,H54637,H,302.19,313.45,1398,44.11,215.1,1,0,0,0,0,1,TWF
7639,M54638,M,297.32,308.26,1497,31.88,213.8,0,0,0,0,0,0,No_Failure
7640,L54639,L,300.87,310.9,1451,29.52,138.0,0,0,0,0,0,0,No_Failure
7641,L54640,L,295.77,308.33,1365,35.83,99.2,0,0,0,0,0,0,No_Failure
7642,H54641,H,299.65,309.07,1544,44.12,80.3,0,0,0,0,0,0,No_Failure
7643,L54642,L,302.91,312.82,1385,38.55,188.6,0,0,0,0,0,0,No_Failure
7644,M54643,M,297.16,305.71,1604,66.36,204.4,0,0,0,0,0,0,No_Failure
7645,M54644,M,296.8,306.4,1445,38.64,237.5,0,0,0,0,0,0,No_Failure
7646,L54645,L,300.44,312.23,1190,47.51,249.2,1,0,0,1,0,1,TWF
7647,L54646,L,302.77,312.41,1612,25.51,178.4,0,0,0,0,0,0,No_Failure
7648,L54647,L,300.65,309.12,1615,45.87,48.7,0,0,0,0,0,0,No_Failure
7649,L54648,L,296.19,307.06,1906,35.38,243.4,0,0,0,0,0,0,No_Failure
7650,M54649,M,296.63,307.02,1503,39.91,31.0,0,0,0,0,0,0,No_Failure
7651,H54650,H,300.2,311.03,1533,56.87,70.6,0,0,0,0,0,0,No_Failure
7652,L54651,L,297.64,307.34,1586,36.28,210.6,0,0,0,0,0,0,No_Failure
7653,M54652,M,300.27,309.27,1684,26.92,130.4,0,0,0,0,0,0,No_Failure
7654,L54653,L,300.39,310.21,1672,28.48,61.8,0,0,0,0,0,0,No_Failure
7655,L54654,L,299.02,309.58,1557,41.73,132.5,0,0,0,0,0,0,No_Failure
7656,M54655,M,303.63,313.56,1494,41.19,194.9,0,0,0,0,0,0,No_Failure
7657,M54656,M,301.18,311.57,1652,40.77,69.3,0,0,0,0,0,0,No_Failure
7658,M54657,M,302.42,311.89,1487,27.14,126.7,0,0,0,0,0,0,No_Failure
7659,L54658,L,301.84,312.27,1268,60.26,72.7,0,0,0,0,0,0,No_Failure
7660,M54659,M,299.7,309.7,1230,54.65,100.7,0,0,0,0,0,0,No_Failure
7661,L54660,L,299.61,308.91,1447,41.3,53.6,0,0,0,0,0,0,No_Failure
7662,H54661,H,299.4,309.54,1522,24.79,179.0,0,0,0,0,0,0,No_Failure
7663,M54662,M,301.36,310.98,1945,55.84,79.5,0,0,1,0,0,1,PWF
7664,H54663,H,298.7,309.32,1478,51.37,128.2,0,0,0,0,0,0,No_Failure
7665,L54664,L,303.45,314.32,1508,41.03,203.6,0,0,0,0,0,0,No_Failure
7666,L54665,L,298.51,309.01,1427,51.99,35.8,0,0,0,0,0,0,No_Failure
7667,M54666,M,300.43,308.79,1611,35.06,167.4,0,0,0,0,0,0,No_Failure
7668,L54667,L,299.54,308.58,1550,30.4,83.6,0,0,0,0,0,0,No_Failure
7669,M54668,M,299.1,308.46,1385,41.57,123.5,0,0,0,0,0,0,No_Failure
7670,M54669,M,304.34,313.55,1318,24.47,181.2,0,0,0,0,0,0,No_Failure
7671,H54670,H,299.12,308.58,1428,28.9,233.7,0,0,0,0,0,0,No_Failure
7672,L54671,L,299.39,310.32,1348,45.44,217.7,0,0,0,0,0,0,No_Failure
7673,H54672,H,298.67,309.37,1458,42.4,227.7,0,0,0,0,0,0,No_Failure
7674,L54673,L,300.08,309.66,1525,26.18,12.6,0,0,0,0,0,0,No_Failure
7675,L54674,L,299.8,310.39,1410,35.91,106.5,0,0,0,0,0,0,No_Failure
7676,M54675,M,297.76,308.09,1762,26.62,202.7,0,0,0,0,0,0,No_Failure
7677,L54676,L,299.15,309.12,1709,35.11,205.3,0,0,0,0,0,0,No_Failure
7678,H54677,H,301.22,312.37,1459,34.02,106.2,0,0,0,0,0,0,No_Failure
7679,H54678,H,302.05,311.39,1326,49.92,72.2,0,0,0,0,0,0,No_Failure
7680,H54679,H,300.05,310.1,1495,38.43,138.8,0,0,0,0,0,0,No_Failure
7681,H54680,H,300.12,309.07,1476,37.57,188.9,0,0,0,0,0,0,No_Failure
7682,M54681,M,299.28,308.28,1489,36.08,175.0,0,0,0,0,0,0,No_Failure
7683,L54682,L,299.0,307.63,1428,22.79,63.4,0,0,1,0,0,1,PWF
7684,H54683,H,298.16,307.17,1311,39.01,0.1,0,0,0,0,0,0,No_Failure
7685,L54684,L,296.89,306.97,1506,44.83,224.2,0,0,0,0,0,0,No_Failure
7686,H54685,H,298.6,308.29,1437,42.32,112.7,0,0,0,0,0,0,No_Failure
7687,L54686,L,301.81,311.54,1453,46.93,210.6,0,0,0,0,0,0,No_Failure
7688,M54687,M,299.15,308.85,1517,47.41,220.5,0,0,0,0,0,0,No_Failure
7689,L54688,L,299.31,311.08,1488,61.98,237.5,0,0,0,0,0,0,No_Failure
7690,L54689,L,299.27,308.13,1513,28.71,89.3,0,0,0,0,0,0,No_Failure
7691,L54690,L,302.49,311.25,1429,42.35,166.9,0,0,0,0,0,0,No_Failure
7692,L54691,L,298.14,307.3,1565,43.47,150.9,0,0,0,0,0,0,No_Failure
7693,L54692,L,300.55,310.48,1371,36.8,41.5,0,0,0,0,0,0,No_Failure
7694,L54693,L,299.86,310.38,1304,33.68,110.5,0,0,0,0,0,0,No_Failure
7695,L54694,L,300.14,310.75,1340,44.99,108.9,0,0,0,0,0,0,No_Failure
7696,M54695,M,300.49,311.43,1378,44.03,48.3,0,0,0,0,0,0,No_Failure
7697,L54696,L,300.11,310.01,1268,29.47,94.9,0,0,0,0,0,0,No_Failure
7698,H54697,H,301.59,311.19,1195,22.02,110.4,0,0,0,0,0,0,No_Failure
7699,L54698,L,299.94,311.57,1591,35.08,202.3,0,0,0,0,0,0,No_Failure
7700,M54699,M,303.49,310.7,1729,33.27,217.1,0,0,0,0,0,0,No_Failure
7701,L54700,L,300.09,310.15,1600,46.03,181.4,0,0,0,0,0,0,No_Failure
7702,M54701,M,296.59,307.02,1413,30.76,203.7,0,0,0,0,0,0,No_Failure
7703,M54702,M,301.28,313.15,1191,38.22,24.9,0,0,0,0,0,0,No_Failure
7704,M54703,M,300.78,309.12,1535,22.93,140.9,0,0,0,0,0,0,No_Failure
7705,L54704,L,300.07,309.64,1211,24.49,65.5,0,0,0,0,0,0,No_Failure
7706,M54705,M,299.48,308.12,1484,32.31,105.9,0,0,0,0,0,0,No_Failure
7707,L54706,L,295.77,303.97,1356,37.49,177.9,0,0,0,0,0,0,No_Failure
7708,L54707,L,296.11,305.9,1089,31.8,239.6,0,0,0,0,0,0,No_Failure
7709,L54708,L,303.3,314.13,1766,41.43,90.3,0,0,0,0,0,0,No_Failure
7710,M54709,M,298.83,310.03,1274,22.99,146.1,0,0,0,0,0,0,No_Failure
7711,L54710,L,301.93,311.4,1436,37.85,27.1,0,0,0,0,0,0,No_Failure
7712,M54711,M,296.79,307.46,1477,37.97,172.7,0,0,0,0,0,0,No_Failure
7713,L54712,L,297.91,307.71,1415,25.52,60.2,0,0,0,0,0,0,No_Failure
7714,L54713,L,301.36,311.91,1584,42.28,118.7,0,0,0,0,0,0,No_Failure
7715,L54714,L,299.79,310.95,1367,18.31,82.4,0,0,1,0,0,1,PWF
7716,L54715,L,301.08,310.88,1569,33.15,12.8,0,0,0,0,0,0,No_Failure
7717,M54716,M,299.97,311.05,1557,47.87,187.4,0,0,0,0,0,0,No_Failure
7718,H54717,H,299.58,308.37,1252,17.75,156.7,0,0,0,0,0,0,No_Failure
7719,M54718,M,298.64,309.3,1542,46.71,206.9,0,0,0,0,0,0,No_Failure
7720,L54719,L,297.61,308.65,1310,28.34,239.4,1,0,0,0,0,1,TWF
7721,L54720,L,302.81,313.74,1290,34.1,103.9,0,0,0,0,0,0,No_Failure
7722,H54721,H,303.13,311.95,1552,54.07,191.3,0,0,0,0,0,0,No_Failure
7723,L54722,L,297.92,307.72,1426,33.73,78.4,0,0,0,0,0,0,No_Failure
7724,L54723,L,297.79,308.09,1567,56.14,109.5,0,0,0,0,0,0,No_Failure
7725,H54724,H,299.3,309.75,1569,36.95,211.5,1,0,0,0,0,1,TWF
7726,L54725,L,300.68,310.8,1243,39.15,227.3,0,0,0,0,0,0,No_Failure
7727,L54726,L,299.64,311.07,1633,48.42,95.1,0,0,0,0,0,0,No_Failure
7728,L54727,L,301.0,309.7,1551,45.44,203.1,0,0,0,0,0,0,No_Failure
7729,M54728,M,299.9,309.66,1394,41.54,193.8,0,0,0,0,0,0,No_Failure
7730,L54729,L,299.77,308.08,1476,35.37,47.2,0,0,0,0,0,0,No_Failure
7731,M54730,M,304.83,315.45,1638,24.49,158.3,0,0,0,0,0,0,No_Failure
7732,L54731,L,298.95,309.5,1442,24.98,125.5,0,0,0,0,0,0,No_Failure
7733,L54732,L,303.28,316.63,1881,53.13,15.9,0,0,1,0,0,1,PWF
7734,L54733,L,302.89,313.92,1768,56.99,138.4,0,0,1,0,0,1,PWF
7735,H54734,H,301.01,311.34,1521,41.3,247.8,0,0,0,0,0,0,No_Failure
7736,L54735,L,296.15,306.4,1459,22.26,197.3,0,0,0,0,0,0,No_Failure
7737,M54736,M,300.06,309.75,1467,32.28,50.8,0,0,0,0,0,0,No_Failure
7738,L54737,L,298.97,309.1,1392,31.78,55.9,0,0,0,0,0,0,No_Failure
7739,L54738,L,300.04,310.32,1523,34.44,80.7,0,0,0,0,0,0,No_Failure
7740,L54739,L,297.87,305.91,1624,31.15,4.6,0,0,0,0,0,0,No_Failure
7741,M54740,M,301.51,311.71,1257,45.21,18.6,0,0,0,0,0,0,No_Failure
7742,L54741,L,301.97,312.07,1616,42.47,182.0,0,0,0,0,0,0,No_Failure
7743,H54742,H,302.34,314.09,1668,55.8,138.3,0,0,0,0,0,0,No_Failure
7744,H54743,H,299.24,309.1,1603,36.11,176.1,0,0,0,0,0,0,No_Failure
7745,M54744,M,297.88,307.12,1477,42.0,181.0,0,0,0,0,0,0,No_Failure
7746,M54745,M,300.7,310.97,1596,47.41,18.6,0,0,0,0,0,0,No_Failure
7747,M54746,M,303.51,313.59,1734,50.22,239.3,0,0,1,0,0,1,PWF
7748,M54747,M,300.14,310.01,1490,27.65,245.2,0,0,0,0,0,0,No_Failure
7749,L54748,L,300.9,309.63,1504,44.05,8.6,0,0,0,0,0,0,No_Failure
7750,H54749,H,299.53,309.37,1884,41.47,17.2,0,0,0,0,0,0,No_Failure
7751,H54750,H,298.99,308.41,1555,43.03,207.4,0,0,0,0,0,0,No_Failure
7752,L54751,L,301.32,311.1,1319,40.6,153.8,0,0,0,0,0,0,No_Failure
7753,H54752,H,299.79,310.52,1657,57.13,250.9,0,0,0,0,0,0,No_Failure
7754,H54753,H,300.81,310.13,1572,31.09,62.5,0,0,0,0,0,0,No_Failure
7755,L54754,L,301.02,310.79,1382,30.5,201.3,0,0,0,0,0,0,No_Failure
7756,H54755,H,300.7,311.24,1301,31.79,132.7,0,0,0,0,0,0,No_Failure
7757,L54756,L,301.12,310.85,1543,37.1,140.5,0,0,0,0,0,0,No_Failure
7758,L54757,L,298.29,310.9,1489,42.93,52.8,0,0,0,0,0,0,No_Failure
7759,L54758,L,298.17,308.42,1276,35.44,153.5,0,0,0,0,0,0,No_Failure
7760,M54759,M,299.91,308.67,1484,50.06,103.9,0,0,0,0,0,0,No_Failure
7761,L54760,L,299.96,309.12,1473,39.96,55.8,0,0,0,0,0,0,No_Failure
7762,H54761,H,298.96,308.02,1489,39.04,211.8,0,0,0,0,0,0,No_Failure
7763,L54762,L,300.48,309.66,1588,26.7,54.2,0,0,0,0,0,0,No_Failure
7764,L54763,L,301.82,312.35,1183,58.21,76.0,0,0,0,0,0,0,No_Failure
7765,M54764,M,302.38,311.27,1300,39.53,22.0,0,0,0,0,0,0,No_Failure
7766,L54765,L,302.82,312.49,1412,56.37,171.1,0,0,0,0,0,0,No_Failure
7767,M54766,M,297.37,308.51,1739,33.78,71.8,0,0,0,0,0,0,No_Failure
7768,L54767,L,297.67,307.15,1926,48.31,242.3,0,0,1,0,0,1,PWF
7769,H54768,H,299.42,310.09,1501,34.37,187.6,0,0,0,0,0,0,No_Failure
7770,M54769,M,300.16,308.48,1508,58.19,228.0,0,0,0,0,0,0,No_Failure
7771,L54770,L,299.52,309.15,1060,51.21,49.7,0,0,0,0,0,0,No_Failure
7772,L54771,L,298.89,308.01,1663,48.5,161.9,0,0,0,0,0,0,No_Failure
7773,L54772,L,299.39,309.69,1581,32.75,222.6,0,0,0,0,0,0,No_Failure
7774,H54773,H,300.97,309.93,1551,59.07,243.3,1,0,0,0,0,1,TWF
7775,M54774,M,297.34,309.41,1276,60.38,164.5,0,0,0,0,0,0,No_Failure
7776,L54775,L,304.69,313.05,1856,36.2,239.7,1,0,0,0,0,1,TWF
7777,L54776,L,300.04,311.18,1774,41.62,37.3,0,0,0,0,0,0,No_Failure
7778,H54777,H,302.1,312.98,1553,49.27,10.3,0,0,0,0,0,0,No_Failure
7779,L54778,L,298.84,309.15,1679,20.28,117.7,0,0,0,0,0,0,No_Failure
7780,M54779,M,301.15,311.2,1509,51.46,80.3,0,0,0,0,0,0,No_Failure
7781,M54780,M,300.2,312.06,1648,50.24,234.3,0,0,0,0,0,0,No_Failure
7782,L54781,L,301.71,314.18,1265,34.37,4.1,0,1,0,0,0,1,HDF
7783,M54782,M,299.6,309.4,1091,18.08,80.2,0,0,0,0,0,0,No_Failure
7784,L54783,L,303.1,313.26,1271,43.33,88.5,0,0,0,0,0,0,No_Failure
7785,L54784,L,297.02,306.46,1355,28.66,180.4,0,0,0,0,0,0,No_Failure
7786,H54785,H,301.9,310.73,1384,24.12,0.5,0,0,1,0,0,1,PWF
7787,M54786,M,300.24,310.7,1581,43.71,215.0,1,0,0,0,0,1,TWF
7788,H54787,H,297.96,308.21,1454,53.18,236.4,0,0,0,0,0,0,No_Failure
7789,M54788,M,303.9,312.29,1495,37.81,122.5,0,0,0,0,0,0,No_Failure
7790,L54789,L,303.7,314.15,1287,51.85,27.4,0,0,0,0,0,0,No_Failure
7791,M54790,M,295.85,306.14,1271,46.64,12.8,0,0,0,0,0,0,No_Failure
7792,M54791,M,300.35,309.75,1507,26.27,65.4,0,0,0,0,0,0,No_Failure
7793,L54792,L,301.41,310.74,1402,34.46,34.0,0,0,0,0,0,0,No_Failure
7794,L54793,L,300.88,311.31,1501,50.79,127.2,0,0,0,0,0,0,No_Failure
7795,M54794,M,303.03,314.64,1598,34.38,103.8,0,0,0,0,0,0,No_Failure
7796,M54795,M,302.62,313.01,1795,48.19,48.5,0,0,1,0,0,1,PWF
7797,L54796,L,300.53,311.31,1496,35.9,210.8,0,0,0,0,0,0,No_Failure
7798,H54797,H,304.55,313.72,1826,47.21,151.9,0,0,1,0,0,1,PWF
7799,L54798,L,301.87,311.46,1573,44.29,158.5,0,0,0,0,0,0,No_Failure
7800,L54799,L,299.3,309.91,1624,37.52,172.9,0,0,0,0,0,0,No_Failure
7801,L54800,L,298.9,307.54,1690,46.93,218.8,0,0,0,0,0,0,No_Failure
7802,H54801,H,302.49,312.69,1630,18.4,170.8,0,0,1,0,0,1,PWF
7803,L54802,L,298.41,308.91,1356,29.14,33.6,0,0,0,0,0,0,No_Failure
7804,L54803,L,299.18,309.14,1695,35.36,96.9,0,0,0,0,0,0,No_Failure
7805,L54804,L,299.52,309.84,1433,51.73,132.0,0,0,0,0,0,0,No_Failure
7806,M54805,M,300.71,310.77,1554,25.54,46.9,0,0,0,0,0,0,No_Failure
7807,M54806,M,299.61,308.99,1524,39.65,237.9,1,0,0,0,0,1,TWF
7808,L54807,L,297.37,306.19,1706,43.17,63.8,0,0,0,0,0,0,No_Failure
7809,H54808,H,302.32,312.23,1571,42.48,195.3,1,0,0,0,0,1,TWF
7810,L54809,L,299.19,310.5,1250,39.01,240.8,0,0,0,0,0,0,No_Failure
7811,L54810,L,304.04,315.06,1876,33.79,69.5,0,0,0,0,0,0,No_Failure
7812,M54811,M,300.61,310.26,1650,37.53,115.3,0,0,0,0,0,0,No_Failure
7813,M54812,M,302.53,312.17,1401,49.75,62.9,0,0,0,0,0,0,No_Failure
7814,L54813,L,301.26,310.82,1295,33.12,208.1,0,0,0,0,0,0,No_Failure
7815,M54814,M,302.63,312.19,1671,18.41,201.2,0,0,1,0,0,1,PWF
7816,L54815,L,301.14,311.43,1317,44.66,226.0,0,0,0,0,0,0,No_Failure
7817,M54816,M,300.47,311.53,1644,54.96,15.9,0,0,0,0,0,0,No_Failure
7818,M54817,M,302.19,314.45,1692,29.49,187.2,0,0,0,0,0,0,No_Failure
7819,H54818,H,304.97,314.14,1383,53.61,146.7,0,0,0,0,0,0,No_Failure
7820,L54819,L,299.46,310.11,1367,45.21,107.1,0,1,0,0,0,1,HDF
7821,M54820,M,301.59,312.13,1415,28.44,225.0,1,0,0,0,0,1,TWF
7822,M54821,M,299.99,309.66,1322,32.96,219.4,0,0,0,0,0,0,No_Failure
7823,L54822,L,301.01,309.99,1541,32.52,177.0,0,0,0,0,0,0,No_Failure
7824,L54823,L,300.08,310.36,1567,41.69,43.5,0,0,0,0,0,0,No_Failure
7825,H54824,H,295.68,307.8,1631,38.19,65.7,0,0,0,0,0,0,No_Failure
7826,L54825,L,299.6,309.87,1350,51.06,39.5,0,0,0,0,0,0,No_Failure
7827,M54826,M,302.0,311.21,1651,48.49,64.8,0,0,0,0,0,0,No_Failure
7828,L54827,L,298.47,308.31,1322,24.55,195.6,0,0,0,0,0,0,No_Failure
7829,H54828,H,301.84,310.7,1651,25.81,84.4,0,0,0,0,0,0,No_Failure
7830,L54829,L,300.37,310.39,1232,46.14,71.5,0,0,0,0,0,0,No_Failure
7831,H54830,H,299.62,310.3,1782,34.85,63.0,0,0,0,0,0,0,No_Failure
7832,M54831,M,301.81,311.12,1406,38.25,12.8,0,0,0,0,0,0,No_Failure
7833,L54832,L,301.36,308.11,1608,45.47,86.1,0,0,0,0,0,0,No_Failure
7834,M54833,M,300.84,311.12,1622,48.58,23.9,0,0,0,0,0,0,No_Failure
7835,M54834,M,302.03,311.53,1271,27.67,142.2,0,0,0,0,0,0,No_Failure
7836,L54835,L,300.41,309.66,1650,17.78,46.8,0,0,0,0,0,0,No_Failure
7837,L54836,L,296.71,305.95,1401,38.87,68.7,0,0,0,0,0,0,No_Failure
7838,M54837,M,299.24,309.64,1445,31.45,121.0,0,0,0,0,0,0,No_Failure
7839,M54838,M,296.39,305.98,1379,40.66,96.4,0,0,0,0,0,0,No_Failure
7840,L54839,L,301.31,312.25,1790,39.11,81.3,0,0,0,0,0,0,No_Failure
7841,H54840,H,301.79,312.74,1289,30.25,242.0,1,0,0,0,0,1,TWF
7842,L54841,L,301.88,311.61,1577,60.87,14.8,0,0,0,0,0,0,No_Failure
7843,L54842,L,300.98,310.46,1388,40.17,222.7,1,0,0,0,0,1,TWF
7844,M54843,M,301.94,312.06,1696,34.26,234.9,0,0,0,0,0,0,No_Failure
7845,L54844,L,296.85,306.7,1918,41.01,244.9,0,0,0,0,0,0,No_Failure
7846,L54845,L,299.78,308.03,1387,45.3,218.1,0,0,0,0,0,0,No_Failure
7847,M54846,M,297.17,309.08,1525,33.67,204.9,0,0,0,0,0,0,No_Failure
7848,L54847,L,299.28,310.0,1431,63.2,59.9,0,0,1,0,0,1,PWF
7849,L54848,L,303.23,312.77,1687,24.77,45.6,0,0,0,0,0,0,No_Failure
7850,M54849,M,302.19,310.27,1455,25.47,152.5,0,0,1,0,0,1,PWF
7851,M54850,M,301.32,311.14,1663,24.01,135.5,0,0,0,0,0,0,No_Failure
7852,H54851,H,299.64,309.05,1428,40.04,182.4,0,0,0,0,0,0,No_Failure
7853,M54852,M,298.01,307.95,1904,44.73,29.7,0,0,0,0,0,0,No_Failure
7854,L54853,L,300.37,308.21,1106,36.7,72.4,0,0,0,0,0,0,No_Failure
7855,L54854,L,302.22,311.75,1568,44.7,170.1,0,0,0,0,0,0,No_Failure
7856,M54855,M,300.82,310.41,1498,44.57,154.8,0,0,0,0,0,0,No_Failure
7857,L54856,L,296.83,306.64,1492,36.39,88.2,0,0,0,0,0,0,No_Failure
7858,L54857,L,300.21,309.97,1551,44.27,37.5,0,0,0,0,0,0,No_Failure
7859,H54858,H,296.17,306.23,1511,38.04,217.0,1,0,0,0,0,1,TWF
7860,M54859,M,301.61,313.13,1539,35.91,210.3,0,0,0,0,0,0,No_Failure
7861,M54860,M,298.61,308.1,1573,35.01,37.0,0,0,0,0,0,0,No_Failure
7862,L54861,L,297.55,306.64,1815,42.33,189.6,0,0,0,0,0,0,No_Failure
7863,L54862,L,301.64,309.91,1002,52.18,35.9,0,0,0,0,0,0,No_Failure
7864,L54863,L,301.12,310.61,1832,27.95,114.2,0,0,0,0,0,0,No_Failure
7865,M54864,M,300.46,309.06,1961,35.2,117.9,0,0,0,0,0,0,No_Failure
7866,L54865,L,304.38,315.34,1185,41.63,101.7,0,0,0,0,0,0,No_Failure
7867,L54866,L,301.27,311.17,1509,57.57,86.6,0,0,1,0,0,1,PWF
7868,L54867,L,298.71,309.65,1747,44.32,118.3,0,0,0,0,0,0,No_Failure
7869,M54868,M,301.04,312.5,1665,31.87,180.1,0,0,0,0,0,0,No_Failure
7870,M54869,M,299.43,308.56,1802,30.76,83.8,0,0,0,0,0,0,No_Failure
7871,L54870,L,302.53,312.19,1567,49.85,146.8,0,0,0,0,0,0,No_Failure
7872,L54871,L,300.56,311.89,1134,36.86,90.7,0,0,0,0,0,0,No_Failure
7873,L54872,L,300.76,310.95,1735,27.69,245.7,0,0,0,0,0,0,No_Failure
7874,L54873,L,297.12,307.64,1614,50.14,173.0,0,0,0,0,0,0,No_Failure
7875,M54874,M,300.12,311.16,1764,43.08,215.6,0,0,0,0,0,0,No_Failure
7876,L54875,L,299.89,310.78,1224,28.06,109.3,0,0,0,0,0,0,No_Failure
7877,M54876,M,297.95,308.36,1281,26.6,64.9,0,0,0,0,0,0,No_Failure
7878,M54877,M,299.56,310.95,1503,18.32,20.0,0,0,0,0,0,0,No_Failure
7879,H54878,H,300.87,310.8,1740,33.78,206.7,0,0,0,0,0,0,No_Failure
7880,H54879,H,299.99,310.51,1790,43.05,176.6,0,0,0,0,0,0,No_Failure
7881,L54880,L,297.18,307.0,1369,49.61,207.8,1,0,0,0,0,1,TWF
7882,L54881,L,299.45,310.47,1427,44.25,171.8,0,0,0,0,0,0,No_Failure
7883,L54882,L,299.06,308.36,2017,26.95,9.6,0,0,0,0,0,0,No_Failure
7884,M54883,M,300.39,308.7,1400,37.16,107.5,0,0,0,0,0,0,No_Failure
7885,L54884,L,300.17,310.83,1622,54.29,83.9,0,0,0,0,0,0,No_Failure
7886,L54885,L,299.18,308.16,1419,34.88,109.7,0,0,0,0,0,0,No_Failure
7887,L54886,L,299.1,307.98,1585,47.69,169.0,0,0,0,0,0,0,No_Failure
7888,L54887,L,300.13,311.4,1344,46.45,143.3,0,0,0,0,0,0,No_Failure
7889,M54888,M,301.93,312.89,1349,47.6,160.8,0,0,0,0,0,0,No_Failure
7890,M54889,M,300.56,310.21,1433,44.31,53.3,0,0,0,0,0,0,No_Failure
7891,M54890,M,302.85,309.8,1402,47.57,125.5,0,0,0,0,0,0,No_Failure
7892,H54891,H,302.27,312.8,1445,25.18,59.5,0,0,0,0,0,0,No_Failure
7893,L54892,L,302.99,313.66,1595,55.15,129.3,0,0,0,0,0,0,No_Failure
7894,L54893,L,302.74,313.25,1840,21.93,74.6,0,0,0,0,0,0,No_Failure
7895,L54894,L,303.13,313.6,1394,43.12,54.9,0,0,0,0,0,0,No_Failure
7896,M54895,M,297.69,307.51,1322,39.52,237.9,0,0,0,0,0,0,No_Failure
7897,M54896,M,301.29,310.88,1502,33.74,67.8,0,0,0,0,0,0,No_Failure
7898,L54897,L,302.44,311.33,1347,30.25,158.4,0,0,0,0,0,0,No_Failure
7899,H54898,H,302.8,312.1,1206,45.5,158.5,0,0,0,0,0,0,No_Failure
7900,L54899,L,298.46,308.78,1692,48.01,145.9,0,0,0,0,0,0,No_Failure
7901,L54900,L,301.31,311.65,1514,38.97,181.8,0,0,0,0,0,0,No_Failure
7902,M54901,M,300.15,310.94,1532,37.11,153.9,0,0,0,0,0,0,No_Failure
7903,H54902,H,303.69,312.29,1153,52.81,215.0,0,0,0,0,0,0,No_Failure
7904,M54903,M,297.23,305.57,1395,35.78,6.4,0,0,0,0,1,1,RNF
7905,H54904,H,298.46,308.08,1245,39.58,18.7,0,0,0,0,0,0,No_Failure
7906,L54905,L,296.38,305.36,1496,37.96,140.2,0,0,0,0,0,0,No_Failure
7907,M54906,M,300.29,310.48,1524,64.71,101.1,0,0,0,0,0,0,No_Failure
7908,H54907,H,304.53,313.22,1524,31.6,53.6,0,0,0,0,0,0,No_Failure
7909,M54908,M,299.91,311.09,1380,48.31,89.3,0,0,0,0,0,0,No_Failure
7910,L54909,L,300.2,309.38,1346,23.01,164.3,0,0,0,0,0,0,No_Failure
7911,H54910,H,301.1,312.69,1465,30.42,215.8,0,0,0,0,0,0,No_Failure
7912,L54911,L,299.77,310.29,1564,36.91,45.9,0,0,0,0,0,0,No_Failure
7913,L54912,L,300.73,309.68,1396,38.69,74.0,0,0,0,0,0,0,No_Failure
7914,H54913,H,300.78,312.88,1331,37.26,35.4,0,0,0,0,0,0,No_Failure
7915,H54914,H,298.31,308.57,1339,39.01,252.1,0,0,0,0,0,0,No_Failure
7916,H54915,H,299.81,309.98,1381,33.11,5.0,0,0,0,0,0,0,No_Failure
7917,H54916,H,301.48,311.42,1419,52.88,39.9,0,0,0,0,0,0,No_Failure
7918,L54917,L,301.86,312.32,1302,30.0,97.4,0,0,0,0,0,0,No_Failure
7919,H54918,H,302.6,313.12,1420,47.44,50.3,0,0,0,0,0,0,No_Failure
7920,L54919,L,300.67,309.81,1723,46.78,172.1,0,0,0,0,0,0,No_Failure
7921,M54920,M,300.71,310.5,1447,30.52,5.8,0,0,0,0,0,0,No_Failure
7922,L54921,L,301.5,311.62,1277,36.33,130.3,0,0,0,0,0,0,No_Failure
7923,H54922,H,298.81,309.39,1093,39.98,49.8,0,0,0,0,1,1,RNF
7924,M54923,M,298.73,309.33,1831,56.75,159.9,0,0,1,0,0,1,PWF
7925,H54924,H,299.75,309.91,1705,36.31,29.7,0,0,0,0,0,0,No_Failure
7926,L54925,L,297.45,306.9,1551,76.24,50.0,0,0,0,0,0,0,No_Failure
7927,L54926,L,300.81,310.21,1709,47.68,210.0,0,0,0,0,0,0,No_Failure
7928,L54927,L,302.1,310.91,1595,43.43,227.7,1,0,0,0,0,1,TWF
7929,L54928,L,298.58,309.17,1486,48.84,91.4,0,0,0,0,0,0,No_Failure
7930,M54929,M,300.87,310.25,1277,22.81,148.7,0,0,1,0,0,1,PWF
7931,L54930,L,298.74,308.55,1844,51.72,170.9,0,0,1,0,0,1,PWF
7932,M54931,M,297.97,308.2,1421,26.77,192.5,0,0,0,0,0,0,No_Failure
7933,L54932,L,304.11,314.12,1431,48.7,135.5,0,0,0,0,0,0,No_Failure
7934,L54933,L,298.0,307.99,1507,34.07,146.4,0,0,0,0,0,0,No_Failure
7935,M54934,M,297.44,306.54,1510,32.01,198.2,0,0,0,0,0,0,No_Failure
7936,L54935,L,300.43,310.7,1603,57.73,138.2,0,0,1,0,0,1,PWF
7937,L54936,L,300.54,310.22,1583,39.0,136.1,0,0,0,0,0,0,No_Failure
7938,L54937,L,301.33,311.25,1396,24.69,71.6,0,0,0,0,0,0,No_Failure
7939,L54938,L,304.0,315.16,1505,49.75,212.1,0,0,0,0,0,0,No_Failure
7940,M54939,M,298.45,308.95,1598,27.79,111.8,0,0,0,0,0,0,No_Failure
7941,L54940,L,298.84,308.27,1381,53.61,139.8,0,0,0,0,0,0,No_Failure
7942,L54941,L,303.22,313.07,1760,39.84,160.0,0,0,0,0,0,0,No_Failure
7943,M54942,M,301.88,313.48,1496,27.26,136.8,0,0,0,0,0,0,No_Failure
7944,M54943,M,301.6,311.29,1788,48.21,111.9,0,0,1,0,0,1,PWF
7945,M54944,M,298.82,308.86,1249,45.21,122.8,0,0,0,0,0,0,No_Failure
7946,L54945,L,302.25,312.92,1618,18.77,25.3,0,0,1,0,0,1,PWF
7947,H54946,H,301.61,311.82,1340,39.37,208.0,1,0,0,0,0,1,TWF
7948,L54947,L,300.38,310.01,1386,42.99,20.5,0,0,0,0,0,0,No_Failure
7949,L54948,L,298.83,308.09,1663,42.41,249.7,1,0,0,0,0,1,TWF
7950,H54949,H,300.21,310.2,1459,38.15,245.4,0,0,0,0,0,0,No_Failure
7951,M54950,M,303.3,313.95,1968,47.45,223.2,0,0,1,0,0,1,PWF
7952,M54951,M,297.81,309.13,1593,45.69,19.4,0,0,1,0,0,1,PWF
7953,H54952,H,298.4,306.94,1375,40.31,6.6,0,0,0,0,0,0,No_Failure
7954,L54953,L,298.74,310.51,1594,37.64,156.2,0,0,0,0,0,0,No_Failure
7955,H54954,H,299.18,308.89,1457,41.48,41.9,0,0,0,0,0,0,No_Failure
7956,M54955,M,299.97,310.89,1650,33.96,238.0,0,0,0,0,0,0,No_Failure
7957,L54956,L,301.92,311.18,1447,29.77,166.3,0,0,0,0,0,0,No_Failure
7958,L54957,L,300.92,309.31,1573,28.76,217.3,1,0,0,0,0,1,TWF
7959,L54958,L,300.12,308.81,1536,39.0,251.5,0,0,0,0,0,0,No_Failure
7960,H54959,H,300.55,310.22,1514,31.42,237.4,1,0,0,0,0,1,TWF
7961,L54960,L,301.25,311.77,1688,38.41,26.6,0,0,0,0,0,0,No_Failure
7962,L54961,L,296.64,306.67,1175,53.3,248.6,1,0,0,0,0,1,TWF
7963,M54962,M,302.14,311.89,1518,37.93,17.8,0,0,0,0,0,0,No_Failure
7964,M54963,M,298.35,309.47,1374,41.38,196.9,0,0,0,0,0,0,No_Failure
7965,L54964,L,299.11,309.11,1257,37.71,189.6,0,0,0,0,0,0,No_Failure
7966,H54965,H,300.68,310.96,1349,53.07,53.9,0,0,0,0,0,0,No_Failure
7967,M54966,M,299.85,312.96,1388,56.58,96.7,0,0,0,0,0,0,No_Failure
7968,H54967,H,300.97,310.97,1458,35.3,159.5,0,0,0,0,0,0,No_Failure
7969,L54968,L,300.28,309.59,1561,47.28,125.9,0,0,0,0,0,0,No_Failure
7970,L54969,L,299.42,309.9,1598,60.91,178.1,0,0,1,0,0,1,PWF
7971,M54970,M,303.06,313.79,1426,28.39,33.2,0,0,0,0,0,0,No_Failure
7972,L54971,L,301.42,311.72,1785,49.8,103.0,0,0,0,0,0,0,No_Failure
7973,M54972,M,300.6,310.76,1433,22.59,181.5,0,0,1,0,0,1,PWF
7974,L54973,L,301.39,312.87,1150,40.3,2.0,0,0,0,0,0,0,No_Failure
7975,M54974,M,298.59,309.95,1438,38.6,164.5,0,0,0,0,0,0,No_Failure
7976,H54975,H,304.35,314.23,1508,22.93,136.8,0,0,0,0,0,0,No_Failure
7977,H54976,H,297.82,307.18,911,50.89,234.0,0,0,0,0,0,0,No_Failure
7978,H54977,H,300.23,310.66,1717,41.48,243.4,1,0,0,0,0,1,TWF
7979,H54978,H,299.43,308.78,1482,30.73,174.3,0,0,0,0,0,0,No_Failure
7980,L54979,L,299.35,310.24,1293,43.29,136.3,0,0,0,0,0,0,No_Failure
7981,L54980,L,299.09,309.52,1327,49.04,134.2,0,0,0,0,0,0,No_Failure
7982,H54981,H,298.46,311.13,1637,22.31,112.5,0,0,0,0,0,0,No_Failure
7983,H54982,H,302.38,313.85,1659,8.52,196.9,0,0,1,0,0,1,PWF
7984,H54983,H,297.59,306.51,1383,39.58,84.6,0,0,0,0,0,0,No_Failure
7985,M54984,M,301.97,311.45,1256,32.32,61.3,0,0,0,0,0,0,No_Failure
7986,L54985,L,301.3,309.38,1524,53.38,111.7,0,0,0,0,0,0,No_Failure
7987,H54986,H,299.24,307.1,1557,36.3,84.1,0,0,0,0,0,0,No_Failure
7988,H54987,H,301.07,311.18,1602,43.09,206.0,0,0,0,0,0,0,No_Failure
7989,M54988,M,299.68,308.49,1399,38.13,69.6,0,0,0,0,0,0,No_Failure
7990,H54989,H,297.8,309.44,1478,24.54,101.7,0,0,0,0,0,0,No_Failure
7991,M54990,M,297.82,308.98,1504,40.31,68.3,0,0,0,0,0,0,No_Failure
7992,H54991,H,301.31,311.04,1674,26.74,136.2,0,0,0,0,0,0,No_Failure
7993,L54992,L,301.21,310.88,1739,26.25,77.4,0,0,0,0,0,0,No_Failure
7994,H54993,H,300.48,311.97,1788,29.02,158.6,0,0,0,0,0,0,No_Failure
7995,L54994,L,299.22,310.93,1734,28.15,204.0,0,0,0,0,0,0,No_Failure
7996,L54995,L,299.62,308.69,1826,37.9,189.7,0,0,0,0,0,0,No_Failure
7997,L54996,L,299.35,308.29,1682,36.08,76.3,0,0,0,0,0,0,No_Failure
7998,L54997,L,296.51,306.21,1394,42.84,143.1,0,0,0,0,0,0,No_Failure
7999,L54998,L,300.12,310.55,1776,24.26,96.8,0,0,0,0,0,0,No_Failure
8000,H54999,H,301.04,310.53,1252,37.48,164.5,0,0,0,0,0,0,No_Failure
8001,M55000,M,300.14,310.59,1926,35.19,220.5,0,0,0,0,0,0,No_Failure
8002,H55001,H,303.54,315.49,1324,42.01,212.6,0,0,0,0,0,0,No_Failure
8003,L55002,L,297.99,306.58,1660,42.49,224.5,0,0,0,0,0,0,No_Failure
8004,L55003,L,298.68,308.23,1760,41.56,101.9,0,0,0,0,0,0,No_Failure
8005,M55004,M,300.27,308.88,1583,30.1,205.3,0,0,0,0,0,0,No_Failure
8006,M55005,M,300.49,309.65,1131,40.25,95.3,0,0,0,0,0,0,No_Failure
8007,M55006,M,296.2,305.9,1329,34.87,25.7,0,0,0,0,0,0,No_Failure
8008,H55007,H,301.21,310.48,1564,53.14,149.0,0,0,0,0,0,0,No_Failure
8009,H55008,H,300.5,311.02,1614,41.1,150.9,0,0,0,0,0,0,No_Failure
8010,M55009,M,295.76,305.91,1468,40.79,192.5,0,0,0,0,0,0,No_Failure
8011,H55010,H,299.77,310.07,1513,27.19,212.6,1,0,0,0,0,1,TWF
8012,M55011,M,298.38,308.08,1236,34.1,226.5,1,0,0,0,0,1,TWF
8013,M55012,M,299.09,308.88,1819,42.59,177.6,0,0,0,0,0,0,No_Failure
8014,L55013,L,297.32,306.97,1432,39.21,158.6,0,0,0,0,0,0,No_Failure
8015,L55014,L,300.83,310.58,1642,39.1,3.9,0,0,0,0,0,0,No_Failure
8016,L55015,L,303.52,313.94,1753,22.46,28.7,0,0,0,0,0,0,No_Failure
8017,M55016,M,300.53,308.61,1292,31.86,35.4,0,1,0,0,0,1,HDF
8018,M55017,M,295.68,305.97,1523,37.25,65.6,0,0,0,0,0,0,No_Failure
8019,L55018,L,300.57,309.7,1550,52.02,226.0,0,0,0,0,0,0,No_Failure
8020,M55019,M,299.61,309.27,1454,21.09,183.7,0,0,1,0,0,1,PWF
8021,L55020,L,297.8,306.24,1667,29.56,160.2,0,0,0,0,0,0,No_Failure
8022,L55021,L,300.71,310.35,1380,21.02,31.5,0,1,0,0,0,1,HDF
8023,H55022,H,301.76,312.04,1510,43.25,165.7,0,0,0,0,0,0,No_Failure
8024,L55023,L,298.66,309.12,1433,51.86,184.7,0,0,0,0,0,0,No_Failure
8025,L55024,L,296.71,305.53,1919,43.61,77.9,0,0,0,0,0,0,No_Failure
8026,L55025,L,295.98,306.39,1381,45.77,61.7,0,0,0,0,0,0,No_Failure
8027,L55026,L,298.67,309.81,1634,29.68,173.7,0,0,0,0,0,0,No_Failure
8028,M55027,M,299.69,309.2,1823,43.69,30.5,0,0,0,0,0,0,No_Failure
8029,H55028,H,298.97,308.97,1335,32.28,147.1,0,0,0,0,0,0,No_Failure
8030,M55029,M,298.63,306.56,1517,40.6,246.8,1,0,0,0,0,1,TWF
8031,M55030,M,301.14,310.24,1322,45.02,6.2,0,0,0,0,0,0,No_Failure
8032,L55031,L,300.93,311.2,1138,37.08,46.2,0,0,0,0,0,0,No_Failure
8033,M55032,M,300.4,311.35,1359,48.2,134.1,0,0,0,0,0,0,No_Failure
8034,L55033,L,301.63,311.03,1397,38.36,18.0,0,0,0,0,0,0,No_Failure
8035,L55034,L,298.69,311.36,1408,42.74,179.1,0,0,0,0,0,0,No_Failure
8036,H55035,H,297.81,308.12,1446,58.91,20.4,0,0,0,0,0,0,No_Failure
8037,L55036,L,298.96,307.68,1501,44.97,48.5,0,0,0,0,0,0,No_Failure
8038,L55037,L,298.82,310.1,1285,32.51,138.6,0,0,0,0,0,0,No_Failure
8039,L55038,L,295.9,304.64,1563,35.2,206.3,0,0,0,0,0,0,No_Failure
8040,H55039,H,298.91,309.24,1718,48.73,92.8,0,0,0,0,0,0,No_Failure
8041,L55040,L,302.21,311.28,1740,50.43,14.3,0,0,0,0,0,0,No_Failure
8042,L55041,L,301.6,310.24,1453,39.64,88.0,0,0,0,0,0,0,No_Failure
8043,H55042,H,301.05,312.01,1661,24.73,18.6,0,0,0,0,0,0,No_Failure
8044,L55043,L,300.26,310.0,1377,30.5,47.7,0,0,0,0,0,0,No_Failure
8045,H55044,H,302.9,314.62,1438,41.81,118.4,0,0,0,0,0,0,No_Failure
8046,L55045,L,297.88,306.86,1572,45.8,222.9,0,0,0,0,0,0,No_Failure
8047,M55046,M,298.07,306.51,1440,50.05,226.1,0,0,0,0,0,0,No_Failure
8048,H55047,H,302.25,311.77,1272,19.68,178.1,0,0,1,0,0,1,PWF
8049,M55048,M,300.06,312.95,1650,48.71,213.1,0,0,0,0,0,0,No_Failure
8050,M55049,M,298.66,309.49,1351,54.27,135.3,0,0,0,0,0,0,No_Failure
8051,L55050,L,301.1,311.66,1406,16.06,241.8,0,0,1,0,0,1,PWF
8052,M55051,M,299.12,309.71,1690,39.95,211.2,0,0,0,0,0,0,No_Failure
8053,H55052,H,298.32,307.84,1597,47.58,166.2,0,0,0,0,0,0,No_Failure
8054,M55053,M,298.27,311.0,1532,25.89,59.2,0,0,0,0,0,0,No_Failure
8055,H55054,H,300.64,311.1,1236,35.01,192.5,0,0,0,0,0,0,No_Failure
8056,M55055,M,300.41,310.78,1291,45.6,221.4,0,0,0,0,0,0,No_Failure
8057,M55056,M,303.03,314.02,1572,34.77,121.1,0,0,0,0,0,0,No_Failure
8058,L55057,L,299.42,308.15,1613,36.36,92.0,0,0,0,0,0,0,No_Failure
8059,M55058,M,299.39,308.51,1546,42.21,92.3,0,0,0,0,0,0,No_Failure
8060,H55059,H,302.88,312.63,1415,28.3,190.3,0,0,0,0,0,0,No_Failure
8061,M55060,M,301.97,312.96,1409,29.33,240.4,0,0,0,0,0,0,No_Failure
8062,L55061,L,300.29,308.99,1539,44.68,101.3,0,0,0,0,0,0,No_Failure
8063,M55062,M,296.88,306.81,1275,49.49,26.9,0,0,0,0,0,0,No_Failure
8064,M55063,M,298.38,308.17,1517,43.99,10.7,0,0,0,0,0,0,No_Failure
8065,H55064,H,297.89,306.32,1250,53.61,210.4,0,0,0,0,0,0,No_Failure
8066,L55065,L,300.07,309.56,1311,44.2,78.6,0,0,0,0,0,0,No_Failure
8067,L55066,L,298.98,309.53,1532,58.47,208.2,0,0,1,0,1,1,PWF
8068,L55067,L,303.21,311.72,1605,40.66,29.3,0,0,0,0,0,0,No_Failure
8069,L55068,L,296.86,308.27,1562,42.53,10.0,0,0,0,0,0,0,No_Failure
8070,H55069,H,297.68,308.15,1299,44.03,78.3,0,0,0,0,0,0,No_Failure
8071,L55070,L,300.49,310.84,1163,33.72,79.9,0,0,0,0,0,0,No_Failure
8072,M55071,M,301.04,311.05,1499,32.24,252.4,0,0,0,0,0,0,No_Failure
8073,L55072,L,294.83,303.73,1158,31.0,60.4,0,0,0,0,0,0,No_Failure
8074,L55073,L,296.53,305.88,1670,34.44,187.6,0,0,0,0,0,0,No_Failure
8075,H55074,H,299.47,309.83,1305,60.71,233.0,1,0,0,0,0,1,TWF
8076,L55075,L,302.71,312.06,1902,58.21,198.0,0,0,1,0,0,1,PWF
8077,L55076,L,303.78,313.96,1327,36.72,246.5,1,0,0,0,0,1,TWF
8078,L55077,L,299.17,308.27,1583,35.79,42.4,0,0,0,0,0,0,No_Failure
8079,H55078,H,299.66,310.11,1367,18.53,172.9,0,0,0,0,0,0,No_Failure
8080,H55079,H,298.33,308.85,1470,30.06,132.1,0,0,0,0,0,0,No_Failure
8081,L55080,L,301.27,309.64,1533,31.91,220.1,0,0,0,0,0,0,No_Failure
8082,M55081,M,303.06,313.12,1655,35.6,188.0,0,0,0,0,0,0,No_Failure
8083,L55082,L,302.51,310.99,1684,34.3,197.1,0,0,0,0,0,0,No_Failure
8084,M55083,M,299.94,308.08,1631,42.15,97.7,0,0,0,0,0,0,No_Failure
8085,L55084,L,298.32,307.73,1687,47.75,171.3,0,0,0,0,0,0,No_Failure
8086,H55085,H,300.02,312.81,1389,32.72,223.0,0,0,0,0,0,0,No_Failure
8087,H55086,H,302.76,313.54,1617,54.37,49.9,0,0,1,0,0,1,PWF
8088,L55087,L,299.2,310.59,1439,43.46,7.9,0,0,0,0,0,0,No_Failure
8089,L55088,L,296.37,306.98,1678,48.88,78.8,0,0,0,0,0,0,No_Failure
8090,L55089,L,299.28,309.49,1521,35.6,218.4,0,0,0,0,0,0,No_Failure
8091,L55090,L,299.44,310.34,1612,45.46,117.6,0,0,0,0,0,0,No_Failure
8092,L55091,L,296.36,305.72,1552,44.54,65.0,0,0,0,0,0,0,No_Failure
8093,L55092,L,300.46,310.93,1637,54.68,230.4,0,0,1,0,0,1,PWF
8094,H55093,H,301.01,312.19,1355,46.53,10.7,0,0,0,0,0,0,No_Failure
8095,L55094,L,303.72,314.42,1217,48.54,204.1,0,0,0,0,0,0,No_Failure
8096,H55095,H,297.34,308.58,1678,34.71,202.2,0,1,0,0,0,1,HDF
8097,L55096,L,301.46,311.64,1742,51.96,131.3,0,0,1,0,0,1,PWF
8098,M55097,M,301.93,313.63,1479,27.24,66.7,0,0,0,0,0,0,No_Failure
8099,L55098,L,301.04,310.83,1646,34.27,109.9,0,0,0,0,0,0,No_Failure
8100,H55099,H,297.99,310.1,1207,42.81,89.6,0,0,0,0,0,0,No_Failure
8101,L55100,L,297.87,308.44,1388,28.47,35.8,0,0,0,0,0,0,No_Failure
8102,L55101,L,300.19,309.81,1515,30.77,150.6,0,0,0,0,0,0,No_Failure
8103,M55102,M,300.18,309.0,1188,30.77,49.5,0,0,0,0,0,0,No_Failure
8104,M55103,M,298.88,308.07,1225,43.79,252.0,0,0,0,0,0,0,No_Failure
8105,M55104,M,302.58,311.62,1528,38.41,145.3,0,0,0,0,0,0,No_Failure
8106,L55105,L,299.2,309.11,1391,49.64,29.6,0,0,0,0,0,0,No_Failure
8107,L55106,L,296.21,304.94,1438,58.81,155.5,0,0,0,0,0,0,No_Failure
8108,H55107,H,299.55,310.84,1427,42.7,96.2,0,0,0,0,0,0,No_Failure
8109,M55108,M,300.96,311.07,1269,34.89,47.0,0,0,0,0,0,0,No_Failure
8110,M55109,M,300.68,310.75,1461,43.68,75.2,0,0,0,0,0,0,No_Failure
8111,L55110,L,300.67,309.5,1498,31.04,64.7,0,0,0,0,0,0,No_Failure
8112,L55111,L,302.99,312.22,1395,39.36,147.4,0,0,0,0,0,0,No_Failure
8113,H55112,H,297.77,305.55,1410,64.62,69.7,0,0,1,0,0,1,PWF
8114,M55113,M,299.15,310.77,1463,37.97,12.1,0,0,0,0,0,0,No_Failure
8115,L55114,L,303.09,311.67,1648,43.03,206.9,0,0,0,0,0,0,No_Failure
8116,H55115,H,296.07,304.72,1483,38.38,72.2,0,0,0,0,0,0,No_Failure
8117,M55116,M,299.89,311.31,1153,35.9,77.1,0,0,0,0,0,0,No_Failure
8118,L55117,L,302.46,312.85,1285,44.81,109.6,0,0,1,0,0,1,PWF
8119,L55118,L,302.43,312.55,1668,27.29,200.7,0,0,0,0,0,0,No_Failure
8120,M55119,M,301.32,311.66,1377,38.34,155.6,0,0,0,0,0,0,No_Failure
8121,L55120,L,301.37,312.32,1484,26.43,22.2,0,0,0,0,0,0,No_Failure
8122,M55121,M,297.92,308.02,1846,55.44,116.3,0,1,1,0,0,1,HDF
8123,M55122,M,302.75,311.2,1614,49.87,191.4,0,0,0,0,0,0,No_Failure
8124,L55123,L,297.6,308.33,1113,32.32,10.3,0,0,0,0,0,0,No_Failure
8125,H55124,H,297.72,308.14,1760,21.44,10.2,0,0,0,0,0,0,No_Failure
8126,L55125,L,300.78,311.95,1527,44.9,177.6,0,0,0,0,0,0,No_Failure
8127,L55126,L,299.01,307.76,1566,39.56,126.9,0,0,0,0,0,0,No_Failure
8128,M55127,M,300.41,309.68,1555,62.44,41.4,0,0,0,0,0,0,No_Failure
8129,M55128,M,300.86,311.25,1664,54.02,169.6,0,0,1,0,0,1,PWF
8130,L55129,L,303.56,312.61,1486,46.35,20.7,0,0,0,0,0,0,No_Failure
8131,M55130,M,300.87,308.51,1233,34.72,112.5,0,0,0,0,0,0,No_Failure
8132,H55131,H,298.76,308.96,1558,37.38,207.4,0,0,0,0,0,0,No_Failure
8133,H55132,H,301.35,312.25,1251,43.02,44.8,0,0,0,0,0,0,No_Failure
8134,H55133,H,298.34,308.21,1827,43.55,149.2,0,0,0,0,0,0,No_Failure
8135,L55134,L,301.83,312.37,1435,32.92,93.8,0,0,0,0,0,0,No_Failure
8136,L55135,L,300.13,310.53,1491,26.36,226.0,0,0,0,0,0,0,No_Failure
8137,M55136,M,300.8,310.81,1378,59.28,163.6,0,0,0,0,0,0,No_Failure
8138,L55137,L,296.44,306.57,1561,40.34,90.9,0,0,0,0,0,0,No_Failure
8139,M55138,M,295.5,306.85,1582,44.24,123.8,0,0,0,0,0,0,No_Failure
8140,L55139,L,297.0,306.03,1378,31.43,133.1,0,0,0,0,0,0,No_Failure
8141,L55140,L,303.49,314.26,1582,53.66,249.1,0,0,0,0,0,0,No_Failure
8142,L55141,L,297.7,306.52,1512,50.4,188.6,0,0,0,0,0,0,No_Failure
8143,L55142,L,301.46,310.67,1483,40.6,180.6,0,0,0,0,0,0,No_Failure
8144,L55143,L,298.72,309.91,1365,42.1,248.9,0,0,0,0,0,0,No_Failure
8145,M55144,M,299.52,308.31,1917,42.85,38.8,0,0,0,0,0,0,No_Failure
8146,M55145,M,299.91,309.67,1713,40.98,118.2,0,0,0,0,0,0,No_Failure
8147,L55146,L,303.29,315.65,1631,45.58,243.3,0,0,0,0,0,0,No_Failure
8148,L55147,L,301.17,312.19,1703,43.77,215.6,0,0,0,0,0,0,No_Failure
8149,H55148,H,300.77,310.03,1554,38.24,51.8,0,0,0,0,0,0,No_Failure
8150,L55149,L,302.59,312.03,1437,28.31,106.6,0,0,0,0,0,0,No_Failure
8151,M55150,M,298.73,308.56,1024,39.75,47.5,0,0,0,0,0,0,No_Failure
8152,M55151,M,302.14,313.45,1281,47.5,177.3,0,0,0,0,0,0,No_Failure
8153,M55152,M,301.8,310.8,1890,46.72,156.2,0,0,0,0,0,0,No_Failure
8154,H55153,H,301.78,310.72,1709,53.12,147.1,0,0,0,0,0,0,No_Failure
8155,M55154,M,299.69,310.4,1536,54.18,228.5,0,0,0,0,0,0,No_Failure
8156,H55155,H,299.13,307.44,1216,47.02,25.4,0,1,0,0,0,1,HDF
8157,H55156,H,298.26,307.35,1614,41.87,237.9,0,0,0,0,0,0,No_Failure
8158,L55157,L,298.39,308.3,1450,43.44,122.6,0,0,0,0,0,0,No_Failure
8159,L55158,L,298.17,308.13,1626,34.26,6.8,0,0,0,0,0,0,No_Failure
8160,L55159,L,300.73,309.37,1300,47.99,231.4,0,0,0,0,0,0,No_Failure
8161,L55160,L,299.54,309.9,1412,53.24,235.6,0,0,0,0,0,0,No_Failure
8162,M55161,M,300.86,311.42,1659,50.42,238.8,0,0,0,0,0,0,No_Failure
8163,L55162,L,300.98,310.31,1847,45.56,211.2,0,0,0,0,0,0,No_Failure
8164,L55163,L,297.88,309.54,1381,37.59,70.4,0,0,0,0,0,0,No_Failure
8165,L55164,L,297.82,308.16,1320,36.44,72.5,0,0,0,0,0,0,No_Failure
8166,M55165,M,299.54,308.54,1684,38.4,83.0,0,0,0,0,0,0,No_Failure
8167,M55166,M,298.45,310.07,1273,32.7,57.1,0,0,0,0,0,0,No_Failure
8168,H55167,H,298.24,307.72,1286,42.75,229.8,0,0,0,0,0,0,No_Failure
8169,L55168,L,303.39,313.57,1548,12.03,135.3,0,0,1,0,0,1,PWF
8170,L55169,L,296.93,306.45,1875,34.61,67.3,0,0,0,0,0,0,No_Failure
8171,H55170,H,304.05,314.67,1347,40.68,195.4,0,0,0,0,0,0,No_Failure
8172,M55171,M,300.58,310.1,1433,65.02,158.8,0,0,0,0,0,0,No_Failure
8173,M55172,M,301.97,311.55,1520,40.04,96.0,0,0,0,0,0,0,No_Failure
8174,M55173,M,301.74,311.58,1415,40.41,231.3,0,0,0,0,0,0,No_Failure
8175,L55174,L,301.23,310.73,1182,31.66,140.5,0,0,0,0,0,0,No_Failure
8176,H55175,H,303.32,314.4,1644,57.2,158.9,0,0,1,0,0,1,PWF
8177,M55176,M,297.84,306.58,1534,31.87,8.3,0,1,0,0,0,1,HDF
8178,M55177,M,299.69,309.65,1566,60.33,159.4,0,1,0,0,0,1,HDF
8179,M55178,M,298.29,308.38,1474,32.6,104.4,0,0,0,0,0,0,No_Failure
8180,L55179,L,296.61,306.48,1772,49.42,189.3,0,0,1,0,0,1,PWF
8181,L55180,L,298.68,309.65,1409,39.43,11.1,0,0,0,0,0,0,No_Failure
8182,M55181,M,303.75,312.24,1306,34.38,97.6,0,0,0,0,0,0,No_Failure
8183,M55182,M,299.65,310.22,1799,50.1,16.6,0,0,1,0,0,1,PWF
8184,L55183,L,303.97,312.72,1104,53.28,235.6,0,0,0,0,0,0,No_Failure
8185,L55184,L,304.17,313.66,1472,38.14,106.2,0,0,0,0,0,0,No_Failure
8186,H55185,H,305.99,314.64,1486,39.76,35.2,0,0,0,0,0,0,No_Failure
8187,L55186,L,303.81,313.48,1479,35.87,188.0,0,0,0,0,0,0,No_Failure
8188,L55187,L,304.72,314.14,1221,42.24,223.1,0,0,0,0,0,0,No_Failure
8189,M55188,M,300.65,312.29,1287,29.05,196.2,0,0,0,0,0,0,No_Failure
8190,H55189,H,300.46,310.7,1672,13.07,215.2,0,0,0,0,0,0,No_Failure
8191,M55190,M,300.59,311.03,1749,21.3,214.3,0,0,0,0,0,0,No_Failure
8192,H55191,H,300.0,308.89,1425,37.79,250.3,1,0,0,0,0,1,TWF
8193,L55192,L,300.3,311.04,1332,29.3,91.9,0,0,0,0,0,0,No_Failure
8194,H55193,H,301.5,313.14,1179,38.82,88.2,0,0,0,0,0,0,No_Failure
8195,H55194,H,299.07,309.94,1669,34.88,28.2,0,0,0,0,0,0,No_Failure
8196,M55195,M,297.24,305.93,1680,32.94,217.0,0,0,0,0,0,0,No_Failure
8197,M55196,M,300.73,310.26,994,33.51,235.4,0,0,1,0,0,1,PWF
8198,L55197,L,298.61,308.72,1064,49.67,71.4,0,0,0,0,0,0,No_Failure
8199,L55198,L,298.82,308.24,1525,42.35,155.6,0,0,0,0,0,0,No_Failure
8200,L55199,L,299.71,312.25,1548,55.65,62.0,0,0,0,0,0,0,No_Failure
8201,L55200,L,299.26,308.77,1414,41.03,218.1,0,0,0,0,0,0,No_Failure
8202,H55201,H,302.22,312.18,1494,20.9,1.7,0,0,0,0,0,0,No_Failure
8203,L55202,L,299.67,309.07,1455,29.56,175.9,0,0,1,0,0,1,PWF
8204,M55203,M,302.32,312.55,1505,41.15,137.4,0,0,0,0,0,0,No_Failure
8205,L55204,L,300.41,311.79,1338,42.42,72.4,0,0,0,0,0,0,No_Failure
8206,L55205,L,299.82,309.94,1498,34.14,233.5,0,0,0,0,0,0,No_Failure
8207,L55206,L,300.32,310.1,1379,32.04,121.3,0,0,0,0,0,0,No_Failure
8208,L55207,L,297.42,306.34,1364,33.92,132.7,0,0,0,0,0,0,No_Failure
8209,M55208,M,300.68,311.88,1164,38.56,21.1,0,0,0,0,0,0,No_Failure
8210,H55209,H,301.7,311.55,1468,39.51,104.2,0,0,1,0,0,1,PWF
8211,L55210,L,301.98,311.8,1645,29.02,40.2,0,0,0,0,0,0,No_Failure
8212,H55211,H,297.3,304.96,1441,42.46,140.2,0,0,0,0,0,0,No_Failure
8213,M55212,M,296.96,306.83,1436,42.37,146.3,0,0,0,0,0,0,No_Failure
8214,M55213,M,298.93,308.53,1726,38.9,61.8,0,0,0,0,0,0,No_Failure
8215,L55214,L,302.77,310.94,1684,33.09,238.7,0,0,0,0,0,0,No_Failure
8216,L55215,L,300.44,311.43,1812,46.72,76.6,0,0,0,0,0,0,No_Failure
8217,H55216,H,298.45,307.92,1906,53.24,165.5,0,0,0,0,0,0,No_Failure
8218,M55217,M,297.09,308.99,1511,35.52,247.7,0,0,0,0,0,0,No_Failure
8219,L55218,L,298.63,310.05,1292,33.72,203.3,0,0,0,0,0,0,No_Failure
8220,H55219,H,298.5,307.78,1406,44.66,188.8,0,0,0,0,0,0,No_Failure
8221,L55220,L,301.87,313.24,1603,28.29,15.0,0,0,0,0,0,0,No_Failure
8222,M55221,M,302.03,313.64,1759,27.23,132.6,0,0,0,0,0,0,No_Failure
8223,L55222,L,297.9,307.34,1311,33.51,190.7,0,0,0,0,0,0,No_Failure
8224,H55223,H,301.51,310.47,1546,43.09,167.1,0,0,0,0,0,0,No_Failure
8225,L55224,L,301.3,309.15,1357,31.2,143.6,0,0,0,0,0,0,No_Failure
8226,L55225,L,297.64,308.02,1474,39.81,233.0,0,0,0,0,0,0,No_Failure
8227,M55226,M,299.83,308.86,1471,19.91,141.6,0,0,0,0,0,0,No_Failure
8228,L55227,L,300.68,311.09,1569,46.17,211.9,0,0,0,0,0,0,No_Failure
8229,H55228,H,300.33,309.76,1866,54.4,224.1,0,0,0,0,0,0,No_Failure
8230,M55229,M,296.58,305.8,1586,30.9,198.9,0,0,0,0,0,0,No_Failure
8231,L55230,L,300.26,309.7,1423,44.44,37.9,0,0,0,0,0,0,No_Failure
8232,L55231,L,301.27,309.97,1393,37.92,196.1,0,0,0,0,0,0,No_Failure
8233,H55232,H,303.16,312.6,1466,41.06,199.2,0,0,0,0,0,0,No_Failure
8234,M55233,M,298.66,307.93,1343,37.54,170.4,0,0,0,0,0,0,No_Failure
8235,H55234,H,298.91,308.89,1525,36.96,94.0,0,0,0,0,0,0,No_Failure
8236,L55235,L,299.58,309.69,1066,31.67,73.1,0,0,0,0,0,0,No_Failure
8237,H55236,H,300.58,309.51,1462,29.07,164.6,0,0,0,0,0,0,No_Failure
8238,M55237,M,300.19,311.29,1476,50.99,184.6,0,0,0,0,0,0,No_Failure
8239,M55238,M,301.21,311.05,1291,23.21,232.8,0,0,0,0,0,0,No_Failure
8240,L55239,L,297.75,309.25,1431,39.81,86.4,0,0,0,0,0,0,No_Failure
8241,L55240,L,300.79,311.03,1702,39.36,73.1,0,0,0,0,0,0,No_Failure
8242,H55241,H,298.52,308.58,1715,39.53,187.6,0,0,0,0,0,0,No_Failure
8243,H55242,H,299.71,309.22,1404,46.65,247.5,0,0,0,0,0,0,No_Failure
8244,L55243,L,303.42,314.03,1594,36.29,73.5,0,0,0,0,0,0,No_Failure
8245,H55244,H,297.2,307.24,1230,46.53,69.4,0,0,0,0,0,0,No_Failure
8246,L55245,L,299.44,310.3,1447,59.86,226.1,0,0,0,0,0,0,No_Failure
8247,L55246,L,297.45,309.06,1542,38.48,67.0,0,0,0,0,0,0,No_Failure
8248,L55247,L,300.31,309.58,1775,19.68,105.1,0,0,0,0,0,0,No_Failure
8249,L55248,L,302.1,312.71,1715,38.57,251.0,1,0,0,0,0,1,TWF
8250,L55249,L,300.34,310.92,1538,37.59,202.6,0,0,0,0,0,0,No_Failure
8251,L55250,L,299.77,310.22,1336,44.02,63.2,0,0,0,0,0,0,No_Failure
8252,L55251,L,302.66,312.22,1745,20.06,241.0,1,0,0,0,0,1,TWF
8253,M55252,M,300.66,310.25,1439,43.24,213.4,0,0,0,0,0,0,No_Failure
8254,H55253,H,301.64,311.06,1581,35.79,246.4,0,0,0,0,0,0,No_Failure
8255,M55254,M,301.43,310.83,1478,48.03,102.0,0,0,1,0,0,1,PWF
8256,L55255,L,294.25,303.41,1859,34.82,168.8,0,0,0,0,0,0,No_Failure
8257,M55256,M,299.85,309.74,1390,48.68,96.6,0,0,0,0,0,0,No_Failure
8258,L55257,L,297.84,307.09,1665,24.89,111.9,0,0,0,0,0,0,No_Failure
8259,M55258,M,298.34,308.78,1484,40.18,169.8,0,0,0,0,0,0,No_Failure
8260,M55259,M,302.95,313.01,1602,30.28,104.9,0,0,1,0,0,1,PWF
8261,L55260,L,299.25,309.42,1792,35.12,106.0,0,0,0,0,0,0,No_Failure
8262,L55261,L,303.79,313.51,1139,67.2,137.1,0,0,0,0,0,0,No_Failure
8263,H55262,H,297.18,307.25,1488,30.5,27.1,0,0,0,0,0,0,No_Failure
8264,H55263,H,297.83,307.59,1339,36.27,249.4,1,0,0,0,0,1,TWF
8265,M55264,M,301.52,312.3,1580,28.56,209.2,0,0,0,0,0,0,No_Failure
8266,H55265,H,299.32,308.87,1624,36.93,122.1,0,0,0,0,0,0,No_Failure
8267,H55266,H,300.61,310.99,1415,38.5,191.2,0,0,0,0,0,0,No_Failure
8268,L55267,L,299.78,308.47,1406,32.65,252.4,0,0,0,0,0,0,No_Failure
8269,M55268,M,299.71,310.43,1537,55.76,130.7,0,0,0,0,0,0,No_Failure
8270,L55269,L,299.39,308.83,1271,51.55,183.1,0,0,0,0,0,0,No_Failure
8271,L55270,L,300.36,309.45,1560,30.53,21.5,0,0,0,0,0,0,No_Failure
8272,L55271,L,301.28,310.14,1353,48.17,241.9,0,0,0,0,0,0,No_Failure
8273,H55272,H,303.23,312.01,1632,35.2,42.0,0,0,0,0,0,0,No_Failure
8274,M55273,M,299.59,309.11,1263,27.71,202.6,0,0,0,0,0,0,No_Failure
8275,L55274,L,299.21,310.71,1398,32.82,123.4,0,0,0,0,0,0,No_Failure
8276,L55275,L,298.96,308.31,1365,27.44,163.0,0,0,0,0,0,0,No_Failure
8277,L55276,L,302.94,310.73,1446,49.41,150.8,0,0,0,0,0,0,No_Failure
8278,M55277,M,301.38,311.75,1748,31.24,105.1,0,0,0,0,0,0,No_Failure
8279,H55278,H,296.2,305.09,1652,52.88,240.9,0,0,0,0,0,0,No_Failure
8280,L55279,L,296.11,306.93,1414,41.41,78.5,0,0,0,0,0,0,No_Failure
8281,L55280,L,298.34,307.92,1414,35.96,58.5,0,0,0,0,0,0,No_Failure
8282,M55281,M,300.46,310.19,1659,34.98,226.2,0,0,0,0,0,0,No_Failure
8283,L55282,L,299.93,311.13,1290,57.53,74.4,0,0,0,0,0,0,No_Failure
8284,M55283,M,301.03,311.65,1504,40.1,27.3,0,0,0,0,0,0,No_Failure
8285,L55284,L,299.65,308.4,1391,34.96,39.6,0,0,0,0,0,0,No_Failure
8286,L55285,L,302.79,311.7,1469,48.53,90.4,0,0,0,0,0,0,No_Failure
8287,L55286,L,301.54,309.76,1646,45.86,222.2,1,0,0,0,0,1,TWF
8288,H55287,H,300.16,312.76,1380,30.12,167.9,0,0,0,0,0,0,No_Failure
8289,L55288,L,302.29,311.43,1675,40.05,32.1,0,0,0,0,0,0,No_Failure
8290,L55289,L,296.7,307.87,1896,21.91,135.4,0,0,0,0,0,0,No_Failure
8291,M55290,M,299.83,309.3,1609,39.67,157.6,0,0,0,0,0,0,No_Failure
8292,H55291,H,300.28,309.2,1485,43.14,204.4,0,0,0,0,0,0,No_Failure
8293,L55292,L,301.2,311.23,1708,44.48,142.6,0,0,0,0,0,0,No_Failure
8294,L55293,L,296.57,306.24,1300,30.01,86.9,0,0,0,0,0,0,No_Failure
8295,M55294,M,299.48,310.28,1774,32.61,252.0,1,0,0,0,0,1,TWF
8296,L55295,L,300.8,311.62,1364,42.47,65.7,0,0,0,0,0,0,No_Failure
8297,M55296,M,300.95,310.36,1890,52.5,244.0,0,0,0,0,0,0,No_Failure
8298,L55297,L,302.37,310.93,1371,40.92,52.9,0,1,0,0,0,1,HDF
8299,L55298,L,301.52,310.33,1619,34.42,131.1,0,0,0,0,0,0,No_Failure
8300,L55299,L,299.88,307.6,1219,49.7,28.0,0,1,0,0,0,1,HDF
8301,M55300,M,301.35,311.08,1462,41.29,225.9,0,0,0,0,0,0,No_Failure
8302,L55301,L,299.6,309.59,1306,41.79,123.8,0,0,0,0,0,0,No_Failure
8303,L55302,L,300.29,309.15,1241,47.98,223.6,0,0,0,0,0,0,No_Failure
8304,L55303,L,301.59,310.33,1717,39.04,208.7,1,0,0,0,0,1,TWF
8305,M55304,M,299.91,309.89,1279,30.67,48.1,0,0,0,0,0,0,No_Failure
8306,L55305,L,300.72,310.09,1368,38.45,14.8,0,0,0,0,0,0,No_Failure
8307,M55306,M,301.92,311.71,1347,51.12,231.9,0,0,0,0,0,0,No_Failure
8308,M55307,M,301.42,311.06,1705,58.93,142.2,0,0,1,0,0,1,PWF
8309,L55308,L,302.47,312.72,1683,27.81,215.7,0,0,0,0,0,0,No_Failure
8310,H55309,H,304.66,314.09,1729,56.37,174.5,0,0,1,0,0,1,PWF
8311,H55310,H,301.41,310.92,1358,36.33,194.7,0,0,0,0,0,0,No_Failure
8312,L55311,L,299.08,307.2,1743,40.2,122.3,0,0,0,0,0,0,No_Failure
8313,L55312,L,301.02,310.97,1357,57.0,185.5,0,0,0,0,0,0,No_Failure
8314,L55313,L,300.94,311.03,1364,35.9,232.4,0,0,0,0,0,0,No_Failure
8315,L55314,L,301.23,311.05,1374,37.26,179.5,0,0,0,0,0,0,No_Failure
8316,M55315,M,302.99,314.9,1381,33.57,235.7,0,0,0,0,0,0,No_Failure
8317,H55316,H,296.63,306.79,1484,40.38,61.1,0,0,0,0,0,0,No_Failure
8318,H55317,H,303.03,312.87,1349,43.12,203.1,0,0,0,0,0,0,No_Failure
8319,L55318,L,303.7,314.2,1542,33.13,134.0,0,0,0,0,0,0,No_Failure
8320,L55319,L,301.14,313.25,1030,54.5,15.4,0,0,0,0,0,0,No_Failure
8321,L55320,L,301.18,311.44,1541,32.53,163.3,0,0,0,0,0,0,No_Failure
8322,M55321,M,299.52,307.29,1304,44.98,158.7,0,1,0,0,0,1,HDF
8323,L55322,L,300.01,310.44,1380,40.27,250.7,1,0,0,0,0,1,TWF
8324,H55323,H,301.4,310.52,1384,52.44,164.4,0,0,0,0,0,0,No_Failure
8325,H55324,H,301.27,309.34,1670,31.96,33.1,0,0,0,0,0,0,No_Failure
8326,L55325,L,301.44,313.14,1591,45.73,250.8,1,0,0,0,0,1,TWF
8327,M55326,M,301.25,312.73,1470,64.21,79.7,0,0,0,0,0,0,No_Failure
8328,M55327,M,301.8,310.89,1371,25.58,176.4,0,0,0,0,0,0,No_Failure
8329,H55328,H,301.57,310.67,1641,30.99,151.4,0,0,0,0,0,0,No_Failure
8330,L55329,L,297.95,308.11,1823,60.84,89.9,0,0,1,0,0,1,PWF
8331,L55330,L,301.66,310.78,1495,38.66,102.9,0,0,0,0,0,0,No_Failure
8332,M55331,M,303.72,313.58,1212,41.14,165.2,0,0,0,0,0,0,No_Failure
8333,L55332,L,299.95,309.23,1373,36.68,220.5,0,0,0,0,0,0,No_Failure
8334,M55333,M,303.0,312.6,1601,56.54,239.5,0,0,1,0,0,1,PWF
8335,L55334,L,298.17,306.76,1420,23.86,250.7,0,0,0,0,0,0,No_Failure
8336,M55335,M,299.94,310.77,1345,52.37,29.5,0,0,0,0,0,0,No_Failure
8337,H55336,H,298.72,309.92,1338,25.22,47.5,0,0,0,0,0,0,No_Failure
8338,L55337,L,302.76,312.66,1517,24.33,52.0,0,0,0,0,0,0,No_Failure
8339,L55338,L,303.28,313.24,1224,29.13,246.2,1,0,0,0,0,1,TWF
8340,M55339,M,299.8,310.43,1494,38.72,24.7,0,0,0,0,0,0,No_Failure
8341,L55340,L,302.34,312.34,1516,32.86,176.4,0,0,0,0,0,0,No_Failure
8342,M55341,M,303.3,315.03,1419,32.26,242.3,0,0,1,0,0,1,PWF
8343,M55342,M,299.93,308.62,1312,30.72,145.6,0,0,0,0,0,0,No_Failure
8344,L55343,L,300.26,311.12,1683,30.9,2.0,0,1,0,0,0,1,HDF
8345,H55344,H,301.47,311.35,1260,30.67,16.6,0,0,0,0,0,0,No_Failure
8346,M55345,M,298.31,307.19,1531,42.35,179.6,0,0,0,0,0,0,No_Failure
8347,M55346,M,300.22,312.47,1631,33.64,100.8,0,0,0,0,0,0,No_Failure
8348,L55347,L,304.29,316.67,1529,13.35,127.9,0,0,0,0,0,0,No_Failure
8349,L55348,L,299.0,308.79,1722,39.63,11.4,0,0,0,0,0,0,No_Failure
8350,L55349,L,301.71,312.15,1296,47.49,227.3,0,0,0,0,0,0,No_Failure
8351,H55350,H,301.05,310.58,1358,37.21,229.1,0,0,0,0,0,0,No_Failure
8352,H55351,H,299.67,309.36,1417,27.39,152.3,0,0,0,0,0,0,No_Failure
8353,H55352,H,300.44,309.31,2092,47.45,120.5,0,0,0,0,0,0,No_Failure
8354,L55353,L,303.51,312.22,1591,26.27,99.6,0,0,0,0,0,0,No_Failure
8355,M55354,M,301.11,312.95,1625,36.79,50.1,0,0,0,0,0,0,No_Failure
8356,M55355,M,301.42,311.38,1618,39.78,237.7,0,0,0,0,0,0,No_Failure
8357,M55356,M,303.2,313.25,1514,50.79,123.8,0,0,0,0,0,0,No_Failure
8358,L55357,L,299.42,308.61,1689,45.78,27.3,0,0,0,0,0,0,No_Failure
8359,H55358,H,297.91,308.1,1163,42.38,200.6,0,0,0,0,0,0,No_Failure
8360,L55359,L,303.54,312.03,1550,49.31,245.9,1,0,0,0,0,1,TWF
8361,L55360,L,300.27,309.5,1577,28.42,71.5,0,0,0,0,0,0,No_Failure
8362,H55361,H,301.79,310.59,1683,55.8,173.8,0,0,0,0,0,0,No_Failure
8363,L55362,L,298.48,309.77,1292,9.35,252.2,0,0,0,0,0,0,No_Failure
8364,L55363,L,300.78,309.13,1305,54.28,29.1,0,1,0,0,0,1,HDF
8365,M55364,M,297.81,306.63,1317,31.59,205.6,0,0,0,0,0,0,No_Failure
8366,H55365,H,300.13,308.08,1594,43.8,126.1,0,0,0,0,0,0,No_Failure
8367,L55366,L,298.7,307.81,1597,54.48,169.3,0,0,0,0,0,0,No_Failure
8368,M55367,M,298.24,307.79,1329,45.61,45.7,0,0,0,0,0,0,No_Failure
8369,L55368,L,299.39,310.37,1845,43.72,55.1,0,0,0,0,0,0,No_Failure
8370,L55369,L,295.41,305.19,1552,48.66,140.7,0,0,0,0,0,0,No_Failure
8371,L55370,L,297.68,307.27,1522,25.2,63.4,0,0,0,0,0,0,No_Failure
8372,M55371,M,301.56,311.86,1463,26.7,151.0,0,0,0,0,0,0,No_Failure
8373,L55372,L,300.7,310.25,1667,42.71,22.2,0,0,0,0,0,0,No_Failure
8374,L55373,L,297.85,310.26,1570,38.02,197.8,0,0,0,0,0,0,No_Failure
8375,M55374,M,301.1,310.5,1840,36.87,69.3,0,0,0,0,0,0,No_Failure
8376,M55375,M,298.24,308.66,1281,52.38,186.5,0,0,0,0,0,0,No_Failure
8377,M55376,M,301.44,312.27,1222,51.51,41.2,0,0,0,0,0,0,No_Failure
8378,H55377,H,299.77,309.15,1367,30.79,202.3,0,0,0,0,0,0,No_Failure
8379,L55378,L,299.35,309.52,1600,44.42,3.4,0,0,0,0,0,0,No_Failure
8380,L55379,L,299.82,309.32,1423,24.36,43.2,0,0,0,0,0,0,No_Failure
8381,L55380,L,305.12,315.39,1729,24.12,85.5,0,0,0,0,0,0,No_Failure
8382,M55381,M,298.48,308.58,1429,31.07,197.3,0,0,0,0,0,0,No_Failure
8383,L55382,L,300.45,310.31,1695,39.47,8.0,0,0,0,0,0,0,No_Failure
8384,L55383,L,301.56,310.41,1350,33.47,187.3,0,0,0,0,0,0,No_Failure
8385,L55384,L,298.08,309.94,1713,44.51,59.5,0,0,0,0,0,0,No_Failure
8386,L55385,L,296.81,307.4,1746,39.85,252.2,1,0,0,0,0,1,TWF
8387,H55386,H,298.8,307.21,1398,51.14,72.6,0,0,0,0,0,0,No_Failure
8388,M55387,M,301.52,311.1,1588,45.46,36.9,0,0,0,0,1,1,RNF
8389,L55388,L,299.32,307.75,1548,29.61,172.9,0,0,0,0,0,0,No_Failure
8390,M55389,M,299.54,310.3,1593,49.01,70.0,0,0,0,0,0,0,No_Failure
8391,M55390,M,301.82,311.8,1731,31.38,136.7,0,0,0,0,0,0,No_Failure
8392,L55391,L,298.39,308.39,1675,44.11,195.3,0,0,0,0,0,0,No_Failure
8393,L55392,L,299.82,308.98,1593,35.08,202.4,0,0,0,0,0,0,No_Failure
8394,M55393,M,296.97,306.66,1619,53.24,55.8,0,0,0,0,0,0,No_Failure
8395,L55394,L,300.64,311.43,1272,47.31,53.1,0,0,0,0,0,0,No_Failure
8396,M55395,M,300.46,311.51,1493,33.07,68.6,0,0,0,0,0,0,No_Failure
8397,M55396,M,301.59,312.44,1302,36.14,99.9,0,0,0,0,0,0,No_Failure
8398,M55397,M,297.71,306.16,1497,72.69,189.0,0,0,0,0,0,0,No_Failure
8399,H55398,H,299.62,309.43,1701,27.39,137.1,0,0,0,0,0,0,No_Failure
8400,M55399,M,297.44,307.7,1499,32.8,222.6,0,0,0,0,0,0,No_Failure
8401,M55400,M,299.51,308.77,1049,33.29,176.7,0,0,0,0,0,0,No_Failure
8402,L55401,L,302.96,311.3,1312,28.41,155.2,0,0,0,0,1,1,RNF
8403,M55402,M,299.36,308.07,1605,29.46,131.7,0,0,0,0,0,0,No_Failure
8404,H55403,H,297.27,308.77,1403,38.91,104.4,0,0,0,0,0,0,No_Failure
8405,H55404,H,298.64,307.45,1641,44.77,87.5,0,0,0,0,0,0,No_Failure
8406,H55405,H,296.78,306.83,1283,24.07,44.3,0,0,0,0,0,0,No_Failure
8407,L55406,L,297.41,307.25,1569,34.99,68.3,0,0,0,0,0,0,No_Failure
8408,M55407,M,301.34,311.19,1578,31.96,227.9,0,0,0,0,0,0,No_Failure
8409,H55408,H,297.11,306.79,1642,28.3,209.9,0,0,0,0,0,0,No_Failure
8410,M55409,M,300.62,311.41,1382,49.96,1.1,0,0,0,0,0,0,No_Failure
8411,M55410,M,300.05,310.09,1640,32.35,56.7,0,0,0,0,0,0,No_Failure
8412,M55411,M,298.94,308.31,1771,26.3,204.2,1,0,0,0,0,1,TWF
8413,M55412,M,300.45,310.51,1091,48.8,148.1,0,0,0,0,0,0,No_Failure
8414,L55413,L,298.12,306.85,1509,52.51,18.0,0,0,0,0,0,0,No_Failure
8415,L55414,L,301.68,312.16,1175,42.38,204.3,0,0,0,0,0,0,No_Failure
8416,H55415,H,298.6,307.92,1345,30.59,190.6,0,0,0,0,0,0,No_Failure
8417,H55416,H,299.23,308.6,1360,37.22,71.2,0,0,0,0,0,0,No_Failure
8418,H55417,H,298.99,309.5,1488,33.45,188.2,0,0,0,0,0,0,No_Failure
8419,L55418,L,301.38,310.97,1568,39.51,224.3,0,0,0,0,0,0,No_Failure
8420,L55419,L,301.09,310.74,1663,47.16,163.7,0,0,0,0,0,0,No_Failure
8421,L55420,L,294.76,305.92,1548,39.75,188.1,0,0,0,0,0,0,No_Failure
8422,H55421,H,300.51,309.54,1621,39.96,12.4,0,0,0,0,0,0,No_Failure
8423,M55422,M,296.51,307.01,1306,34.87,143.0,0,0,0,0,0,0,No_Failure
8424,H55423,H,299.32,310.27,1690,46.65,190.7,0,0,0,0,0,0,No_Failure
8425,L55424,L,299.78,310.95,907,43.68,117.0,0,0,0,0,0,0,No_Failure
8426,M55425,M,299.3,311.47,1775,21.62,102.4,0,0,0,0,0,0,No_Failure
8427,M55426,M,301.0,310.36,1742,22.19,142.4,0,0,0,0,0,0,No_Failure
8428,L55427,L,301.44,310.57,1635,36.68,170.7,0,0,0,0,0,0,No_Failure
8429,H55428,H,298.45,309.27,1901,49.71,206.6,0,0,1,0,0,1,PWF
8430,M55429,M,298.38,309.32,1175,51.67,206.5,0,0,0,0,0,0,No_Failure
8431,L55430,L,299.93,309.14,1640,47.63,177.9,0,1,0,0,0,1,HDF
8432,L55431,L,296.91,307.4,1524,38.49,248.9,0,0,0,0,0,0,No_Failure
8433,H55432,H,299.05,311.77,1544,54.65,136.1,0,0,0,0,0,0,No_Failure
8434,M55433,M,302.7,312.8,1291,32.78,112.1,0,0,0,0,0,0,No_Failure
8435,M55434,M,296.99,307.91,1571,36.59,83.7,0,0,0,0,0,0,No_Failure
8436,M55435,M,299.32,310.9,1563,25.79,31.5,0,0,0,0,0,0,No_Failure
8437,L55436,L,298.82,311.32,1376,36.55,56.3,0,0,0,0,0,0,No_Failure
8438,M55437,M,304.01,314.26,1488,31.38,77.4,0,0,0,0,0,0,No_Failure
8439,H55438,H,298.92,310.18,1263,55.38,128.2,0,0,0,0,0,0,No_Failure
8440,L55439,L,299.04,308.25,1429,53.41,252.4,0,0,0,0,0,0,No_Failure
8441,M55440,M,297.94,307.96,1673,40.63,196.2,0,0,0,0,0,0,No_Failure
8442,L55441,L,300.02,309.57,1677,44.67,224.6,0,0,0,0,0,0,No_Failure
8443,L55442,L,300.54,308.65,1638,33.96,45.9,0,1,0,0,0,1,HDF
8444,L55443,L,298.23,306.63,1673,14.63,6.1,0,0,1,0,0,1,PWF
8445,H55444,H,301.98,312.41,1675,32.38,0.7,0,0,0,0,0,0,No_Failure
8446,L55445,L,300.54,310.99,1384,47.48,127.2,0,0,0,0,0,0,No_Failure
8447,L55446,L,301.7,310.66,1561,44.38,29.7,0,0,0,0,0,0,No_Failure
8448,M55447,M,299.34,310.9,1696,36.08,47.9,0,0,0,0,0,0,No_Failure
8449,L55448,L,300.49,309.38,1252,47.4,45.0,0,0,0,0,0,0,No_Failure
8450,M55449,M,299.57,309.83,1251,35.29,180.6,0,0,0,0,0,0,No_Failure
8451,H55450,H,302.92,312.5,1241,28.58,241.2,0,0,0,0,0,0,No_Failure
8452,L55451,L,300.23,310.34,1179,47.4,30.7,0,0,0,0,0,0,No_Failure
8453,L55452,L,300.02,310.92,1311,33.88,27.0,0,0,0,0,0,0,No_Failure
8454,H55453,H,299.08,309.84,1405,50.27,83.4,0,0,0,0,0,0,No_Failure
8455,L55454,L,298.97,309.68,1772,20.02,161.3,0,0,0,0,0,0,No_Failure
8456,L55455,L,300.48,311.06,1421,34.3,93.4,0,0,0,0,0,0,No_Failure
8457,H55456,H,301.64,310.37,1227,45.97,70.4,0,0,0,0,0,0,No_Failure
8458,H55457,H,298.63,309.77,1530,44.94,29.1,0,0,0,0,0,0,No_Failure
8459,M55458,M,300.25,309.19,1466,37.79,115.9,0,0,0,0,0,0,No_Failure
8460,M55459,M,300.37,310.26,1359,42.87,8.9,0,0,0,0,0,0,No_Failure
8461,H55460,H,300.72,310.37,1394,41.4,158.9,0,0,0,0,0,0,No_Failure
8462,M55461,M,296.59,306.94,1692,25.11,208.4,0,0,0,0,0,0,No_Failure
8463,M55462,M,298.15,307.67,1246,36.36,245.1,0,0,0,0,0,0,No_Failure
8464,H55463,H,297.27,307.11,1200,42.27,81.5,0,0,0,0,0,0,No_Failure
8465,M55464,M,300.07,311.68,1584,45.06,208.8,0,0,0,0,0,0,No_Failure
8466,M55465,M,298.2,306.9,1389,39.35,128.2,0,0,0,0,0,0,No_Failure
8467,L55466,L,299.01,309.01,1779,34.48,67.7,0,0,0,0,0,0,No_Failure
8468,M55467,M,297.61,306.5,1472,26.66,24.4,0,0,0,0,0,0,No_Failure
8469,M55468,M,299.19,309.87,1482,47.53,113.1,0,0,0,0,0,0,No_Failure
8470,L55469,L,297.75,307.03,1642,46.43,219.4,0,0,0,0,0,0,No_Failure
8471,L55470,L,301.52,311.55,1199,49.87,239.7,0,0,0,0,0,0,No_Failure
8472,H55471,H,300.96,309.63,1561,29.22,116.9,0,0,0,0,0,0,No_Failure
8473,L55472,L,300.3,311.59,1434,41.22,195.6,0,0,0,0,0,0,No_Failure
8474,L55473,L,299.4,309.47,1685,33.08,53.9,0,0,0,0,0,0,No_Failure
8475,L55474,L,295.92,306.06,1384,40.46,188.2,0,0,0,0,0,0,No_Failure
8476,L55475,L,299.08,309.91,1532,69.07,5.4,0,0,0,0,0,0,No_Failure
8477,M55476,M,298.48,307.23,1435,49.04,105.8,0,0,0,0,0,0,No_Failure
8478,L55477,L,300.49,309.88,1574,32.44,194.7,0,0,0,0,0,0,No_Failure
8479,L55478,L,301.24,311.41,1455,37.47,92.8,0,0,0,0,0,0,No_Failure
8480,H55479,H,300.65,308.89,1547,36.38,26.1,0,0,0,0,0,0,No_Failure
8481,L55480,L,302.53,310.87,1816,41.24,245.7,0,0,0,0,0,0,No_Failure
8482,L55481,L,298.86,308.04,1449,24.76,75.6,0,0,0,0,0,0,No_Failure
8483,H55482,H,298.78,307.64,1572,43.24,10.7,0,0,0,0,0,0,No_Failure
8484,M55483,M,302.08,311.73,1912,18.82,103.2,0,0,0,0,0,0,No_Failure
8485,M55484,M,300.33,310.85,1570,23.27,176.3,0,0,0,0,0,0,No_Failure
8486,H55485,H,299.51,310.26,1062,60.02,97.1,0,0,0,0,0,0,No_Failure
8487,H55486,H,303.69,315.5,1380,36.39,227.9,0,0,0,0,0,0,No_Failure
8488,L55487,L,301.16,311.13,1283,54.26,53.9,0,0,0,0,0,0,No_Failure
8489,M55488,M,299.62,309.77,1666,31.9,146.4,0,0,0,0,0,0,No_Failure
8490,M55489,M,298.63,308.6,1483,18.98,27.1,0,1,1,0,0,1,HDF
8491,L55490,L,302.65,312.97,1691,29.49,29.9,0,0,0,0,0,0,No_Failure
8492,H55491,H,300.41,310.81,1610,66.88,49.4,0,0,1,0,0,1,PWF
8493,L55492,L,300.05,310.97,1609,25.89,55.1,0,0,0,0,0,0,No_Failure
8494,H55493,H,301.35,312.27,1280,57.76,166.9,0,0,0,0,0,0,No_Failure
8495,M55494,M,301.76,312.28,1591,43.45,214.7,0,0,0,0,0,0,No_Failure
8496,M55495,M,301.1,312.61,1746,41.2,219.0,0,0,0,0,0,0,No_Failure
8497,L55496,L,301.77,311.79,1240,32.51,159.0,0,0,0,0,0,0,No_Failure
8498,H55497,H,300.9,310.29,1443,30.99,102.9,0,0,0,0,0,0,No_Failure
8499,M55498,M,301.11,310.66,1564,45.64,67.0,0,0,0,0,0,0,No_Failure
8500,L55499,L,298.54,308.43,1518,53.19,74.2,0,0,0,0,0,0,No_Failure
8501,L55500,L,303.62,312.54,1759,41.96,114.6,0,0,0,0,0,0,No_Failure
8502,M55501,M,297.53,306.92,1631,47.4,159.1,0,0,0,0,0,0,No_Failure
8503,L55502,L,300.62,309.48,1573,35.74,140.5,0,0,0,0,0,0,No_Failure
8504,M55503,M,297.33,307.67,1647,61.73,192.7,0,0,0,0,0,0,No_Failure
8505,M55504,M,299.8,310.16,1638,42.39,32.5,0,0,0,0,0,0,No_Failure
8506,L55505,L,298.86,307.09,1507,60.33,28.6,0,0,1,0,0,1,PWF
8507,M55506,M,300.27,309.62,1436,30.35,250.7,0,0,0,0,0,0,No_Failure
8508,L55507,L,300.68,312.51,1678,39.55,79.9,0,0,0,0,0,0,No_Failure
8509,H55508,H,298.09,308.72,1366,50.71,245.8,0,0,0,0,0,0,No_Failure
8510,H55509,H,299.94,310.4,1487,41.42,73.2,0,0,0,0,0,0,No_Failure
8511,L55510,L,302.79,312.12,1292,45.18,16.4,0,0,0,0,0,0,No_Failure
8512,M55511,M,297.38,307.66,1632,30.22,128.4,0,0,0,0,0,0,No_Failure
8513,M55512,M,298.29,308.28,1722,35.95,49.9,0,0,0,0,0,0,No_Failure
8514,H55513,H,301.72,310.92,1332,31.25,227.6,0,0,0,0,0,0,No_Failure
8515,L55514,L,300.16,309.66,1472,39.14,109.4,0,0,0,0,0,0,No_Failure
8516,M55515,M,300.3,309.83,1414,38.12,111.6,0,0,0,0,0,0,No_Failure
8517,H55516,H,302.04,310.56,1694,34.71,98.6,0,0,0,0,0,0,No_Failure
8518,L55517,L,298.41,307.09,1755,46.32,28.1,0,0,0,0,0,0,No_Failure
8519,M55518,M,298.96,308.76,1414,29.35,157.7,0,0,0,0,0,0,No_Failure
8520,L55519,L,298.71,307.87,944,18.51,39.1,0,0,1,0,0,1,PWF
8521,M55520,M,299.3,309.0,1708,34.28,161.8,0,0,0,0,0,0,No_Failure
8522,L55521,L,302.68,311.07,1508,61.52,101.2,0,0,0,0,0,0,No_Failure
8523,H55522,H,296.6,307.4,1509,45.1,215.8,0,0,0,0,0,0,No_Failure
8524,L55523,L,297.61,309.69,1673,31.54,131.7,0,0,0,0,0,0,No_Failure
8525,L55524,L,297.27,308.3,1434,44.45,224.8,0,0,0,0,0,0,No_Failure
8526,H55525,H,302.8,313.93,1387,38.66,6.4,0,0,0,0,0,0,No_Failure
8527,H55526,H,298.77,309.4,1436,43.88,183.5,0,0,0,0,0,0,No_Failure
8528,M55527,M,299.35,309.61,1588,48.81,141.4,0,0,0,0,0,0,No_Failure
8529,M55528,M,296.77,306.86,1658,41.94,42.7,0,0,0,0,0,0,No_Failure
8530,L55529,L,299.48,308.56,1794,41.21,26.8,0,0,0,0,0,0,No_Failure
8531,M55530,M,301.73,312.42,1573,54.87,186.5,0,0,1,0,0,1,PWF
8532,L55531,L,300.51,311.14,1474,45.4,95.0,0,0,0,0,0,0,No_Failure
8533,L55532,L,299.78,309.32,1660,41.95,19.3,0,0,0,0,0,0,No_Failure
8534,H55533,H,296.87,307.4,1325,40.42,175.8,0,0,0,0,0,0,No_Failure
8535,M55534,M,299.34,308.65,1755,34.34,73.6,0,0,0,0,0,0,No_Failure
8536,L55535,L,300.29,309.66,1538,27.54,75.9,0,0,0,0,0,0,No_Failure
8537,L55536,L,298.02,308.79,1459,46.7,20.8,0,0,0,0,0,0,No_Failure
8538,H55537,H,301.31,311.74,1326,52.77,106.9,0,0,0,0,0,0,No_Failure
8539,L55538,L,301.77,311.54,1613,44.28,231.0,1,0,0,0,0,1,TWF
8540,L55539,L,298.94,308.6,1449,45.66,217.6,0,0,0,0,0,0,No_Failure
8541,L55540,L,301.45,311.63,1483,31.13,83.8,0,0,0,0,0,0,No_Failure
8542,L55541,L,299.78,307.95,1199,34.04,77.6,0,0,0,0,0,0,No_Failure
8543,L55542,L,302.29,311.54,1422,27.18,219.2,0,0,0,0,0,0,No_Failure
8544,H55543,H,304.07,312.8,1398,37.5,187.1,0,0,0,0,0,0,No_Failure
8545,L55544,L,297.81,307.82,1575,49.83,51.6,0,0,0,0,0,0,No_Failure
8546,M55545,M,301.54,312.63,1452,33.03,227.3,0,0,0,0,0,0,No_Failure
8547,M55546,M,302.61,313.09,1023,39.25,230.7,0,0,0,0,0,0,No_Failure
8548,M55547,M,298.06,307.55,1425,47.02,86.1,0,0,0,0,0,0,No_Failure
8549,M55548,M,298.85,308.14,1238,52.08,225.9,1,0,0,0,0,1,TWF
8550,M55549,M,298.83,308.07,1312,23.53,167.9,0,0,0,0,0,0,No_Failure
8551,M55550,M,299.73,311.73,1681,35.23,221.5,0,0,0,0,0,0,No_Failure
8552,M55551,M,299.29,309.36,1196,32.62,97.5,0,0,0,0,0,0,No_Failure
8553,M55552,M,299.6,309.8,1553,31.23,100.7,0,0,0,0,0,0,No_Failure
8554,M55553,M,301.68,309.56,1409,36.17,127.2,0,0,0,0,0,0,No_Failure
8555,M55554,M,296.21,305.03,1374,20.53,66.7,0,0,0,0,0,0,No_Failure
8556,L55555,L,298.05,308.01,1324,36.32,135.9,0,0,0,0,0,0,No_Failure
8557,M55556,M,301.34,310.84,1558,40.35,128.8,0,0,0,0,0,0,No_Failure
8558,M55557,M,301.11,311.24,1578,29.57,47.6,0,0,0,0,0,0,No_Failure
8559,L55558,L,297.88,308.0,1189,35.18,226.6,0,0,0,0,0,0,No_Failure
8560,H55559,H,301.12,311.72,1707,40.2,26.5,0,0,0,0,0,0,No_Failure
8561,L55560,L,302.65,310.78,1286,41.2,223.2,0,1,0,0,0,1,HDF
8562,L55561,L,299.9,308.8,1570,23.66,136.1,0,0,0,0,0,0,No_Failure
8563,H55562,H,297.98,307.88,1287,47.0,122.0,0,0,0,0,0,0,No_Failure
8564,L55563,L,301.75,311.1,1417,47.24,217.2,0,0,0,0,0,0,No_Failure
8565,L55564,L,303.45,313.14,1270,32.58,114.7,0,0,0,0,0,0,No_Failure
8566,L55565,L,298.23,308.34,1405,56.78,76.6,0,0,0,0,0,0,No_Failure
8567,H55566,H,300.08,309.33,1464,44.56,40.0,0,0,0,0,0,0,No_Failure
8568,L55567,L,302.18,312.37,1293,43.11,174.0,0,0,0,0,0,0,No_Failure
8569,M55568,M,300.23,310.77,1557,46.83,210.8,0,0,0,0,0,0,No_Failure
8570,M55569,M,296.51,306.57,1580,29.67,129.1,0,0,0,0,0,0,No_Failure
8571,M55570,M,300.89,311.61,1987,36.47,71.5,0,0,0,0,0,0,No_Failure
8572,H55571,H,298.04,305.87,1667,46.18,238.0,1,0,0,0,0,1,TWF
8573,H55572,H,297.46,306.87,1712,32.02,163.6,0,0,0,0,0,0,No_Failure
8574,L55573,L,296.54,307.44,1182,36.48,137.8,0,0,0,0,0,0,No_Failure
8575,H55574,H,302.38,311.52,1147,46.01,200.4,0,0,0,0,0,0,No_Failure
8576,M55575,M,298.33,307.33,1447,43.1,84.5,0,0,0,0,0,0,No_Failure
8577,L55576,L,300.67,310.54,1822,40.21,186.3,0,0,0,0,0,0,No_Failure
8578,L55577,L,301.16,311.14,1945,40.63,88.7,0,0,0,0,0,0,No_Failure
8579,M55578,M,300.32,309.79,1376,38.25,65.3,0,0,0,0,0,0,No_Failure
8580,L55579,L,300.59,312.44,1394,48.53,58.9,0,0,0,0,0,0,No_Failure
8581,M55580,M,300.76,311.05,1598,60.9,223.5,0,0,0,0,0,0,No_Failure
8582,L55581,L,300.28,309.37,1465,42.93,203.8,0,0,0,0,0,0,No_Failure
8583,M55582,M,298.48,307.04,1469,52.82,52.7,0,0,0,0,0,0,No_Failure
8584,L55583,L,298.3,308.71,1614,35.63,17.8,0,0,0,0,0,0,No_Failure
8585,H55584,H,299.79,308.86,1989,33.18,39.1,0,0,0,0,0,0,No_Failure
8586,L55585,L,299.75,311.9,1735,32.12,77.8,0,0,0,0,0,0,No_Failure
8587,L55586,L,300.86,311.29,1836,30.82,154.3,0,0,0,0,0,0,No_Failure
8588,L55587,L,302.2,312.76,1168,37.06,168.4,0,0,0,0,0,0,No_Failure
8589,L55588,L,300.69,310.94,1693,48.86,28.8,0,0,0,0,0,0,No_Failure
8590,M55589,M,298.38,309.5,1329,50.03,115.0,0,0,0,0,0,0,No_Failure
8591,M55590,M,295.64,303.24,1802,34.9,131.8,0,0,0,0,0,0,No_Failure
8592,L55591,L,298.46,307.26,1744,36.76,65.6,0,0,0,0,0,0,No_Failure
8593,H55592,H,297.31,308.35,1609,39.98,184.6,0,0,0,0,0,0,No_Failure
8594,L55593,L,298.54,310.04,1366,42.34,150.6,0,0,0,0,0,0,No_Failure
8595,L55594,L,300.48,309.25,1413,45.87,184.9,0,0,0,0,0,0,No_Failure
8596,M55595,M,300.17,308.35,1427,36.01,176.7,0,0,0,0,0,0,No_Failure
8597,M55596,M,303.72,313.88,1637,38.0,226.9,1,0,0,0,0,1,TWF
8598,M55597,M,300.97,311.45,1573,53.55,170.3,0,0,0,0,0,0,No_Failure
8599,L55598,L,303.82,313.97,1756,37.21,202.4,0,0,0,0,0,0,No_Failure
8600,L55599,L,301.43,311.37,1790,34.25,128.9,0,0,0,0,0,0,No_Failure
8601,M55600,M,302.17,310.32,1348,39.14,60.0,0,0,0,0,0,0,No_Failure
8602,L55601,L,299.28,308.91,1586,40.78,23.0,0,0,0,0,0,0,No_Failure
8603,L55602,L,297.85,307.63,1583,24.59,123.8,0,0,0,0,0,0,No_Failure
8604,H55603,H,299.1,308.55,1483,35.56,202.0,0,0,0,0,0,0,No_Failure
8605,M55604,M,299.98,308.06,1670,44.2,147.6,0,0,0,0,0,0,No_Failure
8606,L55605,L,298.74,309.33,1588,60.04,6.5,0,0,0,0,0,0,No_Failure
8607,L55606,L,298.0,308.86,1397,34.71,60.5,0,0,0,0,0,0,No_Failure
8608,M55607,M,300.83,310.04,1474,47.65,111.6,0,0,0,0,0,0,No_Failure
8609,L55608,L,297.99,307.8,1437,41.79,101.8,0,0,0,0,0,0,No_Failure
8610,L55609,L,296.93,306.44,1369,51.6,176.4,0,0,0,0,0,0,No_Failure
8611,L55610,L,297.76,307.27,1485,33.81,44.5,0,0,0,0,0,0,No_Failure
8612,M55611,M,299.53,310.02,1267,51.03,93.6,0,0,0,0,0,0,No_Failure
8613,M55612,M,298.02,308.54,1585,54.02,135.6,0,0,0,0,0,0,No_Failure
8614,L55613,L,299.54,310.62,1753,54.45,248.9,0,0,0,0,0,0,No_Failure
8615,L55614,L,301.2,312.25,1509,54.27,234.1,0,0,0,0,0,0,No_Failure
8616,M55615,M,301.15,310.98,1670,41.91,96.6,0,0,0,0,0,0,No_Failure
8617,M55616,M,298.68,311.52,1528,45.85,84.5,0,0,0,0,0,0,No_Failure
8618,M55617,M,297.39,308.94,1316,35.8,240.3,0,0,0,0,0,0,No_Failure
8619,L55618,L,298.85,308.19,1861,17.77,218.0,0,0,1,0,0,1,PWF
8620,M55619,M,301.31,311.44,1064,42.56,179.7,0,0,0,0,0,0,No_Failure
8621,H55620,H,301.78,309.79,1502,38.39,157.3,0,0,0,0,0,0,No_Failure
8622,M55621,M,300.71,310.73,1362,49.63,184.4,0,0,0,0,0,0,No_Failure
8623,L55622,L,302.4,314.08,1785,48.62,179.6,0,0,0,0,0,0,No_Failure
8624,M55623,M,303.46,316.24,1539,29.38,211.7,0,0,0,0,0,0,No_Failure
8625,L55624,L,299.03,308.91,1960,63.39,183.1,0,0,1,0,0,1,PWF
8626,L55625,L,302.97,313.31,1506,43.88,164.5,0,0,0,0,0,0,No_Failure
8627,L55626,L,299.48,310.08,1363,27.16,237.0,0,0,0,0,0,0,No_Failure
8628,H55627,H,302.04,314.02,1192,28.56,238.0,0,0,0,0,0,0,No_Failure
8629,L55628,L,301.42,310.43,1699,18.22,105.5,0,0,0,0,0,0,No_Failure
8630,H55629,H,296.05,308.7,1350,47.64,252.6,1,0,0,0,0,1,TWF
8631,M55630,M,298.07,307.75,1424,34.73,99.5,0,0,0,0,0,0,No_Failure
8632,M55631,M,297.56,306.39,1721,31.6,63.0,0,0,0,0,0,0,No_Failure
8633,L55632,L,296.44,306.12,1690,33.56,52.5,0,0,0,0,0,0,No_Failure
8634,M55633,M,301.76,310.95,1390,36.99,30.1,0,0,0,0,0,0,No_Failure
8635,L55634,L,304.14,314.56,1418,45.76,92.3,0,0,0,0,0,0,No_Failure
8636,L55635,L,299.48,307.83,1184,23.56,244.9,0,1,0,0,0,1,HDF
8637,L55636,L,301.71,311.85,1130,29.3,82.1,0,0,0,0,0,0,No_Failure
8638,L55637,L,302.97,313.63,1637,44.65,232.6,0,0,0,0,0,0,No_Failure
8639,M55638,M,300.42,311.9,1657,34.06,27.1,0,0,0,0,0,0,No_Failure
8640,L55639,L,299.95,310.63,1564,45.82,37.0,0,0,0,0,0,0,No_Failure
8641,L55640,L,299.51,310.93,1534,35.03,41.3,0,0,0,0,0,0,No_Failure
8642,H55641,H,301.08,310.47,1373,55.75,139.0,0,0,0,0,0,0,No_Failure
8643,L55642,L,301.75,312.14,1764,42.09,250.9,0,0,0,0,0,0,No_Failure
8644,L55643,L,300.92,308.69,1179,52.26,51.6,0,1,0,0,0,1,HDF
8645,L55644,L,300.85,310.74,1416,45.18,84.5,0,0,0,0,0,0,No_Failure
8646,L55645,L,299.9,310.28,1529,45.78,215.9,0,0,0,0,0,0,No_Failure
8647,M55646,M,296.81,307.29,1500,32.48,134.4,0,0,0,0,0,0,No_Failure
8648,L55647,L,301.8,310.22,1500,51.67,87.2,0,0,0,0,0,0,No_Failure
8649,L55648,L,297.43,307.04,1407,42.16,106.9,0,0,0,0,0,0,No_Failure
8650,M55649,M,301.24,310.99,1597,30.46,186.0,0,0,0,0,0,0,No_Failure
8651,L55650,L,301.51,311.08,1281,18.9,91.7,0,1,0,0,0,1,HDF
8652,H55651,H,297.72,308.44,1474,41.4,167.6,0,0,0,0,0,0,No_Failure
8653,H55652,H,298.78,308.57,1578,55.08,202.6,0,0,1,0,0,1,PWF
8654,L55653,L,304.24,314.34,1440,30.93,14.4,0,0,0,0,0,0,No_Failure
8655,L55654,L,299.84,309.35,1501,30.59,189.7,0,0,0,0,0,0,No_Failure
8656,L55655,L,297.56,308.62,1539,36.84,238.9,0,0,0,0,0,0,No_Failure
8657,L55656,L,301.6,312.74,1183,51.01,20.3,0,0,0,0,0,0,No_Failure
8658,L55657,L,298.45,308.15,1200,21.63,20.7,0,0,1,0,0,1,PWF
8659,M55658,M,296.16,309.01,1524,33.5,155.7,0,0,0,0,0,0,No_Failure
8660,L55659,L,301.04,310.27,1390,29.94,171.1,0,0,0,0,0,0,No_Failure
8661,L55660,L,298.17,309.17,1401,45.62,117.0,0,0,0,0,0,0,No_Failure
8662,L55661,L,300.64,309.69,1602,38.57,236.7,0,0,0,0,0,0,No_Failure
8663,H55662,H,298.37,309.15,1322,36.53,32.0,0,0,0,0,0,0,No_Failure
8664,H55663,H,301.41,312.11,1066,38.2,30.0,0,0,0,0,0,0,No_Failure
8665,L55664,L,300.37,309.36,1798,47.85,2.6,0,0,0,0,0,0,No_Failure
8666,M55665,M,294.82,304.69,1718,51.22,208.0,0,0,0,0,0,0,No_Failure
8667,L55666,L,300.76,312.63,1715,50.25,22.8,0,0,0,0,0,0,No_Failure
8668,M55667,M,299.42,308.61,1298,45.75,152.7,0,0,0,0,0,0,No_Failure
8669,M55668,M,302.83,313.24,1486,53.84,235.2,0,0,0,0,0,0,No_Failure
8670,H55669,H,300.79,311.13,1272,30.68,13.3,0,0,0,0,0,0,No_Failure
8671,L55670,L,301.51,311.47,1489,43.88,29.7,0,0,0,0,0,0,No_Failure
8672,L55671,L,298.58,306.85,1437,63.49,220.4,0,0,1,0,0,1,PWF
8673,H55672,H,298.42,309.25,1306,21.63,70.2,0,0,1,0,0,1,PWF
8674,L55673,L,299.95,309.96,1591,34.66,106.9,0,0,0,0,0,0,No_Failure
8675,L55674,L,299.28,310.38,1453,29.64,146.8,0,0,0,0,0,0,No_Failure
8676,M55675,M,302.68,312.91,1810,42.89,181.3,0,0,0,0,0,0,No_Failure
8677,M55676,M,299.69,309.76,1515,54.38,46.5,0,0,0,0,0,0,No_Failure
8678,M55677,M,297.55,307.92,1041,45.38,221.1,0,0,0,0,0,0,No_Failure
8679,M55678,M,298.34,307.36,1174,37.83,195.9,0,0,0,0,0,0,No_Failure
8680,M55679,M,301.93,313.49,1877,45.46,22.9,0,0,0,0,0,0,No_Failure
8681,L55680,L,299.67,309.29,1435,37.1,27.4,0,0,0,0,0,0,No_Failure
8682,M55681,M,299.56,309.2,1543,41.94,178.9,0,0,0,0,0,0,No_Failure
8683,M55682,M,302.12,313.41,1502,46.19,119.6,0,0,0,0,0,0,No_Failure
8684,H55683,H,298.17,308.42,1755,57.53,114.5,0,0,0,0,0,0,No_Failure
8685,L55684,L,295.53,305.29,1157,44.49,55.0,0,0,0,0,0,0,No_Failure
8686,L55685,L,298.29,308.71,1739,42.18,180.2,0,0,0,0,0,0,No_Failure
8687,M55686,M,300.48,311.11,1727,60.35,28.9,0,0,0,0,0,0,No_Failure
8688,L55687,L,299.5,309.38,1501,20.44,94.4,0,0,0,0,0,0,No_Failure
8689,L55688,L,296.88,307.8,1574,39.08,182.7,0,0,0,0,0,0,No_Failure
8690,H55689,H,302.03,310.76,1433,32.59,248.1,0,0,0,0,0,0,No_Failure
8691,M55690,M,300.33,310.59,1197,37.62,53.7,0,0,0,0,0,0,No_Failure
8692,L55691,L,300.78,311.58,1604,46.04,160.9,0,0,0,0,0,0,No_Failure
8693,L55692,L,300.84,311.46,1544,49.81,16.2,0,0,0,0,0,0,No_Failure
8694,L55693,L,297.4,305.16,1548,34.8,67.5,0,0,0,0,0,0,No_Failure
8695,M55694,M,300.61,310.48,1587,46.69,24.4,0,0,0,0,0,0,No_Failure
8696,L55695,L,301.81,310.6,1391,31.02,210.2,0,0,0,0,0,0,No_Failure
8697,L55696,L,302.28,313.57,1769,27.2,105.8,0,0,0,0,0,0,No_Failure
8698,L55697,L,301.44,311.05,1501,40.71,225.5,0,0,0,0,0,0,No_Failure
8699,L55698,L,301.03,312.2,1598,37.81,10.2,0,0,0,0,0,0,No_Failure
8700,L55699,L,296.53,305.31,1451,54.91,176.7,0,0,0,0,0,0,No_Failure
8701,L55700,L,299.97,310.36,1689,61.28,130.1,0,0,0,0,0,0,No_Failure
8702,M55701,M,298.09,308.09,1519,33.91,175.5,0,0,0,0,0,0,No_Failure
8703,L55702,L,302.56,315.33,1485,21.88,244.6,0,0,0,0,0,0,No_Failure
8704,L55703,L,302.26,313.44,1717,26.33,246.1,0,0,0,0,0,0,No_Failure
8705,L55704,L,298.1,309.21,1190,31.64,210.2,0,0,0,0,0,0,No_Failure
8706,L55705,L,299.91,311.94,1450,42.07,53.3,0,0,0,0,0,0,No_Failure
8707,L55706,L,300.5,310.78,1390,37.39,192.1,0,0,0,0,0,0,No_Failure
8708,L55707,L,301.8,311.7,1567,27.41,242.2,0,0,0,0,0,0,No_Failure
8709,L55708,L,296.65,306.44,1557,57.86,87.6,0,0,1,0,0,1,PWF
8710,L55709,L,295.58,305.91,1498,46.63,88.4,0,0,0,0,0,0,No_Failure
8711,M55710,M,300.08,307.31,1371,57.59,120.9,0,0,0,0,0,0,No_Failure
8712,L55711,L,294.94,304.94,1496,21.99,175.9,0,0,1,0,0,1,PWF
8713,M55712,M,300.32,310.54,1558,52.73,62.7,0,0,0,0,0,0,No_Failure
8714,M55713,M,301.18,311.03,1468,38.51,40.0,0,0,0,0,0,0,No_Failure
8715,L55714,L,302.47,310.94,1699,36.08,72.5,0,0,0,0,0,0,No_Failure
8716,L55715,L,298.75,308.61,1610,40.24,163.3,0,0,0,0,0,0,No_Failure
8717,L55716,L,300.32,308.79,1503,33.01,10.7,0,1,0,0,0,1,HDF
8718,L55717,L,301.3,313.08,1078,38.57,234.7,0,0,0,0,0,0,No_Failure
8719,M55718,M,297.65,307.39,1461,49.46,141.1,0,0,0,0,0,0,No_Failure
8720,L55719,L,301.83,309.77,1613,20.37,26.9,0,0,0,0,0,0,No_Failure
8721,H55720,H,300.55,310.34,1450,54.97,183.0,0,0,0,0,0,0,No_Failure
8722,L55721,L,298.79,309.68,1555,43.92,72.5,0,0,0,0,0,0,No_Failure
8723,M55722,M,300.28,310.46,1460,38.9,194.0,0,0,0,0,0,0,No_Failure
8724,M55723,M,299.72,308.81,1542,49.36,222.7,0,0,0,0,0,0,No_Failure
8725,M55724,M,301.56,310.88,1752,43.64,127.4,0,0,0,0,0,0,No_Failure
8726,H55725,H,299.28,308.99,1642,35.2,46.7,0,0,0,0,0,0,No_Failure
8727,H55726,H,300.45,310.01,1267,32.27,119.5,0,0,0,0,0,0,No_Failure
8728,L55727,L,298.76,307.5,1202,55.0,144.5,0,0,0,0,0,0,No_Failure
8729,L55728,L,298.12,308.06,1580,25.21,91.0,0,0,0,0,0,0,No_Failure
8730,L55729,L,300.34,309.01,1710,38.03,194.6,0,0,0,0,0,0,No_Failure
8731,L55730,L,298.21,309.16,1201,25.9,68.7,0,0,1,0,0,1,PWF
8732,M55731,M,301.6,312.67,1462,44.88,212.9,0,0,0,0,0,0,No_Failure
8733,L55732,L,301.18,310.18,1927,39.03,110.7,0,0,0,0,0,0,No_Failure
8734,L55733,L,298.47,307.75,1452,27.5,148.4,0,0,0,0,0,0,No_Failure
8735,M55734,M,300.43,310.0,1955,31.31,14.2,0,0,0,0,0,0,No_Failure
8736,L55735,L,298.46,308.43,1352,40.44,53.2,0,0,0,0,0,0,No_Failure
8737,M55736,M,296.79,307.05,1384,42.85,111.0,0,0,0,0,0,0,No_Failure
8738,L55737,L,298.81,309.27,1373,20.63,187.0,0,0,1,0,0,1,PWF
8739,M55738,M,299.9,310.34,1270,32.95,245.7,0,0,0,0,0,0,No_Failure
8740,M55739,M,301.04,312.6,1196,41.6,18.4,0,0,0,0,0,0,No_Failure
8741,L55740,L,300.3,310.36,1460,52.1,237.0,0,0,0,0,0,0,No_Failure
8742,M55741,M,301.82,310.51,1526,48.39,77.9,0,0,0,0,0,0,No_Failure
8743,L55742,L,298.04,306.43,1371,35.45,248.6,0,0,0,0,0,0,No_Failure
8744,M55743,M,299.25,310.88,1414,49.99,11.3,0,0,0,0,0,0,No_Failure
8745,M55744,M,303.29,313.8,1760,36.85,128.8,0,0,0,0,0,0,No_Failure
8746,L55745,L,296.14,306.34,1675,8.78,196.7,0,0,0,0,0,0,No_Failure
8747,M55746,M,299.1,309.55,1453,54.41,88.7,0,0,0,0,0,0,No_Failure
8748,H55747,H,297.86,308.02,1577,44.58,246.4,0,0,0,0,0,0,No_Failure
8749,M55748,M,299.61,310.04,1205,41.88,234.0,0,0,0,0,0,0,No_Failure
8750,M55749,M,299.13,308.76,1549,40.08,83.8,0,0,0,0,0,0,No_Failure
8751,M55750,M,301.2,312.26,1489,43.03,1.0,0,0,0,0,0,0,No_Failure
8752,L55751,L,300.51,309.99,1433,40.07,44.4,0,0,0,0,0,0,No_Failure
8753,M55752,M,297.39,306.49,1506,37.11,8.2,0,0,0,0,0,0,No_Failure
8754,H55753,H,298.82,307.13,1477,33.47,172.0,0,0,0,0,0,0,No_Failure
8755,L55754,L,300.0,309.76,1264,40.77,35.7,0,0,0,0,0,0,No_Failure
8756,L55755,L,301.48,312.75,1802,31.19,121.4,0,0,0,0,0,0,No_Failure
8757,L55756,L,304.87,314.41,1671,28.58,47.4,0,0,0,0,0,0,No_Failure
8758,L55757,L,301.41,310.03,1430,42.7,219.3,0,0,0,0,0,0,No_Failure
8759,L55758,L,297.98,308.26,1183,49.8,74.5,0,0,0,0,0,0,No_Failure
8760,L55759,L,299.81,309.16,1058,32.04,176.6,0,0,0,0,0,0,No_Failure
8761,M55760,M,300.36,311.91,1861,33.78,148.2,0,1,0,0,0,1,HDF
8762,L55761,L,298.96,310.04,1469,23.04,95.0,0,0,0,0,0,0,No_Failure
8763,L55762,L,300.94,309.67,1637,26.84,192.3,0,0,0,0,0,0,No_Failure
8764,M55763,M,295.46,305.28,1329,27.22,29.0,0,0,0,0,0,0,No_Failure
8765,L55764,L,301.11,310.35,1445,49.74,179.9,0,0,0,0,0,0,No_Failure
8766,L55765,L,299.05,307.89,1454,22.64,45.4,0,0,1,0,0,1,PWF
8767,M55766,M,299.78,309.72,1543,44.59,20.7,0,0,0,0,0,0,No_Failure
8768,H55767,H,302.93,313.75,1516,37.35,244.9,0,0,0,0,0,0,No_Failure
8769,M55768,M,297.48,307.4,1334,46.05,43.5,0,0,0,0,0,0,No_Failure
8770,L55769,L,300.55,310.03,1332,51.66,67.0,0,0,0,0,0,0,No_Failure
8771,L55770,L,301.59,309.38,1485,39.7,2.6,0,0,0,0,0,0,No_Failure
8772,H55771,H,300.34,309.67,1184,51.34,171.3,0,0,0,0,0,0,No_Failure
8773,M55772,M,296.77,307.32,1352,55.5,192.3,0,0,0,0,0,0,No_Failure
8774,M55773,M,302.7,311.36,1472,53.46,5.2,0,0,0,0,0,0,No_Failure
8775,M55774,M,299.58,310.86,1572,33.28,130.8,0,0,0,0,0,0,No_Failure
8776,L55775,L,298.94,308.36,1771,20.31,214.6,0,0,0,0,0,0,No_Failure
8777,L55776,L,299.38,309.57,1414,38.75,199.2,0,0,0,0,0,0,No_Failure
8778,M55777,M,299.24,308.84,1507,41.78,203.4,0,0,0,0,0,0,No_Failure
8779,H55778,H,297.62,306.44,1164,20.47,17.3,0,0,1,0,0,1,PWF
8780,L55779,L,300.33,310.77,1560,40.61,71.6,0,0,0,0,0,0,No_Failure
8781,M55780,M,298.81,308.21,1336,14.27,131.8,0,0,1,0,0,1,PWF
8782,L55781,L,301.34,310.51,1445,55.46,129.2,0,0,0,0,0,0,No_Failure
8783,H55782,H,301.04,308.66,1586,44.77,191.7,0,0,0,0,0,0,No_Failure
8784,L55783,L,303.25,314.55,1593,31.82,232.7,0,0,0,0,0,0,No_Failure
8785,M55784,M,299.58,309.58,1238,41.27,181.3,0,0,0,0,0,0,No_Failure
8786,L55785,L,298.39,309.5,1644,42.5,121.9,0,0,0,0,0,0,No_Failure
8787,M55786,M,297.06,307.68,1493,44.83,149.4,0,0,0,0,0,0,No_Failure
8788,M55787,M,304.39,315.49,1728,40.69,1.0,0,0,0,0,0,0,No_Failure
8789,L55788,L,301.32,310.76,1763,49.45,114.0,0,0,0,0,0,0,No_Failure
8790,H55789,H,298.62,307.24,1789,27.32,28.8,0,0,0,0,0,0,No_Failure
8791,H55790,H,303.39,314.15,1244,38.71,185.1,0,0,0,0,0,0,No_Failure
8792,H55791,H,302.71,312.84,1572,57.87,197.7,0,0,1,0,0,1,PWF
8793,L55792,L,297.3,306.83,1216,36.48,252.9,1,0,0,0,0,1,TWF
8794,M55793,M,298.49,309.24,1734,42.41,117.1,0,0,0,0,0,0,No_Failure
8795,M55794,M,299.74,310.04,1760,30.05,22.0,0,0,0,0,0,0,No_Failure
8796,M55795,M,297.86,308.5,1676,61.57,35.1,0,0,0,0,0,0,No_Failure
8797,L55796,L,299.81,308.78,1424,42.85,229.6,0,0,0,0,0,0,No_Failure
8798,M55797,M,301.42,312.4,1598,27.41,49.6,0,0,0,0,0,0,No_Failure
8799,L55798,L,297.25,307.25,1401,50.9,91.9,0,0,0,0,0,0,No_Failure
8800,L55799,L,300.59,311.67,1502,29.27,33.8,0,0,0,0,0,0,No_Failure
8801,L55800,L,302.34,313.31,1483,46.84,207.2,0,0,0,0,0,0,No_Failure
8802,L55801,L,300.8,311.49,1140,50.3,76.2,0,0,0,0,0,0,No_Failure
8803,L55802,L,299.85,309.74,1354,60.27,94.2,0,0,0,0,0,0,No_Failure
8804,L55803,L,298.66,309.37,1909,42.24,187.8,0,0,0,0,0,0,No_Failure
8805,M55804,M,301.66,312.77,1484,40.49,151.1,0,0,0,0,0,0,No_Failure
8806,M55805,M,297.65,308.25,1529,19.73,150.7,0,0,0,0,0,0,No_Failure
8807,L55806,L,300.49,310.69,1498,35.43,12.8,0,0,0,0,0,0,No_Failure
8808,M55807,M,300.05,310.76,1426,32.86,55.2,0,0,0,0,0,0,No_Failure
8809,H55808,H,302.25,311.73,1506,38.19,69.7,0,1,0,0,0,1,HDF
8810,H55809,H,298.83,310.35,1427,34.8,251.7,0,0,0,0,0,0,No_Failure
8811,H55810,H,299.0,307.32,1089,47.86,56.9,0,1,0,0,0,1,HDF
8812,H55811,H,297.52,307.55,1642,34.4,94.4,0,0,0,0,0,0,No_Failure
8813,M55812,M,300.87,310.47,1790,44.76,48.7,0,0,0,0,0,0,No_Failure
8814,H55813,H,299.15,308.51,1290,38.84,119.9,0,0,0,0,0,0,No_Failure
8815,H55814,H,298.28,308.58,1426,33.77,0.0,0,0,0,0,0,0,No_Failure
8816,L55815,L,298.47,307.34,1770,32.86,203.3,0,0,0,0,0,0,No_Failure
8817,H55816,H,301.07,313.23,1361,42.33,223.3,0,0,0,0,0,0,No_Failure
8818,M55817,M,297.79,306.44,1570,53.71,124.1,0,0,0,0,0,0,No_Failure
8819,M55818,M,297.97,307.02,2279,32.69,213.8,0,0,0,0,0,0,No_Failure
8820,H55819,H,301.79,310.75,1614,40.48,1.3,0,0,0,0,0,0,No_Failure
8821,L55820,L,299.67,309.87,1512,44.84,110.6,0,0,0,0,0,0,No_Failure
8822,L55821,L,301.91,312.93,1659,39.8,43.1,0,0,0,0,0,0,No_Failure
8823,M55822,M,299.28,309.81,1640,22.4,98.8,0,0,0,0,0,0,No_Failure
8824,M55823,M,300.0,311.47,1381,44.79,106.8,0,0,0,0,0,0,No_Failure
8825,H55824,H,300.31,309.49,1187,24.94,171.8,0,0,0,0,0,0,No_Failure
8826,H55825,H,302.77,313.43,1607,25.07,203.0,0,0,0,0,0,0,No_Failure
8827,M55826,M,302.61,312.31,1634,26.95,238.3,0,0,0,0,0,0,No_Failure
8828,H55827,H,302.31,312.53,1446,38.38,75.8,0,0,0,0,0,0,No_Failure
8829,L55828,L,298.74,309.85,1796,30.36,174.4,0,0,0,0,0,0,No_Failure
8830,H55829,H,298.03,306.33,1760,25.65,211.9,0,0,0,0,0,0,No_Failure
8831,L55830,L,301.52,313.51,1639,43.8,101.2,0,0,0,0,0,0,No_Failure
8832,M55831,M,302.75,312.61,1450,39.73,141.9,0,0,0,0,0,0,No_Failure
8833,L55832,L,302.33,310.72,1124,47.58,173.7,0,0,0,0,0,0,No_Failure
8834,M55833,M,300.03,309.33,1469,32.7,20.0,0,0,1,0,0,1,PWF
8835,L55834,L,301.46,311.56,1169,39.36,157.2,0,0,0,0,0,0,No_Failure
8836,L55835,L,301.49,310.8,1076,48.0,137.3,0,0,0,0,0,0,No_Failure
8837,M55836,M,300.3,308.25,1616,26.87,78.1,0,0,0,0,0,0,No_Failure
8838,M55837,M,300.38,310.48,1711,33.38,251.7,0,0,0,0,0,0,No_Failure
8839,L55838,L,300.2,309.47,1149,49.93,20.6,0,0,0,0,0,0,No_Failure
8840,M55839,M,298.42,309.07,1454,40.2,240.5,0,0,0,0,0,0,No_Failure
8841,L55840,L,298.63,307.56,1497,38.49,161.3,0,0,0,0,0,0,No_Failure
8842,L55841,L,298.6,310.86,1447,39.61,15.0,0,0,0,0,0,0,No_Failure
8843,L55842,L,296.8,307.32,1252,52.23,45.8,0,0,0,0,0,0,No_Failure
8844,M55843,M,300.29,310.48,1740,39.76,197.8,0,0,0,0,0,0,No_Failure
8845,M55844,M,299.92,310.54,1257,40.46,49.6,0,0,0,0,0,0,No_Failure
8846,M55845,M,301.52,309.7,1149,39.83,11.8,0,0,0,0,0,0,No_Failure
8847,H55846,H,302.52,312.02,1253,23.84,138.4,0,0,1,0,0,1,PWF
8848,M55847,M,302.65,314.43,1587,45.03,252.6,0,0,0,0,0,0,No_Failure
8849,M55848,M,302.84,312.52,1452,31.79,96.0,0,0,0,0,0,0,No_Failure
8850,H55849,H,298.49,308.42,1361,27.38,111.8,0,0,0,0,0,0,No_Failure
8851,L55850,L,297.14,306.67,1595,22.54,195.8,0,0,0,0,0,0,No_Failure
8852,L55851,L,301.86,313.33,1560,24.61,151.5,0,0,0,0,0,0,No_Failure
8853,L55852,L,302.76,312.52,1085,17.31,68.4,0,0,0,0,0,0,No_Failure
8854,M55853,M,303.11,311.86,1593,29.75,138.5,0,0,0,0,0,0,No_Failure
8855,M55854,M,300.97,313.55,1713,35.65,116.4,0,0,0,0,0,0,No_Failure
8856,L55855,L,296.01,304.63,1478,50.61,4.1,0,0,1,0,0,1,PWF
8857,H55856,H,300.73,310.63,1458,40.61,27.2,0,0,0,0,0,0,No_Failure
8858,H55857,H,301.11,310.27,1841,42.53,153.0,0,0,0,0,0,0,No_Failure
8859,L55858,L,302.5,311.8,1372,52.79,37.7,0,0,0,0,0,0,No_Failure
8860,L55859,L,302.86,311.8,1470,11.49,194.6,0,0,0,0,0,0,No_Failure
8861,L55860,L,301.82,311.28,1560,43.92,124.3,0,0,0,0,0,0,No_Failure
8862,L55861,L,298.83,309.81,1509,43.15,21.7,0,0,0,0,0,0,No_Failure
8863,H55862,H,297.94,306.04,1451,48.24,240.8,0,0,0,0,0,0,No_Failure
8864,M55863,M,301.07,312.33,1516,22.04,212.1,0,0,0,0,0,0,No_Failure
8865,L55864,L,298.42,309.5,1782,34.26,161.7,0,0,0,0,0,0,No_Failure
8866,L55865,L,302.95,313.46,1645,30.69,188.6,0,0,0,0,0,0,No_Failure
8867,L55866,L,296.59,306.72,1487,27.12,168.3,0,0,0,0,0,0,No_Failure
8868,L55867,L,301.13,311.41,1344,63.13,3.3,0,0,0,0,0,0,No_Failure
8869,L55868,L,300.64,312.06,1368,34.34,157.0,0,0,0,0,0,0,No_Failure
8870,M55869,M,299.59,307.84,1671,49.27,61.9,0,0,0,0,0,0,No_Failure
8871,M55870,M,298.15,308.88,1213,47.06,239.8,0,0,0,0,0,0,No_Failure
8872,H55871,H,295.88,305.13,1933,25.6,103.5,0,0,0,0,0,0,No_Failure
8873,L55872,L,298.94,309.76,1494,34.75,178.3,0,0,0,0,0,0,No_Failure
8874,M55873,M,298.97,308.36,1252,40.6,37.7,0,0,0,0,0,0,No_Failure
8875,L55874,L,302.22,312.93,1533,43.95,119.7,0,0,0,0,0,0,No_Failure
8876,L55875,L,298.43,306.89,1356,43.31,26.4,0,1,0,0,0,1,HDF
8877,H55876,H,300.91,309.21,1425,57.53,102.8,0,0,0,0,0,0,No_Failure
8878,M55877,M,297.42,307.3,1228,49.1,141.8,0,0,0,0,0,0,No_Failure
8879,L55878,L,300.96,312.4,1457,46.57,160.0,0,0,0,0,0,0,No_Failure
8880,L55879,L,295.52,306.06,1118,49.68,100.1,0,0,0,0,0,0,No_Failure
8881,M55880,M,304.19,314.72,1392,53.53,40.2,0,0,0,0,0,0,No_Failure
8882,H55881,H,299.72,310.58,1351,33.77,166.9,0,0,0,0,0,0,No_Failure
8883,M55882,M,294.41,304.01,1410,24.2,3.0,0,0,0,0,0,0,No_Failure
8884,L55883,L,298.56,309.18,1362,33.93,204.6,0,0,0,0,0,0,No_Failure
8885,L55884,L,298.25,307.67,1506,26.26,170.8,0,0,0,0,0,0,No_Failure
8886,L55885,L,298.69,308.37,1660,30.17,195.9,0,0,0,0,0,0,No_Failure
8887,L55886,L,299.27,309.08,1565,41.0,246.3,1,0,0,0,0,1,TWF
8888,M55887,M,298.67,308.13,1734,34.47,82.8,0,0,0,0,0,0,No_Failure
8889,M55888,M,298.37,308.3,1410,46.48,134.8,0,0,0,0,0,0,No_Failure
8890,L55889,L,297.68,307.43,1558,43.04,160.0,0,0,0,0,0,0,No_Failure
8891,M55890,M,301.64,310.94,1566,43.65,148.2,0,0,0,0,0,0,No_Failure
8892,M55891,M,302.4,312.26,1707,27.35,160.3,0,0,0,0,0,0,No_Failure
8893,M55892,M,299.49,309.65,1369,31.22,238.3,0,0,0,0,0,0,No_Failure
8894,L55893,L,299.96,308.86,1642,20.9,122.4,0,0,0,0,0,0,No_Failure
8895,L55894,L,297.75,308.16,1346,45.68,218.0,0,0,0,0,0,0,No_Failure
8896,L55895,L,300.14,309.65,1397,59.22,159.7,0,0,0,0,0,0,No_Failure
8897,L55896,L,300.46,310.66,1435,41.79,198.0,0,0,0,0,0,0,No_Failure
8898,L55897,L,299.56,308.9,1582,42.68,83.0,0,0,0,0,0,0,No_Failure
8899,L55898,L,300.79,311.84,1304,34.68,83.3,0,0,0,0,0,0,No_Failure
8900,L55899,L,300.62,311.57,1329,37.83,236.6,0,0,0,0,0,0,No_Failure
8901,L55900,L,297.89,306.84,1384,52.75,210.7,0,0,0,0,0,0,No_Failure
8902,H55901,H,302.39,312.91,1509,40.91,128.1,0,0,0,0,0,0,No_Failure
8903,M55902,M,299.58,311.03,1331,46.39,116.6,0,0,0,0,0,0,No_Failure
8904,L55903,L,303.35,312.4,1548,53.01,63.5,0,0,0,0,0,0,No_Failure
8905,H55904,H,300.84,309.97,1436,51.0,52.5,0,0,0,0,0,0,No_Failure
8906,L55905,L,303.94,314.68,1618,40.32,57.1,0,0,0,0,0,0,No_Failure
8907,L55906,L,302.35,311.04,1511,41.06,238.2,1,0,0,0,0,1,TWF
8908,H55907,H,300.45,309.68,1815,36.14,67.4,0,0,0,0,0,0,No_Failure
8909,L55908,L,298.55,307.54,1522,44.99,112.9,0,0,0,0,0,0,No_Failure
8910,L55909,L,298.6,309.34,1281,35.87,172.5,0,0,0,0,0,0,No_Failure
8911,L55910,L,301.07,310.37,1462,43.5,163.3,0,0,0,0,0,0,No_Failure
8912,M55911,M,300.29,310.0,1504,50.38,195.1,0,0,0,0,0,0,No_Failure
8913,M55912,M,298.82,308.07,1336,23.14,95.9,0,0,1,0,0,1,PWF
8914,L55913,L,301.67,312.81,1773,21.43,84.1,0,0,0,0,0,0,No_Failure
8915,L55914,L,300.08,309.22,1444,39.55,127.2,0,0,0,0,0,0,No_Failure
8916,L55915,L,301.68,310.27,1384,46.69,160.6,0,0,0,0,0,0,No_Failure
8917,M55916,M,298.05,306.6,1533,42.87,251.6,0,0,0,0,0,0,No_Failure
8918,L55917,L,302.0,312.69,1337,27.89,148.6,0,0,0,0,0,0,No_Failure
8919,H55918,H,301.0,311.77,1674,49.0,194.2,0,0,0,0,0,0,No_Failure
8920,M55919,M,302.4,313.64,1638,59.08,233.9,0,0,0,0,0,0,No_Failure
8921,L55920,L,301.95,310.69,1524,31.31,0.8,0,0,0,0,0,0,No_Failure
8922,M55921,M,299.83,309.6,1606,32.75,64.3,0,0,0,0,0,0,No_Failure
8923,L55922,L,299.67,312.1,1410,40.26,0.8,0,0,0,0,0,0,No_Failure
8924,L55923,L,303.57,313.26,1230,38.74,228.6,0,0,0,0,0,0,No_Failure
8925,L55924,L,299.42,308.86,1441,52.03,98.0,0,0,0,0,0,0,No_Failure
8926,L55925,L,301.5,311.48,1410,42.84,146.7,0,0,0,0,0,0,No_Failure
8927,M55926,M,299.24,309.77,1133,37.08,122.3,0,0,0,0,0,0,No_Failure
8928,H55927,H,296.28,306.79,1310,34.1,190.6,0,0,0,0,0,0,No_Failure
8929,L55928,L,297.55,306.93,1279,24.72,93.2,0,0,1,0,0,1,PWF
8930,L55929,L,300.81,310.23,1310,53.7,3.1,0,0,0,0,0,0,No_Failure
8931,M55930,M,301.4,311.11,1740,46.28,90.8,0,0,0,0,0,0,No_Failure
8932,L55931,L,300.82,310.09,1592,39.1,119.0,0,0,0,0,0,0,No_Failure
8933,L55932,L,302.29,311.06,1674,41.09,102.6,0,0,0,0,0,0,No_Failure
8934,H55933,H,300.78,312.59,1592,38.92,69.1,0,0,0,0,0,0,No_Failure
8935,H55934,H,298.45,308.04,1695,22.34,24.4,0,0,0,0,0,0,No_Failure
8936,H55935,H,301.19,310.84,1505,25.79,7.1,0,0,0,0,0,0,No_Failure
8937,L55936,L,300.34,310.02,1773,37.96,230.5,0,0,0,0,0,0,No_Failure
8938,L55937,L,298.85,308.77,1278,37.79,16.7,0,0,0,0,0,0,No_Failure
8939,L55938,L,300.95,311.38,1488,39.88,100.4,0,0,0,0,0,0,No_Failure
8940,H55939,H,300.16,309.69,1316,56.98,19.8,0,0,0,0,0,0,No_Failure
8941,L55940,L,298.79,309.93,1724,37.14,28.1,0,0,0,0,0,0,No_Failure
8942,L55941,L,299.64,310.24,1576,32.37,163.8,0,0,0,0,0,0,No_Failure
8943,L55942,L,302.83,312.64,1714,40.53,233.7,0,0,0,0,0,0,No_Failure
8944,M55943,M,302.76,312.1,1247,26.03,88.1,0,0,1,0,0,1,PWF
8945,M55944,M,300.38,311.46,1392,41.56,188.6,0,0,0,0,0,0,No_Failure
8946,M55945,M,300.11,309.95,1179,32.75,197.5,0,0,0,0,0,0,No_Failure
8947,L55946,L,297.13,305.89,1565,42.25,162.0,0,0,0,0,0,0,No_Failure
8948,M55947,M,303.44,314.46,1423,38.2,219.8,1,0,0,0,0,1,TWF
8949,L55948,L,302.07,311.35,1636,38.59,47.2,0,0,0,0,0,0,No_Failure
8950,L55949,L,301.5,312.37,1506,46.27,19.0,0,0,0,0,0,0,No_Failure
8951,L55950,L,295.45,302.94,1117,47.34,115.4,0,1,0,0,0,1,HDF
8952,M55951,M,300.08,309.71,1201,60.33,135.1,0,0,0,0,0,0,No_Failure
8953,L55952,L,299.75,310.91,1515,46.94,94.1,0,0,0,0,0,0,No_Failure
8954,H55953,H,301.37,311.37,1584,37.55,233.2,0,0,0,0,0,0,No_Failure
8955,L55954,L,299.1,309.7,1101,33.67,31.2,0,0,0,0,0,0,No_Failure
8956,L55955,L,299.54,308.63,1485,43.47,236.0,0,0,0,0,0,0,No_Failure
8957,M55956,M,301.24,311.59,1317,54.61,106.9,0,0,0,0,0,0,No_Failure
8958,M55957,M,298.45,308.46,1300,48.56,210.8,0,0,0,0,0,0,No_Failure
8959,L55958,L,298.85,309.1,1382,32.88,95.6,0,0,0,0,0,0,No_Failure
8960,M55959,M,300.39,312.43,1522,44.53,128.5,0,0,0,0,0,0,No_Failure
8961,L55960,L,302.68,313.98,1373,42.22,174.1,0,0,0,0,0,0,No_Failure
8962,L55961,L,301.62,312.41,1142,50.49,119.9,0,0,0,0,0,0,No_Failure
8963,M55962,M,302.15,312.96,1521,43.01,221.1,0,0,0,0,0,0,No_Failure
8964,M55963,M,300.13,309.22,1437,42.64,135.9,0,0,0,0,0,0,No_Failure
8965,L55964,L,302.99,312.52,1331,28.19,4.6,0,0,0,0,0,0,No_Failure
8966,L55965,L,296.52,304.99,1445,47.92,202.0,0,0,0,0,0,0,No_Failure
8967,M55966,M,304.04,312.77,1437,26.09,125.0,0,0,0,0,0,0,No_Failure
8968,L55967,L,304.3,313.42,1508,40.9,170.4,0,0,0,0,0,0,No_Failure
8969,H55968,H,300.91,310.88,1455,34.49,81.8,0,0,0,0,0,0,No_Failure
8970,M55969,M,301.66,310.44,1530,33.9,176.8,0,0,0,0,0,0,No_Failure
8971,H55970,H,299.92,309.88,1491,45.83,182.8,0,0,0,0,0,0,No_Failure
8972,L55971,L,299.58,309.43,1648,39.97,252.6,1,0,0,0,0,1,TWF
8973,H55972,H,298.78,307.64,1785,16.07,92.3,0,0,1,0,0,1,PWF
8974,L55973,L,299.9,311.43,1497,38.02,55.6,0,0,0,0,0,0,No_Failure
8975,L55974,L,301.11,309.79,1388,36.12,121.9,0,0,0,0,0,0,No_Failure
8976,L55975,L,300.84,311.96,1241,52.57,175.0,0,0,0,0,0,0,No_Failure
8977,L55976,L,303.97,311.72,1616,27.58,121.9,0,0,0,0,0,0,No_Failure
8978,H55977,H,300.2,310.06,1338,59.17,218.0,0,0,0,0,0,0,No_Failure
8979,M55978,M,297.02,305.82,1923,48.57,243.7,0,0,0,0,0,0,No_Failure
8980,M55979,M,303.29,312.63,2000,37.22,247.9,0,0,0,0,0,0,No_Failure
8981,M55980,M,297.56,309.37,1462,35.81,31.9,0,0,0,0,0,0,No_Failure
8982,M55981,M,298.88,308.53,1200,33.62,61.6,0,0,0,0,0,0,No_Failure
8983,M55982,M,300.54,309.44,1618,43.19,74.5,0,0,0,0,0,0,No_Failure
8984,H55983,H,300.83,311.32,1878,32.12,235.0,0,0,0,0,0,0,No_Failure
8985,M55984,M,297.11,306.75,1264,38.83,197.7,0,0,0,0,0,0,No_Failure
8986,M55985,M,298.51,308.66,1842,29.13,30.7,0,0,0,0,0,0,No_Failure
8987,L55986,L,297.04,306.12,1167,47.13,110.9,0,0,0,0,0,0,No_Failure
8988,H55987,H,301.24,310.38,1238,41.69,235.1,0,0,0,0,0,0,No_Failure
8989,L55988,L,302.37,311.58,1556,35.32,52.2,0,0,0,0,0,0,No_Failure
8990,L55989,L,297.56,308.35,1683,37.58,140.0,0,0,0,0,0,0,No_Failure
8991,H55990,H,301.99,311.76,1488,33.07,174.4,0,0,0,0,0,0,No_Failure
8992,L55991,L,301.86,310.81,1581,43.13,16.4,0,0,0,0,0,0,No_Failure
8993,L55992,L,298.68,308.84,1699,27.45,109.3,0,0,0,0,0,0,No_Failure
8994,L55993,L,296.03,306.11,1720,49.02,232.3,0,0,0,1,0,1,OSF
8995,L55994,L,297.86,308.43,1388,41.73,3.0,0,0,0,0,0,0,No_Failure
8996,H55995,H,298.81,308.33,1345,35.51,160.2,0,0,0,0,0,0,No_Failure
8997,H55996,H,303.08,313.01,1690,45.88,221.1,1,0,0,0,0,1,TWF
8998,L55997,L,299.76,310.19,1582,43.89,108.8,0,0,0,0,0,0,No_Failure
8999,H55998,H,297.99,306.98,1606,29.54,65.5,0,0,0,0,0,0,No_Failure
9000,M55999,M,300.3,311.18,1381,53.07,183.8,0,0,0,0,0,0,No_Failure
9001,H56000,H,297.41,307.43,1615,15.03,92.8,0,0,1,0,0,1,PWF
9002,L56001,L,301.03,309.93,1303,50.9,84.6,0,0,0,0,0,0,No_Failure
9003,L56002,L,298.04,306.94,1545,38.37,65.9,0,0,0,0,0,0,No_Failure
9004,L56003,L,298.33,308.24,1520,49.91,243.1,0,0,0,1,0,1,OSF
9005,L56004,L,300.75,310.2,1521,54.4,188.6,0,0,0,0,0,0,No_Failure
9006,M56005,M,303.5,314.26,1641,35.73,35.1,0,0,0,0,0,0,No_Failure
9007,L56006,L,304.4,314.11,1316,36.2,75.3,0,0,0,0,0,0,No_Failure
9008,M56007,M,297.92,308.22,1622,43.15,226.8,1,0,0,0,0,1,TWF
9009,M56008,M,298.81,307.96,1504,28.66,209.9,0,0,0,0,0,0,No_Failure
9010,L56009,L,301.03,311.01,1358,36.68,89.1,0,0,0,0,0,0,No_Failure
9011,L56010,L,302.34,313.65,1262,35.83,179.4,0,0,0,0,0,0,No_Failure
9012,M56011,M,295.67,305.52,1840,28.14,25.5,0,0,0,0,0,0,No_Failure
9013,H56012,H,300.17,309.62,1487,35.31,37.7,0,0,0,0,0,0,No_Failure
9014,L56013,L,299.03,308.16,1436,47.53,227.9,0,0,0,0,0,0,No_Failure
9015,H56014,H,296.15,306.13,1294,46.81,137.5,0,0,1,0,0,1,PWF
9016,H56015,H,297.33,308.73,1696,38.23,34.5,0,0,0,0,0,0,No_Failure
9017,M56016,M,298.86,307.5,1682,40.62,124.1,0,0,0,0,0,0,No_Failure
9018,L56017,L,300.12,310.07,1647,36.96,117.4,0,0,0,0,0,0,No_Failure
9019,M56018,M,302.02,310.3,1489,22.39,252.2,0,0,1,0,0,1,PWF
9020,H56019,H,300.71,310.3,1635,29.83,3.7,0,0,0,0,0,0,No_Failure
9021,L56020,L,301.9,312.16,1352,49.59,187.1,0,0,0,0,0,0,No_Failure
9022,H56021,H,300.05,308.47,1539,51.97,191.4,0,0,0,0,0,0,No_Failure
9023,H56022,H,298.59,308.15,1490,31.42,196.1,0,0,0,0,0,0,No_Failure
9024,L56023,L,299.63,309.92,1548,51.19,196.7,0,0,0,0,0,0,No_Failure
9025,M56024,M,301.39,311.52,1174,27.99,179.5,0,0,0,0,0,0,No_Failure
9026,M56025,M,302.07,312.4,1837,34.83,107.2,0,0,0,0,0,0,No_Failure
9027,M56026,M,299.7,308.73,1791,38.81,12.5,0,0,0,0,0,0,No_Failure
9028,H56027,H,298.14,308.43,1293,37.27,244.8,1,0,0,0,0,1,TWF
9029,L56028,L,300.67,310.07,1604,33.08,61.3,0,0,0,0,0,0,No_Failure
9030,L56029,L,300.96,311.67,1232,41.27,77.2,0,0,0,0,0,0,No_Failure
9031,L56030,L,302.47,310.15,1515,47.76,38.6,0,0,0,0,0,0,No_Failure
9032,H56031,H,298.64,308.35,1105,25.46,83.9,0,0,0,0,0,0,No_Failure
9033,L56032,L,298.66,308.76,1447,41.26,82.9,0,0,0,0,0,0,No_Failure
9034,H56033,H,301.51,312.86,1412,49.65,91.0,0,0,0,0,0,0,No_Failure
9035,L56034,L,299.19,309.27,1708,35.87,102.1,0,0,0,0,0,0,No_Failure
9036,L56035,L,299.1,309.29,1800,34.53,169.0,0,0,0,0,0,0,No_Failure
9037,H56036,H,302.51,312.88,1804,31.49,245.6,0,0,0,0,0,0,No_Failure
9038,M56037,M,297.26,308.51,1708,60.0,132.2,0,0,0,0,0,0,No_Failure
9039,L56038,L,304.11,313.73,1515,54.93,251.5,0,0,0,1,0,1,OSF
9040,L56039,L,298.77,307.37,1570,37.05,13.9,0,0,0,0,0,0,No_Failure
9041,L56040,L,301.73,310.14,1569,51.8,95.1,0,0,0,0,0,0,No_Failure
9042,L56041,L,299.78,310.45,1288,34.74,7.6,0,0,0,0,0,0,No_Failure
9043,L56042,L,300.54,310.77,1706,38.44,151.1,0,0,0,0,0,0,No_Failure
9044,M56043,M,299.47,309.22,1624,29.4,247.7,0,0,0,0,0,0,No_Failure
9045,L56044,L,301.71,311.13,1633,21.57,53.7,0,0,0,0,0,0,No_Failure
9046,L56045,L,299.31,309.49,1089,34.2,181.6,0,0,0,0,0,0,No_Failure
9047,L56046,L,298.85,309.06,1581,35.75,193.1,0,0,0,0,0,0,No_Failure
9048,L56047,L,303.63,314.11,1681,44.27,26.2,0,0,0,0,0,0,No_Failure
9049,H56048,H,300.06,308.95,1497,46.55,109.5,0,0,0,0,0,0,No_Failure
9050,L56049,L,298.65,306.88,1410,38.77,35.4,0,0,0,0,0,0,No_Failure
9051,L56050,L,297.02,306.11,1255,30.09,89.1,0,0,0,0,0,0,No_Failure
9052,M56051,M,303.73,312.38,1242,33.42,204.1,0,0,0,0,0,0,No_Failure
9053,H56052,H,298.9,307.49,1528,55.91,73.5,0,0,0,0,0,0,No_Failure
9054,M56053,M,304.12,315.69,1458,46.29,236.1,1,0,0,0,0,1,TWF
9055,H56054,H,300.8,308.53,1455,54.23,196.4,0,0,0,0,0,0,No_Failure
9056,H56055,H,300.29,310.76,1775,57.77,66.6,0,0,1,0,0,1,PWF
9057,M56056,M,300.34,311.25,1274,33.43,107.8,0,0,0,0,0,0,No_Failure
9058,H56057,H,304.43,315.42,1438,48.2,156.3,0,0,0,0,0,0,No_Failure
9059,L56058,L,295.62,305.89,1805,30.98,153.5,0,0,0,0,0,0,No_Failure
9060,H56059,H,300.43,311.75,1444,50.33,142.4,0,0,0,0,0,0,No_Failure
9061,H56060,H,299.47,311.25,1512,48.28,95.2,0,0,0,0,0,0,No_Failure
9062,H56061,H,299.57,309.27,1468,18.86,238.8,0,0,0,0,0,0,No_Failure
9063,L56062,L,300.3,310.75,1627,44.03,22.2,0,0,0,0,0,0,No_Failure
9064,M56063,M,299.47,310.74,1130,31.43,160.2,0,0,0,0,0,0,No_Failure
9065,L56064,L,300.38,309.51,1463,36.6,9.0,0,0,0,0,0,0,No_Failure
9066,M56065,M,299.95,309.71,1510,33.4,140.6,0,0,0,0,1,1,RNF
9067,L56066,L,297.37,306.75,1320,49.08,46.6,0,1,0,0,0,1,HDF
9068,M56067,M,300.76,311.22,1562,33.16,21.3,0,0,0,0,0,0,No_Failure
9069,M56068,M,301.43,309.53,1642,27.21,13.4,0,0,1,0,0,1,PWF
9070,L56069,L,298.92,310.35,1581,31.92,241.8,0,0,0,0,0,0,No_Failure
9071,L56070,L,303.74,314.27,1820,37.85,32.5,0,0,0,0,0,0,No_Failure
9072,L56071,L,302.67,313.26,1422,44.1,90.9,0,0,0,0,0,0,No_Failure
9073,M56072,M,301.69,309.32,1590,51.96,119.0,0,0,0,0,0,0,No_Failure
9074,M56073,M,301.66,310.62,1586,45.14,6.2,0,0,0,0,0,0,No_Failure
9075,M56074,M,300.06,311.55,1458,45.84,233.9,1,0,0,0,1,1,TWF
9076,L56075,L,302.28,312.11,1704,47.38,3.9,0,0,0,0,0,0,No_Failure
9077,H56076,H,303.14,311.42,1552,48.17,230.6,0,0,0,0,0,0,No_Failure
9078,M56077,M,301.62,311.84,1284,50.33,8.0,0,0,0,0,0,0,No_Failure
9079,L56078,L,298.86,309.54,1635,65.05,103.8,0,0,0,0,0,0,No_Failure
9080,L56079,L,299.92,310.45,1410,48.01,198.1,0,0,0,0,0,0,No_Failure
9081,L56080,L,301.15,311.0,1442,42.87,6.3,0,0,0,0,0,0,No_Failure
9082,L56081,L,301.68,312.81,1455,35.35,204.9,0,0,0,0,0,0,No_Failure
9083,L56082,L,299.85,309.14,1632,43.1,119.0,0,0,0,0,0,0,No_Failure
9084,L56083,L,298.87,309.41,1694,51.54,119.2,0,0,0,0,0,0,No_Failure
9085,L56084,L,303.17,313.3,1471,27.82,47.1,0,0,0,0,0,0,No_Failure
9086,L56085,L,297.86,307.72,1461,52.59,59.1,0,0,0,0,0,0,No_Failure
9087,L56086,L,298.12,307.74,1132,35.73,202.0,0,0,0,0,0,0,No_Failure
9088,H56087,H,297.35,307.0,1372,37.68,2.6,0,0,0,0,0,0,No_Failure
9089,M56088,M,298.11,308.15,1330,45.22,80.7,0,0,0,0,0,0,No_Failure
9090,L56089,L,302.49,312.2,1556,34.73,81.0,0,0,0,0,0,0,No_Failure
9091,M56090,M,302.56,313.29,1481,44.59,68.5,0,0,0,0,0,0,No_Failure
9092,M56091,M,299.85,309.32,1336,28.48,78.6,0,0,0,0,0,0,No_Failure
9093,L56092,L,300.99,312.56,1527,48.76,31.0,0,0,0,0,0,0,No_Failure
9094,L56093,L,299.98,309.4,1488,41.96,42.2,0,0,0,0,0,0,No_Failure
9095,L56094,L,297.62,308.54,1043,39.96,141.0,0,0,0,0,0,0,No_Failure
9096,M56095,M,304.44,315.4,1699,42.75,142.1,0,0,0,0,0,0,No_Failure
9097,L56096,L,302.75,312.92,1682,39.8,235.2,0,0,0,0,0,0,No_Failure
9098,L56097,L,300.71,310.79,1457,44.42,134.7,0,0,0,0,0,0,No_Failure
9099,M56098,M,298.29,307.56,1563,37.93,110.8,0,0,0,0,0,0,No_Failure
9100,H56099,H,299.55,309.03,1441,37.09,24.1,0,0,0,0,0,0,No_Failure
9101,L56100,L,298.62,308.83,1211,22.32,186.2,0,0,0,0,0,0,No_Failure
9102,M56101,M,300.2,310.15,1889,53.65,112.9,0,0,0,0,0,0,No_Failure
9103,L56102,L,300.62,311.8,1635,28.37,192.1,0,0,0,0,0,0,No_Failure
9104,M56103,M,299.32,308.86,1669,56.15,49.0,0,0,1,0,0,1,PWF
9105,M56104,M,297.09,306.7,1449,37.58,155.7,0,0,0,0,0,0,No_Failure
9106,M56105,M,304.26,312.6,1703,52.18,183.2,0,0,0,0,0,0,No_Failure
9107,L56106,L,300.48,311.12,1253,50.42,91.5,0,0,0,0,0,0,No_Failure
9108,L56107,L,300.91,311.47,1456,49.62,121.4,0,0,0,0,0,0,No_Failure
9109,H56108,H,299.16,310.13,1633,40.46,16.3,0,0,0,0,0,0,No_Failure
9110,L56109,L,296.88,307.91,1387,28.05,68.4,0,0,0,0,0,0,No_Failure
9111,H56110,H,299.83,310.62,1664,38.18,41.6,0,0,0,0,0,0,No_Failure
9112,L56111,L,299.35,310.18,1555,36.86,94.8,0,0,0,0,0,0,No_Failure
9113,L56112,L,301.42,312.03,1538,38.98,22.6,0,0,0,0,0,0,No_Failure
9114,L56113,L,301.81,312.58,1370,27.72,209.6,0,0,0,0,0,0,No_Failure
9115,L56114,L,301.53,309.69,1573,37.14,185.6,0,0,0,0,0,0,No_Failure
9116,H56115,H,301.98,310.88,1848,10.77,219.0,0,0,0,0,0,0,No_Failure
9117,L56116,L,303.61,312.34,1532,37.0,239.8,1,0,0,0,0,1,TWF
9118,M56117,M,300.78,312.05,1600,41.26,142.7,0,0,0,0,0,0,No_Failure
9119,M56118,M,302.2,311.42,1627,32.18,188.5,0,0,0,0,0,0,No_Failure
9120,H56119,H,300.99,310.36,1294,37.3,124.0,0,0,0,0,0,0,No_Failure
9121,M56120,M,296.2,306.21,1476,41.63,198.8,0,0,0,0,0,0,No_Failure
9122,H56121,H,299.69,308.45,1471,50.13,135.8,0,0,0,0,0,0,No_Failure
9123,H56122,H,298.26,308.65,1118,50.55,186.3,0,0,0,0,0,0,No_Failure
9124,L56123,L,300.46,308.33,1642,43.05,69.6,0,0,0,0,0,0,No_Failure
9125,H56124,H,298.42,307.24,1332,39.71,173.8,0,0,0,0,0,0,No_Failure
9126,H56125,H,301.21,311.41,1622,43.55,146.4,0,0,0,0,0,0,No_Failure
9127,L56126,L,301.96,310.72,1364,58.0,63.2,0,0,0,0,0,0,No_Failure
9128,M56127,M,302.41,313.71,1868,45.01,173.5,0,0,0,0,0,0,No_Failure
9129,L56128,L,303.24,313.28,1450,42.61,93.7,0,0,0,0,0,0,No_Failure
9130,M56129,M,296.65,307.78,1846,50.73,159.1,0,0,0,0,0,0,No_Failure
9131,L56130,L,297.6,307.96,1469,40.48,166.5,0,0,0,0,0,0,No_Failure
9132,M56131,M,305.86,315.84,1490,31.47,169.8,0,0,0,0,0,0,No_Failure
9133,L56132,L,302.02,311.02,1782,44.59,173.0,0,0,0,0,0,0,No_Failure
9134,M56133,M,300.45,311.38,1335,41.7,105.6,0,0,0,0,0,0,No_Failure
9135,L56134,L,300.06,310.51,1509,37.81,158.0,0,0,0,0,0,0,No_Failure
9136,M56135,M,299.89,311.97,1597,45.44,229.4,1,0,0,0,0,1,TWF
9137,L56136,L,296.13,306.96,1573,21.87,17.2,0,0,0,0,0,0,No_Failure
9138,M56137,M,298.46,308.06,1508,34.59,198.1,0,0,0,0,0,0,No_Failure
9139,L56138,L,299.78,310.07,1483,31.21,32.6,0,0,0,0,0,0,No_Failure
9140,L56139,L,298.57,308.99,1652,32.25,117.8,0,0,0,0,0,0,No_Failure
9141,L56140,L,298.83,309.99,1532,38.46,41.5,0,0,0,0,0,0,No_Failure
9142,H56141,H,305.12,316.44,1674,30.9,198.0,0,0,0,0,0,0,No_Failure
9143,L56142,L,299.5,309.33,1571,56.77,9.4,0,0,1,0,0,1,PWF
9144,M56143,M,300.56,309.34,1617,44.52,177.4,0,0,0,0,0,0,No_Failure
9145,L56144,L,300.49,308.63,1704,32.06,101.6,0,0,0,0,0,0,No_Failure
9146,M56145,M,301.18,310.04,1444,22.6,67.1,0,0,1,0,0,1,PWF
9147,L56146,L,299.05,308.45,1699,34.17,243.0,0,0,0,0,0,0,No_Failure
9148,L56147,L,302.49,314.0,1472,36.7,73.9,0,0,0,0,0,0,No_Failure
9149,L56148,L,300.89,312.41,1248,33.65,53.6,0,0,0,0,0,0,No_Failure
9150,L56149,L,297.43,308.39,1441,65.42,109.2,0,0,1,0,0,1,PWF
9151,L56150,L,299.78,311.02,1370,23.46,76.5,0,0,0,0,0,0,No_Failure
9152,L56151,L,299.66,308.95,1568,40.51,184.1,0,0,0,0,0,0,No_Failure
9153,M56152,M,299.56,308.05,1449,38.7,7.6,0,0,0,0,0,0,No_Failure
9154,H56153,H,301.02,310.01,1523,37.51,175.1,0,0,0,0,0,0,No_Failure
9155,L56154,L,301.27,309.23,1683,20.61,106.8,0,0,0,0,0,0,No_Failure
9156,H56155,H,301.03,309.92,1767,39.57,198.3,0,0,0,0,0,0,No_Failure
9157,L56156,L,300.68,310.17,1553,41.8,84.5,0,0,0,0,0,0,No_Failure
9158,L56157,L,300.17,310.34,1695,47.1,4.6,0,0,0,0,0,0,No_Failure
9159,L56158,L,295.7,305.83,1468,44.83,193.1,0,0,0,0,0,0,No_Failure
9160,L56159,L,301.56,310.87,1219,52.18,33.5,0,0,0,0,0,0,No_Failure
9161,L56160,L,300.98,311.55,1288,19.54,120.9,0,0,1,0,0,1,PWF
9162,H56161,H,298.03,307.36,1465,37.65,210.7,0,0,0,0,0,0,No_Failure
9163,M56162,M,300.56,310.57,1643,65.05,234.0,0,1,1,0,0,1,HDF
9164,M56163,M,301.3,310.19,1465,50.6,62.2,0,1,0,0,0,1,HDF
9165,L56164,L,302.34,313.43,1713,25.47,212.1,0,0,0,0,0,0,No_Failure
9166,L56165,L,301.02,311.04,1830,40.88,196.4,0,0,0,0,0,0,No_Failure
9167,M56166,M,300.64,311.32,1340,29.53,233.7,0,0,0,0,0,0,No_Failure
9168,L56167,L,301.89,310.68,1882,35.68,206.2,0,0,0,0,0,0,No_Failure
9169,L56168,L,299.39,309.56,1206,60.0,22.6,0,0,0,0,0,0,No_Failure
9170,L56169,L,300.82,311.4,1833,49.58,238.9,0,0,1,0,0,1,PWF
9171,L56170,L,298.76,306.71,1494,24.8,6.3,0,0,0,0,0,0,No_Failure
9172,M56171,M,302.22,313.39,1458,32.35,86.9,0,0,0,0,0,0,No_Failure
9173,L56172,L,296.78,305.53,1499,40.01,98.5,0,0,0,0,0,0,No_Failure
9174,L56173,L,301.63,311.84,1356,37.36,122.8,0,0,0,0,0,0,No_Failure
9175,H56174,H,300.04,311.82,1770,43.13,59.5,0,0,0,0,0,0,No_Failure
9176,H56175,H,301.93,312.89,1375,32.26,31.3,0,0,0,0,0,0,No_Failure
9177,L56176,L,298.44,306.95,1398,36.34,211.8,0,0,0,0,0,0,No_Failure
9178,L56177,L,300.18,310.0,1252,32.14,162.4,0,0,0,0,0,0,No_Failure
9179,M56178,M,300.12,311.35,1368,36.32,120.1,0,0,0,0,0,0,No_Failure
9180,L56179,L,300.87,310.05,1374,47.04,196.0,0,0,0,0,0,0,No_Failure
9181,L56180,L,297.9,307.54,1362,42.97,231.5,1,0,0,0,0,1,TWF
9182,L56181,L,301.27,310.88,1468,32.99,56.7,0,0,0,0,0,0,No_Failure
9183,L56182,L,296.31,306.88,1299,51.32,81.7,0,0,0,0,0,0,No_Failure
9184,H56183,H,298.66,307.13,1787,50.64,236.4,0,0,1,0,0,1,PWF
9185,M56184,M,296.87,307.5,1472,39.99,137.6,0,0,0,0,0,0,No_Failure
9186,H56185,H,301.66,311.03,1567,37.42,71.2,0,0,0,0,0,0,No_Failure
9187,M56186,M,300.8,310.79,1655,57.63,40.0,0,0,0,0,0,0,No_Failure
9188,M56187,M,300.91,310.69,1864,56.07,250.1,0,0,1,0,0,1,PWF
9189,M56188,M,302.95,313.55,1664,24.85,135.4,0,0,0,0,0,0,No_Failure
9190,M56189,M,299.37,309.35,1455,51.94,218.2,0,0,0,0,0,0,No_Failure
9191,L56190,L,301.22,312.66,1307,57.24,160.9,0,0,0,0,0,0,No_Failure
9192,L56191,L,300.13,311.12,1561,46.57,112.2,0,0,0,0,0,0,No_Failure
9193,M56192,M,299.83,309.03,1691,35.33,217.1,0,0,0,0,0,0,No_Failure
9194,L56193,L,302.61,313.98,1526,36.54,90.2,0,0,0,0,0,0,No_Failure
9195,L56194,L,304.16,314.48,1512,57.11,194.4,0,0,0,0,0,0,No_Failure
9196,L56195,L,299.14,309.31,1538,48.35,114.7,0,0,0,0,0,0,No_Failure
9197,M56196,M,301.67,312.52,1163,45.47,227.0,0,0,0,0,0,0,No_Failure
9198,L56197,L,300.64,309.6,1526,63.33,127.3,0,0,1,0,0,1,PWF
9199,L56198,L,300.66,309.28,1632,29.92,82.4,0,0,0,0,0,0,No_Failure
9200,L56199,L,300.49,310.52,1492,39.09,183.6,0,0,0,0,0,0,No_Failure
9201,L56200,L,299.33,308.73,1702,41.9,217.6,0,0,0,0,0,0,No_Failure
9202,H56201,H,292.83,304.9,1708,37.88,215.3,0,0,0,0,0,0,No_Failure
9203,L56202,L,303.07,312.31,1409,21.6,121.0,0,0,0,0,0,0,No_Failure
9204,L56203,L,298.61,308.65,1580,50.04,111.4,0,0,0,0,0,0,No_Failure
9205,L56204,L,299.52,309.71,1508,32.49,37.8,0,0,0,0,0,0,No_Failure
9206,H56205,H,299.56,310.79,1135,32.31,9.9,0,0,0,0,0,0,No_Failure
9207,M56206,M,298.43,307.44,1466,36.41,235.7,1,0,0,0,0,1,TWF
9208,L56207,L,300.48,308.87,1314,37.7,183.5,0,0,0,0,0,0,No_Failure
9209,L56208,L,299.91,311.31,1524,38.78,145.9,0,0,0,0,0,0,No_Failure
9210,M56209,M,298.57,308.65,1623,49.64,147.6,0,0,0,0,0,0,No_Failure
9211,H56210,H,300.3,311.11,1461,51.69,5.9,0,0,0,0,0,0,No_Failure
9212,L56211,L,299.93,310.79,1338,37.41,114.8,0,0,0,0,0,0,No_Failure
9213,L56212,L,301.86,312.89,1542,34.02,233.1,0,0,0,0,0,0,No_Failure
9214,L56213,L,297.32,306.94,1940,38.72,116.9,0,0,0,0,0,0,No_Failure
9215,L56214,L,298.39,307.74,1109,31.06,146.9,0,0,0,0,0,0,No_Failure
9216,M56215,M,301.45,309.45,1542,39.72,95.4,0,0,0,0,0,0,No_Failure
9217,H56216,H,298.72,307.73,1402,30.54,26.6,0,0,0,0,0,0,No_Failure
9218,H56217,H,298.19,308.26,1423,61.27,81.9,0,0,1,0,0,1,PWF
9219,M56218,M,298.82,308.12,1481,41.28,21.5,0,0,0,0,0,0,No_Failure
9220,L56219,L,299.8,308.66,1438,34.62,146.4,0,0,0,0,0,0,No_Failure
9221,H56220,H,299.81,309.86,1608,47.06,248.4,1,0,0,0,0,1,TWF
9222,L56221,L,299.58,310.92,1456,27.68,91.8,0,0,0,0,0,0,No_Failure
9223,L56222,L,297.94,307.89,1111,32.88,217.2,0,0,0,0,0,0,No_Failure
9224,M56223,M,301.55,310.41,1730,44.24,10.8,0,0,0,0,0,0,No_Failure
9225,L56224,L,302.65,313.92,1703,41.35,127.8,0,0,0,0,0,0,No_Failure
9226,H56225,H,296.18,305.41,1391,50.49,165.6,0,0,0,0,0,0,No_Failure
9227,H56226,H,296.89,308.37,1509,12.7,80.8,0,0,1,0,0,1,PWF
9228,M56227,M,302.01,311.74,1719,48.18,24.9,0,0,0,0,0,0,No_Failure
9229,M56228,M,303.14,313.24,1686,34.57,55.1,0,0,0,0,0,0,No_Failure
9230,L56229,L,295.74,307.3,1744,28.3,17.7,0,0,0,0,0,0,No_Failure
9231,L56230,L,301.63,310.28,1567,22.77,224.7,0,0,0,0,0,0,No_Failure
9232,M56231,M,303.28,312.23,1639,34.44,1.2,0,0,0,0,0,0,No_Failure
9233,M56232,M,298.28,307.95,1754,55.9,17.6,0,0,1,0,0,1,PWF
9234,H56233,H,303.16,313.02,1438,49.69,201.3,0,0,0,0,0,0,No_Failure
9235,L56234,L,299.64,312.29,1579,56.34,75.8,0,0,1,0,0,1,PWF
9236,L56235,L,300.63,309.74,1114,38.86,92.3,0,0,0,0,0,0,No_Failure
9237,L56236,L,298.56,307.26,1216,41.07,77.6,0,0,0,0,0,0,No_Failure
9238,M56237,M,302.0,311.07,1590,24.21,225.3,0,0,0,0,0,0,No_Failure
9239,M56238,M,301.67,311.9,1617,24.21,235.0,0,0,0,0,0,0,No_Failure
9240,H56239,H,303.45,313.94,1430,38.53,235.0,1,0,0,0,0,1,TWF
9241,L56240,L,302.88,312.17,1391,26.24,77.8,0,0,0,0,0,0,No_Failure
9242,L56241,L,299.98,310.0,1436,31.43,50.7,0,0,0,0,0,0,No_Failure
9243,L56242,L,306.22,318.16,1535,40.43,209.5,0,0,0,0,0,0,No_Failure
9244,L56243,L,302.7,312.74,1084,52.72,214.8,0,0,0,0,0,0,No_Failure
9245,L56244,L,301.08,311.4,1584,40.1,89.6,0,0,0,0,0,0,No_Failure
9246,M56245,M,298.01,309.89,1506,26.4,146.2,0,0,0,0,0,0,No_Failure
9247,L56246,L,296.94,306.24,1545,21.78,98.9,0,0,0,0,0,0,No_Failure
9248,L56247,L,297.11,306.35,1478,41.2,3.8,0,0,0,0,0,0,No_Failure
9249,M56248,M,298.13,307.66,1251,33.71,103.9,0,0,0,0,0,0,No_Failure
9250,H56249,H,302.75,312.23,1302,41.16,226.4,0,0,0,0,0,0,No_Failure
9251,L56250,L,300.97,309.15,1774,37.96,217.1,0,0,0,0,0,0,No_Failure
9252,L56251,L,298.77,308.91,1384,39.3,26.3,0,0,0,0,0,0,No_Failure
9253,M56252,M,299.73,309.95,1645,52.02,77.7,0,0,0,0,0,0,No_Failure
9254,M56253,M,299.48,309.3,1305,50.54,18.7,0,0,0,0,0,0,No_Failure
9255,H56254,H,301.6,311.85,1497,43.69,75.4,0,0,0,0,0,0,No_Failure
9256,L56255,L,298.24,308.5,1421,31.05,75.3,0,0,0,0,0,0,No_Failure
9257,M56256,M,300.7,309.38,1448,34.49,13.5,0,0,0,0,0,0,No_Failure
9258,H56257,H,300.6,310.89,1439,47.63,226.5,0,0,0,0,0,0,No_Failure
9259,L56258,L,298.3,308.86,1760,53.01,212.5,0,0,0,0,0,0,No_Failure
9260,L56259,L,303.18,311.58,1847,27.26,234.9,0,0,0,0,0,0,No_Failure
9261,H56260,H,299.41,310.87,1543,55.28,188.3,0,0,0,0,0,0,No_Failure
9262,L56261,L,298.01,306.78,1426,32.2,192.3,0,0,0,0,0,0,No_Failure
9263,M56262,M,301.71,310.57,1261,46.69,199.2,0,0,0,0,0,0,No_Failure
9264,H56263,H,300.11,310.31,1248,68.01,170.8,0,0,0,0,0,0,No_Failure
9265,L56264,L,300.82,311.35,1761,24.1,44.5,0,0,0,0,0,0,No_Failure
9266,M56265,M,297.63,308.41,1236,45.05,45.0,0,0,0,0,0,0,No_Failure
9267,L56266,L,301.62,312.19,1421,36.86,126.6,0,0,0,0,0,0,No_Failure
9268,H56267,H,304.34,313.83,1528,44.47,174.7,0,0,0,0,0,0,No_Failure
9269,H56268,H,297.47,307.58,1032,33.81,7.5,0,0,0,0,0,0,No_Failure
9270,H56269,H,300.71,310.39,1275,15.21,138.2,0,0,0,0,0,0,No_Failure
9271,L56270,L,298.43,308.6,1259,32.46,224.4,0,0,0,0,0,0,No_Failure
9272,M56271,M,305.38,315.45,1380,43.47,31.9,0,0,0,0,0,0,No_Failure
9273,H56272,H,302.48,311.97,1547,53.49,79.2,0,0,0,0,0,0,No_Failure
9274,M56273,M,300.56,310.22,1685,44.06,249.6,1,0,0,0,0,1,TWF
9275,M56274,M,297.54,305.69,1381,54.73,83.2,0,0,0,0,0,0,No_Failure
9276,L56275,L,298.03,308.86,1417,35.07,7.3,0,0,0,0,0,0,No_Failure
9277,H56276,H,301.49,311.79,1478,34.25,173.0,0,0,0,0,0,0,No_Failure
9278,L56277,L,297.28,304.97,1355,43.43,248.6,0,1,0,0,0,1,HDF
9279,L56278,L,297.34,308.13,1575,36.25,58.4,0,0,0,0,0,0,No_Failure
9280,H56279,H,300.02,309.96,1581,51.23,54.7,0,0,0,0,0,0,No_Failure
9281,H56280,H,300.27,309.33,1010,25.94,109.3,0,0,0,0,0,0,No_Failure
9282,H56281,H,300.76,309.73,1615,48.63,135.6,0,0,0,0,0,0,No_Failure
9283,L56282,L,299.12,308.43,1523,52.08,206.1,0,0,0,0,0,0,No_Failure
9284,L56283,L,301.84,310.91,1547,43.65,251.4,0,0,0,0,0,0,No_Failure
9285,L56284,L,298.28,307.48,1712,49.13,205.7,1,0,0,0,0,1,TWF
9286,L56285,L,301.25,312.95,1178,33.51,73.6,0,0,0,0,0,0,No_Failure
9287,H56286,H,300.43,310.8,1274,31.69,198.9,0,0,0,0,0,0,No_Failure
9288,M56287,M,301.2,313.24,1487,43.52,159.6,0,0,0,0,0,0,No_Failure
9289,L56288,L,302.36,312.59,1082,32.78,124.2,0,0,0,0,0,0,No_Failure
9290,L56289,L,299.09,309.67,1462,43.01,160.6,0,0,0,0,0,0,No_Failure
9291,L56290,L,298.68,307.8,1652,43.02,111.3,0,0,0,0,0,0,No_Failure
9292,H56291,H,296.62,306.46,1571,39.33,159.9,0,0,0,0,0,0,No_Failure
9293,M56292,M,295.96,305.88,1514,42.82,186.4,0,0,0,0,0,0,No_Failure
9294,L56293,L,299.65,310.27,1458,46.35,3.5,0,0,0,0,0,0,No_Failure
9295,L56294,L,299.78,309.74,1423,39.0,155.9,0,0,0,0,0,0,No_Failure
9296,L56295,L,297.83,308.18,1413,35.23,38.7,0,0,0,0,0,0,No_Failure
9297,L56296,L,298.26,308.57,1541,48.23,85.2,0,0,0,0,0,0,No_Failure
9298,H56297,H,303.05,312.74,1221,42.73,112.2,0,0,0,0,0,0,No_Failure
9299,M56298,M,301.75,311.35,1763,44.51,246.0,0,0,0,0,0,0,No_Failure
9300,L56299,L,297.48,306.81,1367,45.83,82.4,0,0,0,0,0,0,No_Failure
9301,M56300,M,299.12,310.2,1600,41.49,207.3,0,0,0,0,0,0,No_Failure
9302,L56301,L,300.81,310.51,1514,36.56,85.3,0,0,0,0,0,0,No_Failure
9303,L56302,L,298.75,309.08,1292,33.83,58.0,0,0,0,0,0,0,No_Failure
9304,M56303,M,298.38,308.23,1733,39.12,109.8,0,0,0,0,0,0,No_Failure
9305,L56304,L,299.32,310.39,1695,44.82,22.7,0,0,0,0,0,0,No_Failure
9306,L56305,L,302.18,310.19,1217,45.28,207.3,0,0,0,0,0,0,No_Failure
9307,H56306,H,302.36,312.67,1487,41.44,126.1,0,0,0,0,0,0,No_Failure
9308,H56307,H,298.53,307.27,1537,43.52,173.9,0,0,0,0,0,0,No_Failure
9309,L56308,L,300.92,311.31,1127,28.95,201.8,0,0,0,0,0,0,No_Failure
9310,M56309,M,299.99,309.84,1118,35.36,103.5,0,0,0,0,0,0,No_Failure
9311,L56310,L,297.98,306.51,1350,46.71,114.0,0,0,0,0,0,0,No_Failure
9312,M56311,M,299.41,309.74,1264,31.67,64.2,0,0,0,0,0,0,No_Failure
9313,L56312,L,297.47,307.7,1312,41.41,180.7,0,0,0,0,0,0,No_Failure
9314,M56313,M,302.33,312.09,1264,40.52,210.6,0,0,0,0,0,0,No_Failure
9315,L56314,L,303.1,313.0,1478,38.86,145.3,0,0,0,0,0,0,No_Failure
9316,H56315,H,299.18,309.34,1339,46.79,9.8,0,0,0,0,0,0,No_Failure
9317,H56316,H,298.7,309.88,1701,42.27,180.0,0,0,0,0,0,0,No_Failure
9318,L56317,L,302.11,311.79,1532,28.03,168.7,0,0,0,0,0,0,No_Failure
9319,M56318,M,302.43,313.45,1643,45.16,86.7,0,0,0,0,0,0,No_Failure
9320,L56319,L,297.77,307.73,1196,34.93,103.5,0,0,0,0,0,0,No_Failure
9321,M56320,M,299.7,311.0,1387,26.36,125.3,0,0,0,0,0,0,No_Failure
9322,L56321,L,299.88,309.65,1525,47.42,200.1,0,0,0,0,0,0,No_Failure
9323,L56322,L,298.46,307.79,1582,28.14,172.2,0,0,0,0,0,0,No_Failure
9324,M56323,M,300.77,309.67,1383,36.45,130.8,0,0,0,0,0,0,No_Failure
9325,L56324,L,298.6,308.57,1410,42.94,203.8,1,0,0,0,0,1,TWF
9326,M56325,M,298.92,308.13,1430,39.27,217.4,0,0,0,0,0,0,No_Failure
9327,M56326,M,299.8,311.2,1446,33.76,13.1,0,0,0,0,0,0,No_Failure
9328,L56327,L,297.02,306.15,1890,30.06,17.7,0,0,0,0,0,0,No_Failure
9329,L56328,L,295.89,305.2,1556,32.4,120.3,0,0,0,0,0,0,No_Failure
9330,M56329,M,301.84,312.42,1507,29.23,197.7,0,0,0,0,0,0,No_Failure
9331,M56330,M,298.52,309.71,1273,38.74,27.8,0,0,0,0,0,0,No_Failure
9332,L56331,L,304.27,315.0,1278,34.55,218.4,0,0,0,0,0,0,No_Failure
9333,L56332,L,303.94,315.0,1462,26.21,34.7,0,0,0,0,0,0,No_Failure
9334,M56333,M,298.99,308.91,1703,37.11,176.0,0,0,0,0,0,0,No_Failure
9335,M56334,M,304.68,314.61,1464,33.57,203.2,0,0,0,0,0,0,No_Failure
9336,H56335,H,301.88,313.89,1472,42.68,11.5,0,0,0,0,0,0,No_Failure
9337,L56336,L,298.71,310.4,1366,43.62,214.7,0,0,0,0,0,0,No_Failure
9338,M56337,M,294.84,305.55,1186,53.42,212.9,0,0,0,0,0,0,No_Failure
9339,M56338,M,301.38,312.48,1579,46.48,36.9,0,0,0,0,0,0,No_Failure
9340,L56339,L,300.06,310.92,1454,29.12,52.9,0,0,0,0,0,0,No_Failure
9341,L56340,L,300.86,309.66,1580,18.27,217.7,0,0,1,0,0,1,PWF
9342,L56341,L,299.54,309.5,1528,24.81,244.3,1,0,0,0,0,1,TWF
9343,H56342,H,297.71,309.21,1326,34.97,122.5,0,0,0,0,0,0,No_Failure
9344,L56343,L,299.15,309.87,1541,23.92,31.8,0,0,0,0,0,0,No_Failure
9345,M56344,M,301.41,311.35,1268,33.84,70.7,0,0,0,0,0,0,No_Failure
9346,M56345,M,299.29,310.8,1539,40.32,85.6,0,0,0,0,0,0,No_Failure
9347,L56346,L,299.28,309.65,1489,34.37,159.7,0,0,0,0,0,0,No_Failure
9348,H56347,H,296.96,307.72,1777,42.79,182.6,0,0,0,0,0,0,No_Failure
9349,M56348,M,300.18,310.56,1344,33.91,153.5,0,0,0,0,0,0,No_Failure
9350,L56349,L,297.78,308.32,1261,32.38,225.3,0,0,0,0,0,0,No_Failure
9351,M56350,M,301.84,312.45,1426,57.08,2.7,0,0,0,0,0,0,No_Failure
9352,M56351,M,298.53,309.83,1610,39.67,98.6,0,0,0,0,0,0,No_Failure
9353,L56352,L,299.41,310.84,996,41.12,73.8,0,0,1,0,0,1,PWF
9354,M56353,M,304.33,313.88,1658,48.44,190.2,0,0,0,0,0,0,No_Failure
9355,M56354,M,299.39,309.74,1462,48.77,172.3,0,0,0,0,0,0,No_Failure
9356,L56355,L,299.12,310.39,1294,36.34,225.4,0,0,0,0,0,0,No_Failure
9357,H56356,H,301.17,311.04,1434,50.46,79.3,0,0,0,0,0,0,No_Failure
9358,M56357,M,296.43,305.12,1367,35.51,216.5,0,0,0,0,0,0,No_Failure
9359,M56358,M,302.5,311.59,1279,50.16,136.2,0,0,0,0,0,0,No_Failure
9360,L56359,L,301.99,311.15,1151,27.66,38.8,0,0,0,0,0,0,No_Failure
9361,L56360,L,301.05,310.59,1631,36.93,209.8,0,0,0,0,0,0,No_Failure
9362,L56361,L,293.25,302.5,1399,42.23,59.1,0,0,0,0,0,0,No_Failure
9363,M56362,M,299.48,310.51,1430,43.61,192.3,0,0,0,0,0,0,No_Failure
9364,M56363,M,297.45,307.18,1652,31.56,135.8,0,0,0,0,0,0,No_Failure
9365,M56364,M,302.25,313.51,1510,23.51,130.3,0,0,0,0,0,0,No_Failure
9366,L56365,L,302.11,310.97,1219,44.6,135.3,0,0,0,0,0,0,No_Failure
9367,M56366,M,300.78,310.42,1621,37.93,246.8,1,0,0,0,0,1,TWF
9368,H56367,H,297.59,307.7,1767,36.09,147.9,0,0,0,0,0,0,No_Failure
9369,M56368,M,302.99,313.8,1591,56.54,11.2,0,0,0,0,0,0,No_Failure
9370,M56369,M,299.48,310.62,1344,37.07,241.8,0,0,0,0,0,0,No_Failure
9371,H56370,H,303.61,313.07,1235,34.83,71.3,0,0,0,0,0,0,No_Failure
9372,L56371,L,300.53,311.52,1338,22.0,119.0,0,0,0,0,0,0,No_Failure
9373,M56372,M,301.01,309.33,1519,29.17,208.2,0,0,0,0,0,0,No_Failure
9374,H56373,H,299.08,309.95,1757,48.76,21.4,0,0,0,0,0,0,No_Failure
9375,M56374,M,302.81,311.47,1363,32.75,58.8,0,0,0,0,0,0,No_Failure
9376,L56375,L,301.22,311.66,1383,46.29,221.8,0,0,0,0,0,0,No_Failure
9377,H56376,H,302.89,314.01,1684,27.07,29.7,0,0,0,0,0,0,No_Failure
9378,L56377,L,300.36,311.24,1422,31.31,130.7,0,0,0,0,0,0,No_Failure
9379,L56378,L,299.91,308.27,1809,31.05,47.0,0,0,0,0,0,0,No_Failure
9380,L56379,L,301.19,310.74,1473,44.77,89.6,0,0,0,0,0,0,No_Failure
9381,L56380,L,302.89,313.6,1710,37.88,200.0,0,0,0,0,0,0,No_Failure
9382,L56381,L,302.03,312.72,1569,28.89,242.6,0,0,0,0,0,0,No_Failure
9383,L56382,L,300.28,310.55,1627,47.14,145.2,0,0,0,0,0,0,No_Failure
9384,H56383,H,296.29,304.08,1468,44.94,91.6,0,0,0,0,0,0,No_Failure
9385,L56384,L,301.62,312.82,1480,43.4,20.3,0,0,0,0,0,0,No_Failure
9386,M56385,M,297.12,308.5,1575,42.95,101.6,0,0,0,0,0,0,No_Failure
9387,H56386,H,300.07,310.23,1644,31.46,205.9,0,0,0,0,0,0,No_Failure
9388,H56387,H,299.77,310.0,1595,52.59,191.4,0,0,0,0,0,0,No_Failure
9389,L56388,L,297.16,307.67,1182,38.99,90.2,0,0,0,0,0,0,No_Failure
9390,L56389,L,300.75,312.21,1546,42.68,43.0,0,0,0,0,0,0,No_Failure
9391,M56390,M,304.31,314.56,1382,43.83,137.6,0,0,0,0,0,0,No_Failure
9392,H56391,H,299.37,309.18,1402,30.55,210.5,0,0,0,0,0,0,No_Failure
9393,M56392,M,301.53,311.91,1582,58.96,142.3,0,0,0,0,0,0,No_Failure
9394,L56393,L,304.71,314.7,1806,39.73,137.1,0,0,0,0,0,0,No_Failure
9395,M56394,M,301.73,311.73,1458,40.33,178.8,0,0,0,0,0,0,No_Failure
9396,M56395,M,298.71,306.94,1855,35.87,32.7,0,0,0,0,0,0,No_Failure
9397,M56396,M,300.47,311.0,1303,51.5,156.5,0,0,0,0,0,0,No_Failure
9398,H56397,H,300.96,312.13,1722,51.92,19.7,0,0,0,0,0,0,No_Failure
9399,M56398,M,302.87,313.89,1578,41.58,40.4,0,0,0,0,0,0,No_Failure
9400,M56399,M,302.43,313.38,1538,25.34,13.0,0,0,0,0,0,0,No_Failure
9401,M56400,M,294.46,304.41,1749,38.36,155.4,0,0,0,0,0,0,No_Failure
9402,M56401,M,298.29,308.43,1385,39.35,243.9,0,0,0,0,0,0,No_Failure
9403,M56402,M,299.86,311.05,1730,35.48,37.5,0,0,0,0,0,0,No_Failure
9404,L56403,L,297.97,308.84,1463,30.17,119.1,0,0,0,0,0,0,No_Failure
9405,M56404,M,292.6,304.09,1384,24.46,226.2,1,0,0,0,0,1,TWF
9406,M56405,M,298.55,307.88,1261,54.71,215.1,0,0,0,0,0,0,No_Failure
9407,L56406,L,299.99,309.31,1785,47.42,107.1,0,0,0,0,0,0,No_Failure
9408,L56407,L,298.95,308.62,1705,40.34,188.4,0,0,0,0,0,0,No_Failure
9409,M56408,M,298.01,307.06,1414,33.5,10.9,0,0,0,0,0,0,No_Failure
9410,M56409,M,300.08,308.76,1598,43.6,191.4,0,0,0,0,0,0,No_Failure
9411,L56410,L,300.69,311.15,1523,42.04,183.6,0,0,0,0,0,0,No_Failure
9412,L56411,L,299.06,309.46,1436,35.99,147.5,0,0,0,0,0,0,No_Failure
9413,L56412,L,302.74,312.99,1674,43.9,28.9,0,0,0,0,0,0,No_Failure
9414,H56413,H,300.12,310.47,1387,45.12,74.9,0,0,0,0,0,0,No_Failure
9415,H56414,H,298.26,306.79,1106,46.87,43.4,0,0,0,0,0,0,No_Failure
9416,M56415,M,297.75,307.27,1547,31.12,14.9,0,0,1,0,0,1,PWF
9417,L56416,L,299.57,309.28,1512,44.31,227.5,0,0,1,0,0,1,PWF
9418,M56417,M,302.23,312.28,1393,51.78,45.9,0,0,0,0,0,0,No_Failure
9419,M56418,M,298.35,306.89,1339,42.96,52.3,0,1,0,0,0,1,HDF
9420,H56419,H,301.19,310.26,1219,62.08,177.3,0,0,0,0,0,0,No_Failure
9421,L56420,L,300.19,309.75,1435,38.2,81.5,0,0,0,0,0,0,No_Failure
9422,L56421,L,303.99,315.04,1342,22.82,102.4,0,0,1,0,0,1,PWF
9423,M56422,M,300.78,311.04,1674,31.51,14.3,0,0,0,0,0,0,No_Failure
9424,L56423,L,298.6,309.63,1593,33.31,234.5,0,0,0,0,0,0,No_Failure
9425,M56424,M,301.47,311.35,1413,45.59,252.1,1,0,1,0,0,1,TWF
9426,M56425,M,301.54,311.54,1594,48.32,93.2,0,0,0,0,0,0,No_Failure
9427,L56426,L,299.21,309.71,1481,41.36,54.6,0,0,0,0,0,0,No_Failure
9428,L56427,L,297.67,307.49,1451,42.93,178.6,0,0,0,0,0,0,No_Failure
9429,M56428,M,301.07,310.45,1490,59.15,191.7,0,0,1,0,0,1,PWF
9430,H56429,H,300.13,308.64,1819,31.69,38.9,0,0,0,0,0,0,No_Failure
9431,L56430,L,296.97,306.37,1616,39.27,123.2,0,0,0,0,0,0,No_Failure
9432,L56431,L,300.51,311.35,1446,35.48,49.5,0,0,0,0,0,0,No_Failure
9433,M56432,M,298.73,309.99,1661,28.26,59.1,0,0,0,0,0,0,No_Failure
9434,L56433,L,296.97,306.2,1654,19.75,124.9,0,0,1,0,0,1,PWF
9435,M56434,M,299.3,307.56,1547,52.97,101.1,0,0,0,0,0,0,No_Failure
9436,M56435,M,302.57,313.49,1441,32.36,120.2,0,0,0,0,0,0,No_Failure
9437,L56436,L,302.42,312.49,1429,37.5,97.2,0,0,0,0,0,0,No_Failure
9438,M56437,M,301.89,310.55,1306,44.31,18.5,0,0,0,0,0,0,No_Failure
9439,M56438,M,300.54,307.43,1532,28.1,19.3,0,0,0,0,0,0,No_Failure
9440,L56439,L,301.19,310.23,1390,31.66,66.3,0,0,0,0,0,0,No_Failure
9441,M56440,M,300.2,309.73,1421,39.78,132.3,0,0,0,0,0,0,No_Failure
9442,H56441,H,297.79,306.64,1612,35.62,53.9,0,0,0,0,0,0,No_Failure
9443,M56442,M,298.19,308.88,1804,27.24,158.3,0,0,0,0,0,0,No_Failure
9444,L56443,L,298.79,307.97,1567,46.07,192.7,0,0,0,0,0,0,No_Failure
9445,M56444,M,302.8,312.82,1481,35.36,225.7,0,0,0,0,0,0,No_Failure
9446,L56445,L,302.15,314.53,1497,41.37,238.8,0,0,0,0,0,0,No_Failure
9447,M56446,M,297.84,307.96,1705,40.57,92.3,0,0,0,0,0,0,No_Failure
9448,M56447,M,300.11,309.99,1570,49.7,238.6,1,0,0,0,0,1,TWF
9449,L56448,L,299.19,309.1,1535,43.53,221.5,0,0,0,0,0,0,No_Failure
9450,L56449,L,299.69,310.36,1548,31.37,79.9,0,0,0,0,0,0,No_Failure
9451,H56450,H,298.93,309.47,1243,51.62,93.6,0,0,0,0,0,0,No_Failure
9452,L56451,L,302.81,311.81,1570,35.27,42.5,0,0,0,0,0,0,No_Failure
9453,H56452,H,299.96,309.55,1342,31.86,219.9,0,0,0,0,0,0,No_Failure
9454,M56453,M,300.43,309.76,1571,30.38,134.0,0,0,0,0,0,0,No_Failure
9455,M56454,M,300.45,310.17,1368,16.56,52.1,0,0,0,0,0,0,No_Failure
9456,L56455,L,297.94,309.77,1606,33.92,204.8,0,0,0,0,0,0,No_Failure
9457,L56456,L,300.22,310.83,1472,43.97,215.1,0,0,0,0,0,0,No_Failure
9458,L56457,L,302.12,312.04,1294,26.38,161.8,0,0,0,0,0,0,No_Failure
9459,M56458,M,302.95,314.19,1448,57.09,99.8,0,0,0,0,0,0,No_Failure
9460,H56459,H,297.7,307.89,1897,17.59,55.7,0,0,0,0,0,0,No_Failure
9461,H56460,H,296.96,305.32,1091,32.17,193.9,0,0,0,0,0,0,No_Failure
9462,L56461,L,300.12,311.79,1530,25.12,194.9,0,0,0,0,0,0,No_Failure
9463,L56462,L,302.22,312.06,1318,49.18,129.2,0,0,0,0,0,0,No_Failure
9464,L56463,L,300.72,308.46,1748,46.52,187.9,0,0,0,0,0,0,No_Failure
9465,H56464,H,301.36,309.76,1647,37.34,50.5,0,0,0,0,0,0,No_Failure
9466,L56465,L,297.28,308.41,1533,25.78,134.0,0,0,0,0,0,0,No_Failure
9467,L56466,L,298.86,307.27,1665,28.02,82.3,0,0,0,0,0,0,No_Failure
9468,M56467,M,295.61,306.96,1544,42.5,250.9,0,0,0,0,0,0,No_Failure
9469,M56468,M,299.72,309.8,1501,33.24,107.4,0,0,0,0,0,0,No_Failure
9470,L56469,L,295.67,306.39,1392,34.38,52.0,0,0,0,0,0,0,No_Failure
9471,M56470,M,302.67,312.41,1435,39.26,49.6,0,0,0,0,0,0,No_Failure
9472,L56471,L,303.11,313.63,1416,35.87,251.9,0,0,0,0,0,0,No_Failure
9473,L56472,L,300.28,310.6,1502,22.5,252.8,0,0,0,0,0,0,No_Failure
9474,L56473,L,296.97,306.94,1159,26.69,202.3,0,0,1,0,0,1,PWF
9475,L56474,L,300.75,309.69,1685,26.93,121.6,0,0,0,0,0,0,No_Failure
9476,H56475,H,303.72,314.08,1850,32.72,168.4,0,0,0,0,0,0,No_Failure
9477,M56476,M,300.95,309.13,1422,40.9,177.6,0,0,0,0,0,0,No_Failure
9478,M56477,M,302.37,313.3,1711,40.49,33.0,0,0,0,0,0,0,No_Failure
9479,L56478,L,299.03,309.23,1476,51.87,36.4,0,0,0,0,0,0,No_Failure
9480,M56479,M,298.26,308.72,1392,25.93,99.7,0,0,0,0,0,0,No_Failure
9481,H56480,H,299.86,307.24,1431,43.06,94.8,0,0,0,0,0,0,No_Failure
9482,L56481,L,296.15,305.02,1515,32.13,118.4,0,0,0,0,0,0,No_Failure
9483,H56482,H,304.53,314.02,1370,59.76,76.6,0,0,0,0,0,0,No_Failure
9484,M56483,M,300.28,310.95,1609,38.94,156.4,0,0,0,0,0,0,No_Failure
9485,M56484,M,301.73,310.79,1407,34.38,191.0,0,0,0,0,0,0,No_Failure
9486,L56485,L,299.08,311.62,1307,42.74,220.5,0,0,0,0,0,0,No_Failure
9487,M56486,M,296.91,306.65,1496,41.97,103.6,0,0,0,0,0,0,No_Failure
9488,M56487,M,302.85,311.84,1375,36.2,73.9,0,0,0,0,0,0,No_Failure
9489,H56488,H,297.75,307.56,1441,45.94,38.0,0,0,0,0,0,0,No_Failure
9490,H56489,H,300.7,309.75,1490,55.1,141.7,0,0,0,0,0,0,No_Failure
9491,L56490,L,300.89,309.7,1259,49.18,9.7,0,0,0,0,0,0,No_Failure
9492,H56491,H,300.15,311.16,1763,38.51,216.9,0,0,0,0,0,0,No_Failure
9493,H56492,H,298.43,308.94,1646,57.77,120.7,0,0,1,0,0,1,PWF
9494,M56493,M,299.7,310.22,1387,44.82,154.1,0,0,0,0,0,0,No_Failure
9495,L56494,L,298.1,309.38,1497,29.02,101.2,0,0,0,0,0,0,No_Failure
9496,L56495,L,301.62,312.11,1614,40.55,0.9,0,0,0,0,0,0,No_Failure
9497,L56496,L,301.14,310.08,1538,37.83,199.6,0,0,0,0,0,0,No_Failure
9498,L56497,L,299.96,310.67,1838,34.59,119.9,0,0,0,0,0,0,No_Failure
9499,H56498,H,298.86,307.74,1457,43.14,102.9,0,0,0,0,0,0,No_Failure
9500,L56499,L,304.21,313.74,1714,21.21,192.0,0,0,0,0,0,0,No_Failure
9501,M56500,M,297.4,307.35,1260,56.03,87.9,0,0,0,0,0,0,No_Failure
9502,M56501,M,296.91,306.76,1287,46.12,163.8,0,0,0,0,0,0,No_Failure
9503,M56502,M,299.84,308.04,1803,21.59,183.6,0,0,0,0,0,0,No_Failure
9504,L56503,L,299.48,308.52,1422,46.0,248.6,0,0,0,0,0,0,No_Failure
9505,M56504,M,302.2,312.17,1290,44.43,194.4,0,0,0,0,0,0,No_Failure
9506,M56505,M,301.29,310.68,1491,54.65,6.0,0,0,0,0,0,0,No_Failure
9507,M56506,M,300.06,311.19,1728,57.24,158.1,0,0,1,0,0,1,PWF
9508,L56507,L,301.0,312.3,1363,58.93,155.9,0,0,0,0,0,0,No_Failure
9509,M56508,M,300.96,309.84,1492,37.22,31.2,0,0,0,0,0,0,No_Failure
9510,L56509,L,304.21,314.27,1166,45.41,189.8,0,0,0,0,0,0,No_Failure
9511,M56510,M,300.51,312.09,1416,35.2,94.8,0,0,0,0,0,0,No_Failure
9512,L56511,L,298.64,308.5,1679,49.78,157.8,0,0,0,0,0,0,No_Failure
9513,L56512,L,300.4,309.99,1359,18.39,67.9,0,0,1,0,0,1,PWF
9514,H56513,H,294.76,305.62,1271,27.25,44.8,0,0,0,0,0,0,No_Failure
9515,L56514,L,299.93,309.66,1360,35.66,100.2,0,0,0,0,0,0,No_Failure
9516,H56515,H,302.19,313.46,1390,39.4,52.2,0,0,0,0,0,0,No_Failure
9517,H56516,H,301.2,310.61,1638,41.63,249.7,0,0,0,0,0,0,No_Failure
9518,L56517,L,300.6,310.12,1568,52.74,183.9,0,0,0,0,0,0,No_Failure
9519,L56518,L,301.3,312.09,1603,33.5,9.5,0,0,0,0,0,0,No_Failure
9520,L56519,L,302.21,312.31,1505,27.08,97.3,0,0,0,0,0,0,No_Failure
9521,H56520,H,302.85,312.96,1388,36.12,231.0,0,0,0,0,0,0,No_Failure
9522,M56521,M,300.89,308.99,1360,33.94,150.7,0,0,0,0,0,0,No_Failure
9523,L56522,L,299.37,309.01,1578,45.53,122.7,0,0,0,0,0,0,No_Failure
9524,M56523,M,295.37,306.24,1786,55.25,135.9,0,0,0,0,0,0,No_Failure
9525,L56524,L,301.96,311.17,1331,54.35,76.9,0,0,0,0,0,0,No_Failure
9526,M56525,M,301.03,311.73,1317,50.89,98.3,0,0,0,0,0,0,No_Failure
9527,M56526,M,300.31,310.57,1296,34.3,49.9,0,0,0,0,0,0,No_Failure
9528,L56527,L,298.62,308.42,1650,38.38,179.8,0,0,0,0,0,0,No_Failure
9529,H56528,H,301.93,313.29,1492,44.25,59.8,0,0,0,0,0,0,No_Failure
9530,L56529,L,299.49,309.15,1600,32.29,107.5,0,0,0,0,0,0,No_Failure
9531,M56530,M,299.93,309.66,1409,33.23,234.5,0,0,0,0,0,0,No_Failure
9532,M56531,M,299.89,309.68,1611,43.74,102.7,0,0,0,0,0,0,No_Failure
9533,H56532,H,300.9,310.98,1448,26.36,85.3,0,0,0,0,0,0,No_Failure
9534,L56533,L,297.7,308.47,1222,50.93,106.9,0,0,0,0,0,0,No_Failure
9535,H56534,H,301.13,309.65,1666,35.98,63.0,0,0,0,0,0,0,No_Failure
9536,L56535,L,298.56,309.43,1493,45.41,185.3,0,0,0,0,0,0,No_Failure
9537,H56536,H,298.63,308.7,1444,42.07,171.7,0,0,0,0,0,0,No_Failure
9538,L56537,L,301.77,312.32,1551,52.54,63.9,0,0,0,0,0,0,No_Failure
9539,M56538,M,298.01,310.4,1240,18.72,106.3,0,0,0,0,0,0,No_Failure
9540,L56539,L,301.77,311.26,1578,52.6,134.6,0,0,0,0,0,0,No_Failure
9541,H56540,H,300.2,308.98,1393,52.38,219.5,0,0,0,0,0,0,No_Failure
9542,H56541,H,296.7,306.9,1472,42.81,84.9,0,0,0,0,0,0,No_Failure
9543,L56542,L,302.73,313.08,1705,45.21,146.3,0,0,0,0,0,0,No_Failure
9544,M56543,M,300.62,311.49,1616,45.96,237.8,1,0,0,0,0,1,TWF
9545,M56544,M,300.79,310.25,1468,30.99,66.0,0,0,0,0,0,0,No_Failure
9546,L56545,L,302.01,311.18,1482,40.54,184.3,0,0,0,0,0,0,No_Failure
9547,M56546,M,303.0,311.47,1039,48.9,165.8,0,0,0,0,0,0,No_Failure
9548,M56547,M,300.4,309.03,1352,22.12,37.9,0,0,0,0,0,0,No_Failure
9549,M56548,M,301.23,310.82,1530,44.71,249.1,1,0,0,0,0,1,TWF
9550,L56549,L,300.74,310.63,1362,40.87,197.9,0,0,0,0,0,0,No_Failure
9551,H56550,H,299.31,311.38,1261,46.27,108.4,0,0,0,0,0,0,No_Failure
9552,L56551,L,296.83,305.14,1586,27.28,141.6,0,0,0,0,0,0,No_Failure
9553,M56552,M,300.43,310.77,1735,32.56,91.3,0,0,0,0,0,0,No_Failure
9554,L56553,L,302.76,312.03,1370,26.04,66.2,0,0,0,0,0,0,No_Failure
9555,L56554,L,301.17,311.39,1658,25.93,226.7,1,0,0,0,0,1,TWF
9556,L56555,L,297.87,307.31,1630,48.31,148.0,0,0,0,0,0,0,No_Failure
9557,L56556,L,302.2,313.23,1324,34.11,93.5,0,0,0,0,0,0,No_Failure
9558,M56557,M,299.38,310.41,1369,33.38,215.4,1,0,0,0,0,1,TWF
9559,M56558,M,295.82,305.7,1825,50.91,111.9,0,0,0,0,0,0,No_Failure
9560,M56559,M,302.04,313.47,1299,36.57,46.8,0,0,0,0,0,0,No_Failure
9561,M56560,M,298.11,308.87,1390,49.64,38.6,0,0,0,0,0,0,No_Failure
9562,L56561,L,303.56,314.95,1854,29.51,238.0,0,0,0,0,0,0,No_Failure
9563,L56562,L,302.3,312.25,1398,36.54,96.7,0,0,0,0,0,0,No_Failure
9564,M56563,M,299.54,310.5,1744,30.94,100.0,0,0,0,0,0,0,No_Failure
9565,M56564,M,300.92,310.15,1316,45.48,136.0,0,0,0,0,0,0,No_Failure
9566,M56565,M,304.85,313.98,1525,37.93,145.8,0,0,0,0,0,0,No_Failure
9567,L56566,L,302.0,314.18,1695,47.31,109.3,0,0,0,0,0,0,No_Failure
9568,H56567,H,300.48,309.39,1416,41.53,236.8,0,0,0,0,0,0,No_Failure
9569,L56568,L,305.78,315.34,1518,20.54,83.8,0,0,0,0,0,0,No_Failure
9570,M56569,M,300.24,308.34,1634,37.36,28.6,0,0,0,0,0,0,No_Failure
9571,L56570,L,301.16,310.32,1338,24.65,251.8,0,0,0,0,0,0,No_Failure
9572,M56571,M,298.13,307.13,1903,43.47,55.6,0,0,0,0,0,0,No_Failure
9573,L56572,L,296.65,305.98,1687,45.55,239.0,0,0,0,0,0,0,No_Failure
9574,M56573,M,299.42,309.72,1436,46.59,214.0,1,0,0,0,0,1,TWF
9575,L56574,L,300.08,310.62,1458,38.77,196.7,0,0,0,0,0,0,No_Failure
9576,M56575,M,300.66,309.65,1844,23.68,33.6,0,0,0,0,0,0,No_Failure
9577,L56576,L,297.16,306.37,1436,42.1,8.8,0,0,0,0,0,0,No_Failure
9578,M56577,M,301.32,312.4,1415,44.07,43.2,0,0,0,0,0,0,No_Failure
9579,L56578,L,298.34,310.04,1706,38.17,101.6,0,0,0,0,0,0,No_Failure
9580,L56579,L,301.22,312.47,1248,40.85,200.4,0,0,0,0,0,0,No_Failure
9581,M56580,M,301.87,310.22,1486,21.12,99.4,0,0,1,0,0,1,PWF
9582,L56581,L,299.21,310.4,1515,40.66,7.9,0,0,0,0,0,0,No_Failure
9583,L56582,L,298.07,309.93,1373,38.92,18.1,0,0,0,0,0,0,No_Failure
9584,H56583,H,303.09,311.39,1218,27.87,116.5,0,1,0,0,0,1,HDF
9585,H56584,H,301.75,312.83,1512,45.28,7.3,0,0,0,0,0,0,No_Failure
9586,H56585,H,300.3,310.53,1624,35.06,191.2,0,0,0,0,0,0,No_Failure
9587,L56586,L,302.94,312.61,1378,42.29,62.0,0,0,0,0,0,0,No_Failure
9588,M56587,M,300.17,310.27,1288,44.88,123.3,0,0,0,0,0,0,No_Failure
9589,M56588,M,298.76,309.2,1726,43.29,200.5,0,0,0,0,0,0,No_Failure
9590,L56589,L,298.0,309.15,1595,26.59,139.8,0,0,0,0,0,0,No_Failure
9591,M56590,M,299.78,310.89,1435,36.16,223.4,0,0,0,0,0,0,No_Failure
9592,L56591,L,301.54,310.04,1666,61.29,214.3,1,0,0,0,0,1,TWF
9593,H56592,H,302.78,312.13,1544,53.96,43.8,0,0,0,0,0,0,No_Failure
9594,M56593,M,300.05,310.14,1822,48.35,5.7,0,0,0,0,0,0,No_Failure
9595,L56594,L,302.43,314.0,1620,42.74,218.7,1,0,0,0,0,1,TWF
9596,L56595,L,299.57,306.84,1250,30.12,165.9,0,1,0,0,0,1,HDF
9597,L56596,L,298.44,307.83,1381,38.38,232.5,0,0,0,0,0,0,No_Failure
9598,L56597,L,297.39,305.86,1390,35.78,21.0,0,0,0,0,0,0,No_Failure
9599,M56598,M,298.99,307.62,1556,39.15,249.7,0,0,0,0,0,0,No_Failure
9600,M56599,M,297.46,308.45,1445,25.54,249.1,0,0,0,0,0,0,No_Failure
9601,M56600,M,304.02,313.49,1297,49.54,67.8,0,0,0,0,0,0,No_Failure
9602,L56601,L,300.88,308.54,1606,13.14,14.8,0,0,1,0,0,1,PWF
9603,M56602,M,299.81,309.65,1680,48.57,94.1,0,0,0,0,0,0,No_Failure
9604,L56603,L,303.44,315.48,1482,48.76,109.9,0,0,0,0,0,0,No_Failure
9605,L56604,L,297.4,305.59,1538,63.27,68.0,0,0,1,0,0,1,PWF
9606,H56605,H,299.73,310.26,1326,37.5,13.7,0,0,0,0,0,0,No_Failure
9607,M56606,M,304.0,315.57,1406,34.8,219.3,1,0,0,0,0,1,TWF
9608,M56607,M,299.71,309.66,1413,41.2,53.5,0,0,0,0,0,0,No_Failure
9609,H56608,H,304.89,316.82,1601,45.6,220.9,0,0,0,0,0,0,No_Failure
9610,L56609,L,301.57,310.91,1546,39.1,65.4,0,0,0,0,0,0,No_Failure
9611,H56610,H,302.61,314.06,1441,28.17,215.0,0,0,0,0,0,0,No_Failure
9612,M56611,M,302.67,313.88,1434,45.59,71.5,0,0,0,0,0,0,No_Failure
9613,M56612,M,300.0,309.97,1146,39.99,25.5,0,0,0,0,0,0,No_Failure
9614,L56613,L,299.02,307.54,1789,29.92,208.1,0,0,0,0,0,0,No_Failure
9615,L56614,L,299.77,308.77,1125,23.75,70.2,0,0,0,0,0,0,No_Failure
9616,L56615,L,298.03,305.68,1576,64.69,78.1,0,0,0,0,0,0,No_Failure
9617,L56616,L,299.87,310.46,1507,48.32,103.2,0,0,0,0,0,0,No_Failure
9618,L56617,L,299.99,310.47,1452,45.59,153.3,0,0,0,0,0,0,No_Failure
9619,M56618,M,303.38,313.46,1499,38.85,160.9,0,0,0,0,0,0,No_Failure
9620,M56619,M,301.19,311.06,1381,46.9,19.2,0,0,0,0,0,0,No_Failure
9621,L56620,L,304.73,316.08,1618,29.48,241.1,1,0,0,0,0,1,TWF
9622,M56621,M,295.68,305.98,1264,41.99,13.2,0,0,0,0,0,0,No_Failure
9623,H56622,H,297.57,307.01,1559,42.43,211.5,1,0,0,0,0,1,TWF
9624,M56623,M,299.29,309.44,1378,29.72,181.0,0,0,0,0,0,0,No_Failure
9625,M56624,M,302.98,315.03,1423,38.96,73.2,0,0,0,0,0,0,No_Failure
9626,M56625,M,299.78,310.4,1428,35.87,151.1,0,0,0,0,0,0,No_Failure
9627,L56626,L,297.06,306.67,1470,32.36,139.1,0,0,0,0,0,0,No_Failure
9628,L56627,L,299.51,309.47,1590,34.61,168.7,0,0,0,0,0,0,No_Failure
9629,H56628,H,297.6,308.07,1494,22.93,186.6,0,0,0,0,0,0,No_Failure
9630,M56629,M,297.21,306.79,1668,50.63,130.3,0,0,0,0,0,0,No_Failure
9631,M56630,M,304.0,313.49,1688,55.62,181.2,0,0,0,0,0,0,No_Failure
9632,H56631,H,299.3,309.29,1556,30.74,50.1,0,0,0,0,0,0,No_Failure
9633,L56632,L,300.35,311.87,1623,51.1,175.2,0,0,0,0,0,0,No_Failure
9634,L56633,L,299.81,310.61,1864,39.68,108.2,0,0,0,0,0,0,No_Failure
9635,M56634,M,299.5,309.09,1246,39.9,238.1,0,0,0,0,0,0,No_Failure
9636,L56635,L,298.32,309.19,1694,27.05,216.4,0,0,0,0,0,0,No_Failure
9637,M56636,M,299.38,309.39,1778,34.42,0.3,0,0,0,0,0,0,No_Failure
9638,H56637,H,300.67,311.02,1578,45.33,192.4,0,0,0,0,0,0,No_Failure
9639,M56638,M,302.84,313.09,1843,30.25,152.4,0,0,0,0,0,0,No_Failure
9640,L56639,L,301.89,309.78,1819,32.58,180.7,0,0,0,0,0,0,No_Failure
9641,M56640,M,297.56,304.51,1439,34.92,65.4,0,0,0,0,0,0,No_Failure
9642,L56641,L,301.98,312.2,1453,5.93,202.1,0,0,0,0,0,0,No_Failure
9643,H56642,H,300.95,310.1,1596,43.28,35.6,0,0,0,0,0,0,No_Failure
9644,L56643,L,298.75,307.11,1388,46.37,227.4,0,0,0,0,0,0,No_Failure
9645,H56644,H,300.36,309.54,1988,43.65,109.9,0,0,0,0,0,0,No_Failure
9646,L56645,L,301.14,312.07,1642,49.43,26.9,0,0,0,0,0,0,No_Failure
9647,L56646,L,300.09,310.45,1508,35.56,177.3,0,0,0,0,0,0,No_Failure
9648,M56647,M,300.96,311.73,1246,58.11,97.9,0,0,0,0,0,0,No_Failure
9649,L56648,L,298.27,308.73,1545,31.55,64.4,0,0,0,0,0,0,No_Failure
9650,L56649,L,303.99,313.07,1287,37.76,169.3,0,0,0,0,0,0,No_Failure
9651,H56650,H,296.14,306.92,1637,36.77,84.4,0,0,0,0,0,0,No_Failure
9652,H56651,H,301.16,311.74,1050,41.86,54.9,0,0,0,0,0,0,No_Failure
9653,L56652,L,300.73,310.62,1749,37.6,152.5,0,0,0,0,0,0,No_Failure
9654,M56653,M,301.29,311.34,1424,38.97,88.7,0,0,0,0,0,0,No_Failure
9655,H56654,H,298.58,309.38,1195,33.22,13.4,0,0,0,0,0,0,No_Failure
9656,H56655,H,302.34,311.59,1497,35.62,57.4,0,0,0,0,0,0,No_Failure
9657,L56656,L,299.78,310.87,1503,17.66,114.1,0,0,0,0,0,0,No_Failure
9658,L56657,L,297.63,308.19,1488,48.02,145.3,0,0,0,0,0,0,No_Failure
9659,H56658,H,297.81,307.81,1748,29.78,123.1,0,0,0,0,0,0,No_Failure
9660,L56659,L,300.25,311.78,1569,35.09,232.4,1,0,0,0,0,1,TWF
9661,L56660,L,296.81,305.51,1643,29.4,86.4,0,1,0,0,0,1,HDF
9662,M56661,M,303.6,313.14,1455,45.7,219.4,0,1,0,0,0,1,HDF
9663,L56662,L,302.1,311.42,1577,34.57,121.1,0,0,0,0,0,0,No_Failure
9664,H56663,H,303.65,314.01,1264,15.57,172.4,0,0,0,0,0,0,No_Failure
9665,L56664,L,303.44,314.63,1546,42.81,136.7,0,0,0,0,0,0,No_Failure
9666,M56665,M,299.3,308.31,1364,32.53,27.5,0,0,0,0,0,0,No_Failure
9667,H56666,H,298.26,311.57,1738,39.77,106.9,0,0,0,0,0,0,No_Failure
9668,H56667,H,294.64,303.98,1514,48.32,170.8,0,0,0,0,0,0,No_Failure
9669,H56668,H,299.19,309.55,1619,30.12,69.8,0,0,0,0,0,0,No_Failure
9670,H56669,H,303.53,313.53,1547,39.49,83.6,0,0,0,0,0,0,No_Failure
9671,L56670,L,298.34,308.39,1825,32.28,177.4,0,0,0,0,0,0,No_Failure
9672,H56671,H,299.58,308.79,1219,49.87,185.6,0,0,0,0,0,0,No_Failure
9673,H56672,H,298.89,309.96,1480,40.79,135.7,0,0,0,0,0,0,No_Failure
9674,M56673,M,300.75,309.9,1327,39.77,186.3,0,0,0,0,0,0,No_Failure
9675,L56674,L,302.57,310.8,1131,27.59,213.0,0,1,1,0,0,1,HDF
9676,L56675,L,296.92,305.8,1315,47.5,128.7,0,0,0,0,0,0,No_Failure
9677,M56676,M,297.3,308.75,1711,48.77,176.0,0,0,0,0,0,0,No_Failure
9678,M56677,M,302.97,314.22,1495,32.34,3.1,0,0,0,0,0,0,No_Failure
9679,L56678,L,301.47,309.46,1460,41.54,7.4,0,0,0,0,0,0,No_Failure
9680,L56679,L,299.48,310.29,1639,45.88,152.5,0,0,0,0,0,0,No_Failure
9681,M56680,M,303.41,311.43,1521,62.18,160.8,0,0,1,0,0,1,PWF
9682,L56681,L,297.27,307.24,1610,43.91,74.3,0,0,0,0,0,0,No_Failure
9683,H56682,H,301.86,310.65,1558,40.0,156.3,0,0,0,0,0,0,No_Failure
9684,L56683,L,299.86,310.75,1598,38.44,25.7,0,0,0,0,0,0,No_Failure
9685,L56684,L,301.21,311.77,1419,39.04,194.6,0,0,0,0,0,0,No_Failure
9686,L56685,L,295.23,306.21,1688,47.67,89.3,0,0,0,0,0,0,No_Failure
9687,H56686,H,299.48,309.18,1282,31.18,144.6,0,0,0,0,0,0,No_Failure
9688,H56687,H,301.47,311.28,1485,49.33,247.7,1,0,0,0,0,1,TWF
9689,L56688,L,299.87,308.37,1697,24.59,130.7,0,0,0,0,0,0,No_Failure
9690,L56689,L,302.51,311.48,1472,46.66,133.2,0,0,0,0,0,0,No_Failure
9691,L56690,L,302.44,313.39,1422,49.45,26.1,0,0,0,0,0,0,No_Failure
9692,L56691,L,298.08,308.45,1912,48.06,11.2,0,0,1,0,0,1,PWF
9693,M56692,M,301.65,311.75,1755,42.7,233.4,1,0,0,0,0,1,TWF
9694,L56693,L,298.01,309.28,1525,43.95,219.2,0,0,0,0,0,0,No_Failure
9695,M56694,M,300.11,308.81,1325,36.0,205.0,0,0,0,0,0,0,No_Failure
9696,L56695,L,301.31,312.03,1134,28.75,251.5,1,0,0,0,0,1,TWF
9697,L56696,L,298.33,307.15,1628,42.5,24.5,0,0,0,0,0,0,No_Failure
9698,L56697,L,301.57,313.05,1728,40.69,193.7,0,0,0,0,0,0,No_Failure
9699,L56698,L,298.99,309.53,1571,49.24,28.3,0,0,0,0,0,0,No_Failure
9700,L56699,L,298.84,309.8,1192,38.59,160.6,0,0,0,0,0,0,No_Failure
9701,L56700,L,301.41,310.71,1529,41.59,181.6,0,0,0,0,0,0,No_Failure
9702,L56701,L,298.33,310.51,1412,42.87,175.5,0,0,0,0,0,0,No_Failure
9703,H56702,H,298.23,310.22,1529,45.72,67.0,0,0,0,0,0,0,No_Failure
9704,L56703,L,302.08,312.51,1850,49.49,223.5,0,0,0,0,0,0,No_Failure
9705,L56704,L,300.22,311.39,1642,30.46,143.2,0,0,0,0,0,0,No_Failure
9706,L56705,L,297.09,306.79,1604,47.02,231.1,1,0,0,0,0,1,TWF
9707,M56706,M,301.71,310.44,1492,38.19,112.5,0,0,0,0,0,0,No_Failure
9708,H56707,H,299.19,309.98,1575,46.43,86.8,0,0,0,0,0,0,No_Failure
9709,M56708,M,297.19,306.27,1370,54.78,227.3,0,0,0,0,0,0,No_Failure
9710,M56709,M,294.99,306.3,1600,18.92,206.4,0,0,1,0,0,1,PWF
9711,H56710,H,301.81,312.85,1465,52.14,21.8,0,0,0,0,0,0,No_Failure
9712,L56711,L,298.28,308.52,1352,38.82,111.0,0,0,0,0,0,0,No_Failure
9713,H56712,H,297.51,307.69,1647,31.45,19.2,0,0,0,0,0,0,No_Failure
9714,M56713,M,301.28,312.27,1098,35.62,220.2,1,0,0,0,0,1,TWF
9715,L56714,L,301.61,311.89,1402,29.69,121.0,0,0,0,0,0,0,No_Failure
9716,L56715,L,298.43,308.02,1610,45.07,66.2,0,0,0,0,0,0,No_Failure
9717,L56716,L,301.83,310.31,1720,29.65,17.8,0,0,0,0,0,0,No_Failure
9718,L56717,L,304.11,315.07,1585,52.04,74.1,0,0,0,0,0,0,No_Failure
9719,H56718,H,302.69,313.06,1379,46.92,92.3,0,0,0,0,0,0,No_Failure
9720,L56719,L,302.38,315.14,1491,42.27,245.5,1,0,0,0,1,1,TWF
9721,M56720,M,300.63,310.53,1552,19.64,250.5,0,0,0,0,0,0,No_Failure
9722,H56721,H,299.11,309.41,1781,26.77,117.1,0,0,0,0,0,0,No_Failure
9723,L56722,L,299.89,310.21,1666,39.2,231.2,0,0,0,0,0,0,No_Failure
9724,L56723,L,300.88,311.53,1667,39.74,202.1,0,0,0,0,0,0,No_Failure
9725,M56724,M,297.48,306.52,1512,49.4,194.7,0,0,0,0,0,0,No_Failure
9726,H56725,H,298.46,308.38,1307,10.87,68.0,0,0,1,0,0,1,PWF
9727,L56726,L,297.14,307.97,1247,32.41,187.9,0,0,0,0,0,0,No_Failure
9728,L56727,L,300.47,310.14,1446,48.37,250.7,0,0,0,0,0,0,No_Failure
9729,M56728,M,300.17,310.96,1626,36.63,212.5,0,0,0,0,0,0,No_Failure
9730,H56729,H,298.69,308.79,1410,35.33,137.2,0,0,0,0,0,0,No_Failure
9731,L56730,L,301.64,312.04,1603,23.88,0.2,0,0,0,0,0,0,No_Failure
9732,L56731,L,297.91,309.06,1357,50.59,95.3,0,0,0,0,0,0,No_Failure
9733,H56732,H,298.62,308.39,1385,35.15,165.5,0,0,0,0,0,0,No_Failure
9734,L56733,L,301.56,310.11,1753,50.94,35.0,0,0,1,0,0,1,PWF
9735,L56734,L,301.86,311.59,1638,54.66,102.6,0,0,1,0,0,1,PWF
9736,M56735,M,298.41,307.58,1445,53.17,179.7,0,0,0,0,0,0,No_Failure
9737,L56736,L,300.46,308.34,1351,39.68,225.5,0,0,0,0,0,0,No_Failure
9738,L56737,L,298.44,308.34,1671,35.16,177.5,0,0,0,0,0,0,No_Failure
9739,M56738,M,299.61,309.8,1658,34.48,154.5,0,0,0,0,0,0,No_Failure
9740,M56739,M,300.29,311.31,1615,59.68,57.2,0,0,0,0,0,0,No_Failure
9741,M56740,M,301.12,309.98,1468,37.88,169.8,0,0,0,0,0,0,No_Failure
9742,L56741,L,300.64,310.72,1303,50.53,212.1,0,0,0,0,0,0,No_Failure
9743,M56742,M,300.55,311.67,1497,44.82,110.8,0,0,0,0,0,0,No_Failure
9744,M56743,M,297.84,307.27,1753,35.88,224.9,0,0,0,0,0,0,No_Failure
9745,H56744,H,300.78,311.31,1336,37.47,85.7,0,0,0,0,0,0,No_Failure
9746,M56745,M,301.1,312.7,1509,51.83,160.1,0,0,0,0,0,0,No_Failure
9747,M56746,M,301.38,309.52,1794,40.31,212.8,1,0,0,0,0,1,TWF
9748,H56747,H,298.56,308.83,1445,35.46,224.6,1,0,0,0,0,1,TWF
9749,H56748,H,301.83,312.99,1477,31.93,118.5,0,0,0,0,0,0,No_Failure
9750,L56749,L,297.37,307.01,1257,43.2,116.5,0,1,0,0,0,1,HDF
9751,H56750,H,299.14,310.53,1612,34.84,239.2,1,0,0,0,0,1,TWF
9752,H56751,H,299.45,310.08,1367,45.94,118.0,0,0,0,0,0,0,No_Failure
9753,L56752,L,297.48,309.24,1220,65.44,0.9,0,0,0,0,0,0,No_Failure
9754,L56753,L,299.42,310.0,1328,45.18,122.6,0,0,0,0,0,0,No_Failure
9755,M56754,M,300.44,312.3,1538,58.04,152.9,0,0,0,0,0,0,No_Failure
9756,L56755,L,296.35,306.65,1216,32.85,188.2,0,0,0,0,0,0,No_Failure
9757,M56756,M,299.21,307.84,1251,46.84,20.0,0,0,0,0,0,0,No_Failure
9758,M56757,M,296.5,305.87,1601,52.56,145.6,0,0,0,0,0,0,No_Failure
9759,L56758,L,304.08,315.1,1487,53.8,154.6,0,0,0,0,0,0,No_Failure
9760,L56759,L,300.42,311.42,1335,52.79,172.0,0,0,0,0,0,0,No_Failure
9761,H56760,H,300.25,309.94,1442,40.17,68.9,0,0,0,0,0,0,No_Failure
9762,L56761,L,300.46,312.27,1813,48.9,194.0,0,0,1,0,0,1,PWF
9763,M56762,M,301.21,310.86,1731,29.82,199.7,0,0,0,0,0,0,No_Failure
9764,L56763,L,301.96,312.42,1481,56.07,34.7,0,0,0,0,0,0,No_Failure
9765,L56764,L,296.87,307.31,1647,30.48,195.4,0,0,0,0,0,0,No_Failure
9766,M56765,M,302.62,311.29,1522,52.54,155.9,0,0,0,0,0,0,No_Failure
9767,L56766,L,302.49,312.38,1181,50.44,110.5,0,0,0,0,0,0,No_Failure
9768,M56767,M,299.87,312.25,1148,50.37,197.1,0,0,0,0,0,0,No_Failure
9769,M56768,M,299.76,308.84,1336,60.66,32.2,0,0,0,0,0,0,No_Failure
9770,L56769,L,293.79,304.42,1216,50.52,90.4,0,0,0,0,0,0,No_Failure
9771,L56770,L,297.51,306.36,1549,26.73,225.9,0,0,0,0,0,0,No_Failure
9772,M56771,M,301.04,310.11,1401,45.9,36.2,0,0,0,0,0,0,No_Failure
9773,M56772,M,302.4,310.99,1577,21.11,234.8,1,0,0,0,0,1,TWF
9774,M56773,M,301.46,312.4,1579,39.09,159.2,0,0,0,0,0,0,No_Failure
9775,M56774,M,299.85,308.98,1624,35.78,1.7,0,0,0,0,0,0,No_Failure
9776,L56775,L,303.85,315.12,1332,46.38,39.3,0,0,0,0,0,0,No_Failure
9777,L56776,L,302.01,311.48,1593,31.77,13.2,0,0,0,0,0,0,No_Failure
9778,M56777,M,299.21,309.34,1328,32.07,195.3,0,0,0,0,0,0,No_Failure
9779,M56778,M,304.36,314.78,1628,45.01,64.3,0,0,0,0,0,0,No_Failure
9780,H56779,H,297.81,306.19,1720,51.75,144.1,0,0,1,0,0,1,PWF
9781,L56780,L,297.06,307.26,1630,40.03,215.2,0,0,0,0,0,0,No_Failure
9782,M56781,M,299.16,309.51,1468,63.23,228.2,0,0,1,1,0,1,PWF
9783,M56782,M,298.48,309.62,1602,36.57,212.8,1,0,0,0,0,1,TWF
9784,L56783,L,299.27,308.31,1224,46.8,127.2,0,0,0,0,0,0,No_Failure
9785,M56784,M,301.6,310.78,1183,43.41,36.1,0,0,0,0,0,0,No_Failure
9786,M56785,M,299.93,310.59,1584,36.57,87.9,0,0,0,0,0,0,No_Failure
9787,L56786,L,299.98,311.4,1735,53.11,84.7,0,0,1,0,0,1,PWF
9788,L56787,L,300.12,309.53,1278,31.1,250.6,0,0,0,0,0,0,No_Failure
9789,L56788,L,295.38,304.14,1503,19.24,204.1,0,0,0,0,0,0,No_Failure
9790,H56789,H,296.97,306.65,1579,38.74,81.6,0,0,0,0,0,0,No_Failure
9791,L56790,L,299.23,308.22,1389,37.43,104.4,0,0,0,0,0,0,No_Failure
9792,L56791,L,298.31,308.71,1439,50.63,68.7,0,0,0,0,0,0,No_Failure
9793,L56792,L,299.54,308.46,1610,27.5,102.1,0,0,0,0,0,0,No_Failure
9794,L56793,L,302.81,313.78,1519,45.24,20.3,0,0,0,0,0,0,No_Failure
9795,L56794,L,299.85,310.06,1520,44.03,211.3,0,0,0,0,0,0,No_Failure
9796,M56795,M,297.36,308.36,1323,43.23,134.7,0,0,0,0,0,0,No_Failure
9797,L56796,L,298.41,305.99,1494,50.44,153.1,0,0,0,0,0,0,No_Failure
9798,L56797,L,303.42,311.66,1428,39.77,49.8,0,0,0,0,0,0,No_Failure
9799,L56798,L,303.06,314.36,1438,40.52,114.3,0,0,0,0,0,0,No_Failure
9800,L56799,L,301.19,310.47,1403,44.5,117.0,0,0,0,0,0,0,No_Failure
9801,L56800,L,296.88,305.41,1495,38.98,24.4,0,0,0,0,0,0,No_Failure
9802,M56801,M,300.61,310.41,1344,26.47,7.7,0,0,0,0,0,0,No_Failure
9803,M56802,M,300.77,311.01,1502,35.9,156.3,0,0,0,0,0,0,No_Failure
9804,M56803,M,300.05,309.89,1434,37.41,144.6,0,0,0,0,0,0,No_Failure
9805,L56804,L,298.86,309.33,1332,34.38,163.4,0,0,0,0,0,0,No_Failure
9806,H56805,H,299.27,309.61,1149,36.84,226.7,1,0,0,0,0,1,TWF
9807,M56806,M,298.72,309.0,1671,41.8,252.6,0,0,0,0,0,0,No_Failure
9808,L56807,L,297.71,309.06,1634,37.26,212.3,0,0,0,0,0,0,No_Failure
9809,L56808,L,302.73,312.72,1355,48.54,5.9,0,0,0,0,0,0,No_Failure
9810,M56809,M,301.76,311.72,1623,48.7,77.7,0,0,0,0,0,0,No_Failure
9811,L56810,L,299.43,310.23,1316,16.21,196.7,0,0,0,0,0,0,No_Failure
9812,L56811,L,300.7,311.26,1445,25.67,228.0,0,0,0,0,0,0,No_Failure
9813,M56812,M,300.78,309.88,1405,15.95,230.7,0,0,0,0,0,0,No_Failure
9814,L56813,L,304.69,314.59,1450,37.26,169.8,0,0,0,0,0,0,No_Failure
9815,H56814,H,301.75,312.18,1616,36.64,214.3,0,0,0,0,0,0,No_Failure
9816,L56815,L,301.67,311.08,1428,41.51,40.5,0,0,0,0,0,0,No_Failure
9817,L56816,L,300.08,309.54,1439,48.43,99.3,0,0,0,0,0,0,No_Failure
9818,L56817,L,299.13,307.74,1634,39.57,21.1,0,0,0,0,0,0,No_Failure
9819,L56818,L,302.77,309.88,1511,33.97,73.4,0,0,0,0,0,0,No_Failure
9820,H56819,H,301.3,310.93,1393,39.96,196.4,0,0,0,0,0,0,No_Failure
9821,H56820,H,298.34,308.47,1543,35.06,47.1,0,0,0,0,0,0,No_Failure
9822,H56821,H,300.91,309.81,1679,25.23,187.8,0,0,0,0,0,0,No_Failure
9823,M56822,M,301.67,313.05,1690,49.58,194.4,0,0,0,0,0,0,No_Failure
9824,L56823,L,295.81,304.76,1262,44.25,222.6,0,0,0,0,0,0,No_Failure
9825,L56824,L,298.16,309.07,1271,54.49,244.7,0,0,0,0,0,0,No_Failure
9826,L56825,L,300.73,311.14,1680,27.63,189.0,0,0,0,0,0,0,No_Failure
9827,H56826,H,296.15,308.33,1448,23.85,170.9,0,0,0,0,0,0,No_Failure
9828,L56827,L,296.47,307.01,1104,30.64,198.3,0,0,0,0,0,0,No_Failure
9829,L56828,L,299.46,308.01,1369,43.99,47.9,0,1,0,0,0,1,HDF
9830,M56829,M,300.98,312.04,1421,48.59,186.9,0,0,0,0,0,0,No_Failure
9831,M56830,M,301.08,312.77,1444,42.86,230.1,0,0,0,0,0,0,No_Failure
9832,L56831,L,303.16,311.39,1638,41.44,114.7,0,0,0,0,0,0,No_Failure
9833,M56832,M,300.16,310.8,1333,48.55,5.6,0,0,0,0,0,0,No_Failure
9834,M56833,M,299.25,310.12,1668,35.41,85.2,0,0,0,0,0,0,No_Failure
9835,H56834,H,297.39,307.17,1551,50.56,24.4,0,0,0,0,0,0,No_Failure
9836,L56835,L,299.23,306.81,1268,59.85,158.5,0,1,0,0,0,1,HDF
9837,L56836,L,301.42,311.12,1442,29.37,211.2,0,0,0,0,0,0,No_Failure
9838,L56837,L,301.51,310.92,1589,37.46,23.1,0,0,0,0,0,0,No_Failure
9839,H56838,H,300.53,312.06,1507,26.1,108.1,0,0,0,0,0,0,No_Failure
9840,H56839,H,301.09,311.01,1568,30.35,170.2,0,0,0,0,0,0,No_Failure
9841,M56840,M,302.55,312.14,1394,43.93,229.6,0,0,0,0,0,0,No_Failure
9842,L56841,L,300.15,309.56,1600,23.14,55.8,0,0,0,0,0,0,No_Failure
9843,L56842,L,302.73,313.06,1428,32.2,133.6,0,0,0,0,0,0,No_Failure
9844,M56843,M,298.55,308.6,1958,50.54,4.4,0,0,0,0,0,0,No_Failure
9845,L56844,L,299.85,309.06,1262,42.23,98.7,0,0,0,0,0,0,No_Failure
9846,M56845,M,299.04,309.3,1986,47.68,87.3,0,0,1,0,0,1,PWF
9847,H56846,H,301.59,311.03,1329,27.06,44.8,0,0,0,0,0,0,No_Failure
9848,L56847,L,297.97,305.38,1729,40.68,36.2,0,0,0,0,0,0,No_Failure
9849,L56848,L,299.36,310.02,1649,58.87,93.4,0,0,1,0,0,1,PWF
9850,L56849,L,296.28,306.85,1336,33.38,15.5,0,0,0,0,0,0,No_Failure
9851,L56850,L,301.19,311.39,1608,35.12,229.3,0,0,0,0,0,0,No_Failure
9852,M56851,M,302.49,312.05,1411,45.82,241.3,0,0,0,0,0,0,No_Failure
9853,L56852,L,301.82,311.75,1549,31.0,218.3,0,0,0,0,0,0,No_Failure
9854,L56853,L,301.63,312.44,1527,47.17,0.9,0,0,0,0,0,0,No_Failure
9855,L56854,L,301.68,311.05,1437,22.03,87.2,0,0,0,0,0,0,No_Failure
9856,L56855,L,301.4,312.26,1422,15.74,110.5,0,0,0,0,0,0,No_Failure
9857,M56856,M,301.23,309.75,1561,43.14,83.3,0,0,0,0,0,0,No_Failure
9858,M56857,M,301.36,311.53,1337,30.2,202.4,0,0,0,0,0,0,No_Failure
9859,M56858,M,298.69,308.71,1344,34.34,170.8,0,0,0,0,0,0,No_Failure
9860,M56859,M,299.6,310.6,1672,48.77,49.4,0,0,1,0,0,1,PWF
9861,L56860,L,300.14,309.22,1577,46.24,21.9,0,0,0,0,0,0,No_Failure
9862,M56861,M,299.33,308.52,1265,27.73,151.8,0,0,0,0,0,0,No_Failure
9863,L56862,L,296.87,305.47,1319,45.2,213.4,0,0,0,0,0,0,No_Failure
9864,H56863,H,297.53,306.96,1115,37.0,160.4,0,0,0,0,0,0,No_Failure
9865,L56864,L,300.46,310.72,1664,44.17,62.0,0,0,0,0,0,0,No_Failure
9866,L56865,L,301.81,310.01,1624,39.8,141.0,0,0,0,0,0,0,No_Failure
9867,L56866,L,300.02,309.58,1304,24.97,134.3,0,0,1,0,0,1,PWF
9868,M56867,M,305.53,316.14,1617,32.87,199.1,0,0,0,0,0,0,No_Failure
9869,L56868,L,298.16,308.06,1857,15.88,107.7,0,0,0,0,0,0,No_Failure
9870,H56869,H,300.89,310.97,1223,41.85,182.4,0,0,0,0,0,0,No_Failure
9871,L56870,L,302.58,311.08,1389,43.97,65.7,0,0,0,0,0,0,No_Failure
9872,H56871,H,302.13,312.03,1219,32.96,6.0,0,0,0,0,0,0,No_Failure
9873,M56872,M,301.31,311.34,1671,38.84,194.8,0,0,0,0,0,0,No_Failure
9874,L56873,L,302.14,311.98,1483,30.26,249.6,0,0,0,0,0,0,No_Failure
9875,L56874,L,300.11,310.26,1428,52.56,249.6,0,0,0,0,0,0,No_Failure
9876,L56875,L,303.33,313.02,1541,27.14,190.0,0,0,0,0,0,0,No_Failure
9877,H56876,H,302.57,312.11,1400,36.89,169.0,0,0,0,0,0,0,No_Failure
9878,H56877,H,298.3,307.26,1428,27.02,94.7,0,0,0,0,0,0,No_Failure
9879,L56878,L,300.64,311.62,1549,42.35,233.9,0,0,0,0,0,0,No_Failure
9880,L56879,L,296.91,305.68,1390,50.38,121.6,0,0,0,0,0,0,No_Failure
9881,L56880,L,303.04,313.2,1416,19.24,184.0,0,0,1,0,0,1,PWF
9882,L56881,L,300.45,312.26,1472,46.54,143.4,0,0,0,0,0,0,No_Failure
9883,M56882,M,302.7,313.8,1516,56.32,226.9,1,0,0,0,0,1,TWF
9884,L56883,L,299.78,310.29,1608,41.29,174.4,0,0,0,0,0,0,No_Failure
9885,L56884,L,296.29,306.54,1605,33.25,77.6,0,0,0,0,0,0,No_Failure
9886,H56885,H,305.27,315.15,1230,39.62,231.7,0,0,0,0,0,0,No_Failure
9887,M56886,M,300.26,309.36,1753,34.54,44.8,0,0,0,0,0,0,No_Failure
9888,M56887,M,298.0,307.75,1511,59.64,53.8,0,0,1,0,0,1,PWF
9889,L56888,L,302.29,312.87,1440,48.35,90.9,0,0,0,0,0,0,No_Failure
9890,H56889,H,304.07,314.46,1337,49.0,93.0,0,0,0,0,0,0,No_Failure
9891,M56890,M,299.6,310.38,1858,61.55,208.3,0,0,1,0,0,1,PWF
9892,M56891,M,299.8,311.02,1925,53.45,110.6,0,0,1,0,0,1,PWF
9893,L56892,L,300.48,310.32,1836,38.79,220.9,0,0,0,0,0,0,No_Failure
9894,H56893,H,297.78,307.97,1522,40.25,83.9,0,0,0,0,0,0,No_Failure
9895,M56894,M,298.62,306.72,1562,63.6,97.9,0,0,0,0,0,0,No_Failure
9896,H56895,H,303.56,315.82,1768,32.61,193.0,0,1,0,0,0,1,HDF
9897,M56896,M,299.74,309.32,1457,38.28,62.5,0,0,0,0,0,0,No_Failure
9898,M56897,M,298.32,308.98,1597,29.87,31.3,0,0,0,0,0,0,No_Failure
9899,M56898,M,299.1,308.68,1541,21.82,35.1,0,0,0,0,1,1,RNF
9900,H56899,H,302.15,311.71,1845,31.2,58.8,0,0,0,0,0,0,No_Failure
9901,L56900,L,296.05,305.81,1759,31.4,151.9,0,0,0,0,0,0,No_Failure
9902,L56901,L,300.51,309.26,1475,33.75,10.3,0,0,0,0,0,0,No_Failure
9903,M56902,M,304.92,312.44,1775,46.12,167.9,0,0,0,0,0,0,No_Failure
9904,M56903,M,304.06,315.22,1499,39.88,193.6,0,0,0,0,0,0,No_Failure
9905,M56904,M,301.15,311.69,1402,50.11,189.1,0,0,0,0,0,0,No_Failure
9906,M56905,M,302.63,311.72,1449,41.51,160.0,0,0,0,0,0,0,No_Failure
9907,M56906,M,302.61,313.07,1527,41.79,111.2,0,0,0,0,0,0,No_Failure
9908,M56907,M,299.75,310.57,1359,37.09,248.5,0,0,0,0,0,0,No_Failure
9909,L56908,L,301.85,311.16,1407,59.47,22.9,0,0,0,0,0,0,No_Failure
9910,H56909,H,303.58,313.99,1240,35.77,191.6,0,0,0,0,0,0,No_Failure
9911,L56910,L,297.47,308.48,1352,49.17,96.6,0,0,0,0,0,0,No_Failure
9912,M56911,M,301.15,309.71,1542,28.18,208.9,0,0,0,0,0,0,No_Failure
9913,H56912,H,300.72,311.26,1688,37.57,159.2,0,0,0,0,0,0,No_Failure
9914,L56913,L,300.21,310.57,1665,60.08,35.1,0,0,0,0,0,0,No_Failure
9915,L56914,L,300.03,311.91,1577,46.85,212.4,0,0,0,0,0,0,No_Failure
9916,L56915,L,300.46,311.02,1225,26.0,19.3,0,0,0,0,0,0,No_Failure
9917,M56916,M,300.63,310.22,1345,29.68,205.1,0,0,0,0,0,0,No_Failure
9918,L56917,L,302.24,311.94,1464,56.02,143.5,0,0,0,0,0,0,No_Failure
9919,L56918,L,300.95,312.98,1673,40.88,38.1,0,0,0,0,0,0,No_Failure
9920,H56919,H,299.64,309.29,1400,37.25,150.5,0,0,0,0,0,0,No_Failure
9921,L56920,L,298.32,308.91,1280,32.21,140.4,0,0,0,0,0,0,No_Failure
9922,M56921,M,299.06,308.82,1761,36.83,80.1,0,0,0,0,0,0,No_Failure
9923,M56922,M,300.52,311.6,1368,54.14,205.5,1,0,0,0,0,1,TWF
9924,L56923,L,298.59,309.72,1297,33.0,31.9,0,0,0,0,0,0,No_Failure
9925,L56924,L,301.89,311.87,1541,33.98,35.4,0,0,0,0,0,0,No_Failure
9926,H56925,H,300.86,310.45,1491,46.0,61.3,0,0,0,0,0,0,No_Failure
9927,M56926,M,302.29,311.86,1410,29.6,219.0,0,0,0,0,0,0,No_Failure
9928,L56927,L,298.72,307.0,1500,30.65,42.0,0,0,0,0,0,0,No_Failure
9929,M56928,M,298.34,308.44,1333,40.06,204.0,0,0,0,0,0,0,No_Failure
9930,M56929,M,302.27,312.35,1408,40.31,195.7,0,0,0,0,0,0,No_Failure
9931,L56930,L,300.26,309.44,1493,31.91,154.2,0,0,0,0,0,0,No_Failure
9932,M56931,M,299.59,307.76,1134,44.73,118.8,0,1,0,0,0,1,HDF
9933,L56932,L,301.4,311.6,1672,42.19,90.1,0,0,0,0,0,0,No_Failure
9934,L56933,L,301.32,311.66,1253,20.26,54.6,0,0,0,0,0,0,No_Failure
9935,H56934,H,297.49,307.88,1331,47.8,175.8,0,0,0,0,0,0,No_Failure
9936,L56935,L,302.77,311.78,1680,34.3,116.8,0,0,0,0,0,0,No_Failure
9937,L56936,L,299.18,309.58,1602,48.06,69.3,0,0,0,0,0,0,No_Failure
9938,L56937,L,303.4,313.22,1516,60.8,82.1,0,0,0,0,0,0,No_Failure
9939,M56938,M,297.33,308.2,1193,39.33,35.3,0,0,0,0,0,0,No_Failure
9940,M56939,M,300.63,309.66,1391,33.55,11.3,0,0,0,0,0,0,No_Failure
9941,H56940,H,299.63,310.78,1461,53.79,110.9,0,0,0,0,0,0,No_Failure
9942,L56941,L,296.05,307.56,1474,31.61,247.0,0,0,0,0,0,0,No_Failure
9943,M56942,M,301.32,311.43,1705,58.92,238.7,0,0,0,0,0,0,No_Failure
9944,M56943,M,296.15,306.56,1859,35.36,34.3,0,0,0,0,0,0,No_Failure
9945,L56944,L,299.42,310.2,1611,33.73,139.5,0,0,0,0,0,0,No_Failure
9946,L56945,L,302.21,311.18,1404,63.66,88.0,0,0,0,0,0,0,No_Failure
9947,H56946,H,298.94,308.45,1719,43.63,164.4,0,0,0,0,0,0,No_Failure
9948,L56947,L,298.19,308.38,1394,56.22,6.9,0,0,0,0,0,0,No_Failure
9949,M56948,M,301.6,313.63,1028,39.74,137.5,0,0,0,0,0,0,No_Failure
9950,M56949,M,299.5,308.3,1275,39.03,116.7,0,0,0,0,0,0,No_Failure
9951,L56950,L,299.19,310.83,1073,10.75,142.0,0,0,0,0,0,0,No_Failure
9952,H56951,H,302.55,312.36,1431,50.12,38.5,0,0,0,0,0,0,No_Failure
9953,H56952,H,297.67,307.63,1468,43.85,156.5,0,0,0,0,0,0,No_Failure
9954,L56953,L,299.08,310.3,1213,38.88,75.0,0,0,0,0,0,0,No_Failure
9955,M56954,M,301.73,313.75,1346,45.92,128.6,0,0,0,0,0,0,No_Failure
9956,L56955,L,297.54,307.96,1243,40.38,219.9,0,0,0,0,0,0,No_Failure
9957,M56956,M,303.55,314.72,1477,30.57,23.7,0,0,0,0,0,0,No_Failure
9958,L56957,L,299.57,308.65,1346,43.63,100.6,0,0,0,0,0,0,No_Failure
9959,L56958,L,301.75,311.22,1682,38.09,138.7,0,0,0,0,0,0,No_Failure
9960,L56959,L,301.74,310.39,1531,47.41,104.4,0,0,0,0,0,0,No_Failure
9961,L56960,L,299.7,309.18,1789,37.2,121.3,0,0,0,0,0,0,No_Failure
9962,L56961,L,299.04,309.61,1418,35.31,182.3,0,0,0,0,0,0,No_Failure
9963,L56962,L,299.91,310.13,1886,34.56,169.5,0,0,0,0,0,0,No_Failure
9964,H56963,H,301.43,313.15,1500,31.16,120.7,0,0,0,0,0,0,No_Failure
9965,L56964,L,298.03,310.08,1405,34.77,65.0,0,0,0,0,0,0,No_Failure
9966,L56965,L,297.59,307.46,1934,44.32,65.3,0,0,0,0,0,0,No_Failure
9967,L56966,L,302.97,312.29,1171,32.5,193.3,0,0,0,0,0,0,No_Failure
9968,M56967,M,298.53,309.69,1401,28.25,113.9,0,0,0,0,0,0,No_Failure
9969,L56968,L,300.71,311.97,1200,47.89,83.3,0,0,0,0,0,0,No_Failure
9970,M56969,M,299.6,310.04,1169,38.62,173.3,0,0,0,0,0,0,No_Failure
9971,M56970,M,299.68,310.39,1128,47.68,127.2,0,0,0,0,0,0,No_Failure
9972,L56971,L,302.86,313.41,1611,37.8,111.6,0,0,0,0,0,0,No_Failure
9973,H56972,H,299.83,308.84,1261,34.28,35.1,0,0,0,0,0,0,No_Failure
9974,L56973,L,299.29,308.07,1454,22.57,227.9,0,0,0,0,0,0,No_Failure
9975,M56974,M,299.46,309.41,1661,28.7,210.1,0,0,0,0,0,0,No_Failure
9976,L56975,L,298.99,308.79,1583,31.27,211.8,0,0,0,0,0,0,No_Failure
9977,M56976,M,298.66,308.94,1575,42.81,47.4,0,0,0,0,0,0,No_Failure
9978,H56977,H,299.0,308.87,1718,38.91,127.6,0,0,0,0,0,0,No_Failure
9979,L56978,L,303.33,311.62,1790,29.74,239.8,0,0,0,0,0,0,No_Failure
9980,L56979,L,301.42,309.31,1275,12.19,234.7,0,1,0,0,0,1,HDF
9981,L56980,L,299.31,310.05,1587,44.63,9.8,0,0,0,0,0,0,No_Failure
9982,L56981,L,301.96,311.3,1451,48.77,1.7,0,0,0,0,0,0,No_Failure
9983,H56982,H,296.83,306.59,1474,49.65,129.3,0,0,0,0,0,0,No_Failure
9984,M56983,M,302.75,312.19,1228,30.35,53.6,0,0,0,0,0,0,No_Failure
9985,M56984,M,302.59,311.68,1404,50.27,53.2,0,0,0,0,0,0,No_Failure
9986,H56985,H,304.47,313.53,1424,45.66,117.6,0,0,0,0,0,0,No_Failure
9987,H56986,H,302.02,313.04,1757,45.61,11.9,0,0,0,0,0,0,No_Failure
9988,H56987,H,300.87,310.64,1292,33.91,169.4,0,0,0,0,0,0,No_Failure
9989,L56988,L,302.58,313.22,1071,38.67,88.8,0,0,0,0,0,0,No_Failure
9990,L56989,L,298.75,309.52,1499,58.32,18.5,0,0,0,0,0,0,No_Failure
9991,L56990,L,299.21,309.53,1274,56.77,214.9,0,0,0,0,0,0,No_Failure
9992,L56991,L,299.87,310.67,1475,39.52,132.7,0,0,0,0,0,0,No_Failure
9993,L56992,L,302.74,312.75,1619,41.92,231.5,0,0,0,0,0,0,No_Failure
9994,L56993,L,298.29,309.65,1482,18.05,1.1,0,0,1,0,0,1,PWF
9995,L56994,L,298.08,308.9,1422,52.04,147.9,0,0,0,0,0,0,No_Failure
9996,L56995,L,300.47,311.43,1472,47.46,118.9,0,0,0,0,0,0,No_Failure
9997,L56996,L,301.44,310.5,1653,43.45,237.2,0,0,0,0,0,0,No_Failure
9998,L56997,L,298.59,308.86,1292,33.98,44.7,0,0,0,0,0,0,No_Failure
9999,L56998,L,301.34,309.51,1631,40.66,138.1,0,0,0,0,0,0,No_Failure
10000,L56999,L,302.74,314.14,1319,54.66,43.6,0,0,0,0,0,0,No_Failure
